year,month,lat_grid,lon_grid,ndvi,temp_max_c,precip_mm,wind_speed,soil_moisture,pot_evap_mm,fire_count,fire_occurred
2019,1,32.0,-117.0,0.356728125,16.046313258140337,61.85034186485794,1.0742574240069351,0.2590234503951124,145.28746413998306,0,0
2019,1,32.0,-116.0,0.23405625000000002,18.947026348114036,26.587828890416887,1.3285718600542535,0.14838359689199793,111.2254005856812,0,0
2019,1,32.0,-115.0,0.230834375,20.139359185003485,12.428477768782642,2.000766743488749,0.09630038404977447,132.05939857289195,0,0
2019,1,33.0,-119.0,0.3794875,16.67829949163624,109.16344950813439,0.9101908044294096,0.2991587833691669,69.91355866193771,0,0
2019,1,33.0,-118.0,0.4131875,17.125813067856683,114.96645850656815,0.6812559718836055,0.3082782820561453,107.85098069657882,0,0
2019,1,33.0,-117.0,0.311971875,16.13154836162446,59.564263922158744,0.9399611284514116,0.2307702524046744,136.5871395682916,0,0
2019,1,33.0,-116.0,0.1931765625,17.745181232883112,22.405292968262103,1.4458346216827742,0.09723992661763259,77.40258192643523,0,0
2019,1,33.0,-115.0,0.1816421875,18.648363224152618,18.56621041800466,2.321733593823435,0.07685146633014879,104.2237791698426,0,0
2019,1,34.0,-121.0,0.590975,15.599247202309215,177.56625673640158,0.669129474065966,0.3467279241076507,184.72227733582258,0,0
2019,1,34.0,-120.0,0.5010386363636363,14.570458342998744,180.25107427293807,1.00139549390933,0.33417902524170634,220.3358948004968,0,0
2019,1,34.0,-119.0,0.3873653846153846,15.192586208119508,138.94026359139272,1.060967045895311,0.2909145700987423,151.1925137959994,0,0
2019,1,34.0,-118.0,0.3071203125,15.502691518106793,92.53977694455173,0.9394487251131832,0.25366335177934296,106.81157326325774,0,0
2019,1,34.0,-117.0,0.204328125,13.828610961667977,35.77273119147506,0.775747968468624,0.15630462060692485,108.33935905247927,0,0
2019,1,34.0,-116.0,0.1354234375,16.10985393216535,20.95885750744131,1.588653375437851,0.08749389680483004,65.069321077317,0,0
2019,1,34.0,-115.0,0.149315625,17.305978954992007,31.796487643379834,2.174308457578724,0.1073758284891805,92.94601809233427,0,0
2019,1,35.0,-122.0,0.6258875,14.935157271354456,195.18112334329274,0.7174348715870503,0.3671645682345155,166.50428902357814,0,0
2019,1,35.0,-121.0,0.5392692307692308,15.564265667179406,146.9829986629112,0.8853781084048022,0.3624886342372847,106.30847652180074,0,0
2019,1,35.0,-120.0,0.4326859375,15.667464282435784,87.10778261441376,0.97626910920576,0.34729295904918384,83.42236536554992,0,0
2019,1,35.0,-119.0,0.354146875,13.413970911887407,84.48382875788596,1.1016785013057624,0.3145882551388074,94.77565996348858,0,0
2019,1,35.0,-118.0,0.1355015625,13.795458089151715,49.58357744756725,0.9755566567147336,0.15658920522659053,50.21894408855587,0,0
2019,1,35.0,-117.0,0.0973421875,14.822017841954406,28.249784036535885,0.8629260484444429,0.10677958880701369,54.021728108637035,0,0
2019,1,35.0,-116.0,0.1319859375,13.04769221736542,28.051094747144845,1.7698774887663065,0.11660764390422448,57.32585315126926,0,0
2019,1,35.0,-115.0,0.15503125,13.119674531875145,45.25832984502998,2.3339320974410898,0.15637527165874354,66.07666984200478,0,0
2019,1,36.0,-122.0,0.5603136363636364,14.502217876177047,158.3690770263042,1.2683059302425557,0.3612455529318294,118.32383980579448,0,0
2019,1,36.0,-121.0,0.46355,14.959398488075522,97.2255178624728,0.9853857033985086,0.3704724657920099,93.1245187530294,0,0
2019,1,36.0,-120.0,0.43879531250000003,15.859133769619866,97.02919785771158,0.931142480161627,0.35639677509184803,88.29691412393004,0,0
2019,1,36.0,-119.0,0.3076359375,7.08736548423769,160.25309696700063,1.0912041777968422,0.3798096939440696,102.83461643848568,0,0
2019,1,36.0,-118.0,0.11350625,10.346072799928752,53.86115344147768,0.8450417300445823,0.19037476534484532,34.48324662167579,0,0
2019,1,36.0,-117.0,0.1055890625,13.649774808268415,28.563415528271463,1.3345071533938873,0.11584503580165162,46.745303203351796,0,0
2019,1,36.0,-116.0,0.1452453125,10.27607196684809,33.790699102912214,1.1686362090428166,0.15490580406240234,49.26533403340727,0,0
2019,1,36.0,-115.0,0.1426265625,12.022028133946101,44.44143491703656,1.8993457012344148,0.1646324511497251,53.18256944883615,0,0
2019,1,37.0,-123.0,0.5910625,14.176218697332573,153.4667363287845,0.92299057945317,0.3755544770148493,140.9698356874287,0,0
2019,1,37.0,-122.0,0.5794343750000001,14.474003689776207,144.9875964059769,1.0692767763731084,0.36876116271087345,112.48171341139823,0,0
2019,1,37.0,-121.0,0.51785,15.305258907810359,106.78048817347374,1.3768672000653563,0.35515181511961,72.85274914465845,0,0
2019,1,37.0,-120.0,0.424821875,10.214104586262888,203.3283346230128,1.237014482018944,0.39168344518189785,141.61810069344938,0,0
2019,1,37.0,-119.0,0.1128125,1.4989176750183368,145.69539240467932,1.3693534341149955,0.30243922337408985,40.40083533618599,0,0
2019,1,37.0,-118.0,0.1091953125,7.585166888083201,39.31313346977916,0.6850328940984489,0.19644433932919655,32.007144996896386,0,0
2019,1,37.0,-117.0,0.1285109375,7.95279833116841,29.789399485100176,1.413433755844218,0.16088507636900867,45.130415237508714,0,0
2019,1,37.0,-116.0,0.1307234375,7.754448416925264,32.63372428621736,1.458180647483276,0.2156269752210186,39.183739107102156,0,0
2019,1,37.0,-115.0,0.187109375,7.969792630595567,53.97306907828536,2.0541935513526304,0.27895854493623135,40.59109021909535,0,0
2019,1,38.0,-124.0,0.671815,13.195583655244594,239.45303961851582,1.1787275859626112,0.3834337654934134,286.29746635754907,0,0
2019,1,38.0,-123.0,0.613790625,14.075369453430199,213.92290539946046,0.9911762325834276,0.380871251385699,136.5185083122924,0,0
2019,1,38.0,-122.0,0.488809375,14.660702585404941,176.2645944384822,1.3240277099313675,0.3810522315963622,74.84730856958777,0,0
2019,1,38.0,-121.0,0.5116265625,12.127927021826487,249.676969497461,1.4133792131263776,0.4187151930665457,215.05763451568782,0,0
2019,1,38.0,-120.0,0.175075,2.4009707235521063,188.3856231709906,1.4595439317017584,0.36961525229997527,76.27280056476593,0,0
2019,1,38.0,-119.0,0.0929328125,4.645638845812915,42.19725740979996,1.6823526891657528,0.3051279969112847,19.728275132365525,0,0
2019,1,38.0,-118.0,0.0868953125,4.843209831176292,27.898072860200074,1.6198745960999752,0.22734813215912025,29.853411484509706,0,0
2019,1,38.0,-117.0,0.1314015625,2.6331233624489307,34.32722123246279,1.054975687354237,0.2661957038987067,20.60517796780914,0,0
2019,1,38.0,-116.0,0.1114265625,3.860961847920592,30.453415484164026,1.1050912144297584,0.32915902778666506,26.409978163428605,0,0
2019,1,38.0,-115.0,0.139703125,1.3926115297502264,46.168311395678785,0.914986575284958,0.38541409341237876,14.816870330832899,0,0
2019,1,39.0,-124.0,0.6542,12.597459396239273,240.50045375618723,0.9876336310051066,0.3864639529617883,214.8551931604743,0,0
2019,1,39.0,-123.0,0.4745875,12.399539604494667,217.2515435507485,0.6119642383629611,0.39313654008732046,143.4930112445727,0,0
2019,1,39.0,-122.0,0.41921093750000005,14.314149382806619,223.3885129811206,1.1665708381909177,0.3873610227338729,111.65863566566259,0,0
2019,1,39.0,-121.0,0.410915625,7.404355828992802,324.7158007128128,1.1381636057439344,0.46668973372828576,205.2657256135717,0,0
2019,1,39.0,-120.0,0.157490625,4.586156802023634,112.25139479059365,1.0160923925070613,0.40482176696100536,36.004696041345596,0,0
2019,1,39.0,-119.0,0.1036546875,8.057866960956225,33.19214483629551,1.556431548956136,0.24711509513598612,33.494179137051105,0,0
2019,1,39.0,-118.0,0.0974296875,1.8214952053562499,41.27182335499313,1.7812366192891476,0.30020817825871127,12.272972147911787,0,0
2019,1,39.0,-117.0,0.0643921875,-0.5504568130739038,32.57581301871326,1.4026310781022655,0.30343911949024405,7.904617232270539,0,0
2019,1,39.0,-116.0,0.0713046875,-0.19262647321144757,34.89651194680121,1.182663164528164,0.3778920385145371,10.959915583953261,0,0
2019,1,39.0,-115.0,0.0966328125,-0.43029205722191577,38.42034879047063,1.3903071194044505,0.35320400166255167,13.66492360830307,0,0
2019,1,40.0,-125.0,0.723525,12.954075414732833,258.7318213967984,2.0333068229180267,0.38031482240774866,253.79103008243771,0,0
2019,1,40.0,-124.0,0.66958125,10.970081378567627,241.5068115936556,1.8344748421410968,0.42741154598933395,196.10922201536596,0,0
2019,1,40.0,-123.0,0.5382578125,11.5214962144052,241.69019692483928,0.7096349889573288,0.44433503766213694,137.29115366004407,0,0
2019,1,40.0,-122.0,0.450346875,8.048004238067154,244.19414218421662,1.556028820971849,0.43425408165941953,150.43255558703095,0,0
2019,1,40.0,-121.0,0.200159375,2.9078759408766466,141.19136183429148,1.557250499766156,0.4287470604783745,62.55924096331,0,0
2019,1,40.0,-120.0,0.0882546875,4.734530352007976,69.02732550073054,0.6663094732833994,0.33489724545068633,13.862555380910635,0,0
2019,1,40.0,-119.0,0.10992656249999999,5.037227218381844,43.883084448982146,0.9884624472258364,0.31597404646617105,20.404691924341023,0,0
2019,1,40.0,-118.0,0.0804640625,1.0560380366540976,48.279729335565236,1.1116735485355738,0.3381755281520146,8.992362767457962,0,0
2019,1,40.0,-117.0,0.0610078125,-1.0708044159796763,39.16067573148396,1.5690290196283188,0.32258338569312967,3.2333891140297055,0,0
2019,1,40.0,-116.0,0.02239375,-2.3130364541084347,44.001245302144554,1.756143470861386,0.38301349006673335,5.677057662978768,0,0
2019,1,40.0,-115.0,0.060409375,-0.36113989430087307,27.10822353977349,1.7514076308406927,0.31282081559140196,10.960958781652153,0,0
2019,1,41.0,-124.0,0.6279916666666667,9.932525240990454,269.6291828839486,2.543963818955892,0.43322764570995037,205.96346702012752,0,0
2019,1,41.0,-123.0,0.4459296875,6.47808810510945,250.10632433835053,0.880832672444401,0.4663677436690177,118.43394581228495,0,0
2019,1,41.0,-122.0,0.3707578125,6.4545217360219915,185.1905364440718,1.957497627797324,0.45881168303951136,105.75717862229794,0,0
2019,1,41.0,-121.0,0.1475796875,3.1372494882153177,91.72674560825911,2.29149306682226,0.3746632465752222,40.630937088280916,0,0
2019,1,41.0,-120.0,0.0400625,-0.04610698146202453,61.29164378065255,2.1485362869120608,0.3010871875029738,2.056350582279265,0,0
2019,1,41.0,-119.0,0.05033125,2.6580126162498487,41.860879295501974,1.0955677357935203,0.32186997577708254,9.894380462355912,0,0
2019,1,41.0,-118.0,0.0631828125,0.10981493150037025,43.6283772708812,1.2670239919592068,0.3146225761982702,5.5359575198963284,0,0
2019,1,41.0,-117.0,0.0011718750000000006,-1.851215982437111,40.22094038221624,2.9581582933841384,0.26778471213515087,3.9750552969053388,0,0
2019,1,41.0,-116.0,-0.0150171875,-2.8931480653824124,39.44455705489602,1.4899496309460272,0.30156266080435884,9.321317076683044,0,0
2019,1,41.0,-115.0,0.00990625,-3.3603671258495424,31.962025574404862,1.2897640495742608,0.29007158933147303,5.852801026776433,0,0
2019,2,32.0,-117.0,0.419675,12.664306735992454,134.43588423816522,2.7339075667237704,0.33258885287103196,127.50620022416115,0,0
2019,2,32.0,-116.0,0.257915625,18.579693940707635,27.69066165475209,2.39158221141414,0.14952424381460458,146.1207289248705,0,0
2019,2,32.0,-115.0,0.240615625,19.482184352193585,14.184434947502211,1.674656610891356,0.08674513300259902,152.2036532405764,0,0
2019,2,33.0,-119.0,0.42003750000000006,14.17054138183596,113.63096772966942,3.535945735534586,0.3482183672132947,97.00103104114532,0,0
2019,2,33.0,-118.0,0.448105,13.764281213851223,176.75183094380458,1.3769721255315055,0.3731383064436534,111.35447143266597,0,0
2019,2,33.0,-117.0,0.34424375,12.561814573832937,142.4507869434919,2.1462898013535123,0.31771321949504666,114.38474559690803,0,0
2019,2,33.0,-116.0,0.211321875,16.420655235222434,32.45606324909289,1.991648956556321,0.11161610732475911,101.52155312243849,0,0
2019,2,33.0,-115.0,0.1956953125,17.873562678269003,24.10863368114491,1.8417394738932789,0.07388965750024429,125.2578953281045,0,0
2019,2,34.0,-121.0,0.6449625000000001,12.534631188710563,145.3809572566366,2.0485674957188214,0.38422912690374583,257.37130657459295,0,0
2019,2,34.0,-120.0,0.542384090909091,10.569394564112569,161.22364817940806,3.883942485904025,0.3809333121105706,206.3795496907198,0,0
2019,2,34.0,-119.0,0.42146730769230767,11.0629397479606,137.85320624433731,2.329115686227135,0.36768856691935703,128.4940769083989,0,0
2019,2,34.0,-118.0,0.3464890625,11.617074014459355,154.77402885718305,2.857356449443881,0.35342216456220266,92.6740983268246,0,0
2019,2,34.0,-117.0,0.2247296875,10.588746949604598,88.13303876942058,2.3694396673750355,0.23819577942291892,95.48746014479548,0,0
2019,2,34.0,-116.0,0.1506734375,14.400904171807447,35.505731173735455,1.2873224762545163,0.12021419334979282,76.31131156813353,0,0
2019,2,34.0,-115.0,0.1802328125,16.10329652854376,39.470867070313886,1.178875224641854,0.12859777999775748,105.25281995069236,0,0
2019,2,35.0,-122.0,0.651875,11.644176646641341,204.04869928298552,1.4940496993239427,0.39297277586800716,235.3810053318739,0,0
2019,2,35.0,-121.0,0.5966288461538461,12.022311587211439,155.3835361518891,1.4785648849279007,0.40257209663134935,132.4682442041544,0,0
2019,2,35.0,-120.0,0.50378125,12.276157287188962,100.22769337793846,1.6201526609113854,0.4126988908364659,90.10843141004443,0,0
2019,2,35.0,-119.0,0.37685,8.844248798915338,124.13898092037101,2.3164650544957617,0.3876259614314352,74.83592093922198,0,0
2019,2,35.0,-118.0,0.1763125,10.603052285739373,50.98535637645085,2.71301260959603,0.2542207368782588,61.05197954457253,0,0
2019,2,35.0,-117.0,0.111690625,12.838167984145052,38.322459955644206,2.5879027352140977,0.1621742081784066,70.12852327898145,0,0
2019,2,35.0,-116.0,0.13725625,10.562667252336247,52.347804701831535,1.6474434640242657,0.20652914402030761,63.44081647694111,0,0
2019,2,35.0,-115.0,0.1815453125,11.64512083530428,62.73768428055604,1.7495255523003896,0.24704101894583014,69.82058845460415,0,0
2019,2,36.0,-122.0,0.5840886363636364,10.819701754582411,213.36356923681294,1.3969171137109595,0.39497149885130817,148.55667700370154,0,0
2019,2,36.0,-121.0,0.52575,11.46751498494831,122.18738165957888,1.4629270101143383,0.4178689711150669,109.20248122420162,0,0
2019,2,36.0,-120.0,0.492453125,13.188933587074299,159.74480035057326,1.1307615148098815,0.38521131092593786,103.03147789090872,0,0
2019,2,36.0,-119.0,0.260446875,1.8284039599555157,293.99983706226607,1.3455997553618304,0.39303843677043915,65.6380271539092,0,0
2019,2,36.0,-118.0,0.110403125,6.980241206714098,83.40769987827201,1.3104359428455852,0.30459527600379216,38.19477744400501,0,0
2019,2,36.0,-117.0,0.1064265625,11.442927830559881,45.06005351705511,1.7892579933726651,0.1952379839051337,61.08077161479741,0,0
2019,2,36.0,-116.0,0.1322484375,7.256473653657125,68.08970966650207,1.5939970877927951,0.2686972124945549,49.87744311802089,0,0
2019,2,36.0,-115.0,0.1516453125,10.415570703574609,77.35751970013638,1.486328955763972,0.27704440660419916,57.86386027466506,0,0
2019,2,37.0,-123.0,0.604375,11.670199864251288,242.1479882234152,2.160716364569069,0.39298522614297404,197.37604167312384,0,0
2019,2,37.0,-122.0,0.6184921875,11.467468811216829,212.7335924216922,2.2272389638346155,0.39869454976112123,155.9728515955309,0,0
2019,2,37.0,-121.0,0.5680984375,12.886275778497989,168.0788621799465,1.6113732333878312,0.3893548867532185,97.67811780329794,0,0
2019,2,37.0,-120.0,0.40861250000000005,5.45767840487618,406.5227159792002,1.886033008537543,0.4047074672721681,112.27564502041787,0,0
2019,2,37.0,-119.0,0.0771671875,-3.678348905699572,296.60627157701214,2.051526055147057,0.31394504400945844,26.31806372664869,0,0
2019,2,37.0,-118.0,0.0937359375,2.9364876338413985,78.78576480126043,1.2722109312029912,0.30260569070066723,25.83024010527879,0,0
2019,2,37.0,-117.0,0.1236546875,4.343715252195111,52.611303332206205,1.7895740354356349,0.26077032195670263,50.129701383411884,0,0
2019,2,37.0,-116.0,0.1208046875,4.948540825503237,57.736553766709164,1.152705402154802,0.3157864209441911,45.10119021870196,0,0
2019,2,37.0,-115.0,0.1911125,5.364251777103991,91.03479474125464,1.5753744986609977,0.3842095395638829,37.41512622218579,0,0
2019,2,38.0,-124.0,0.6619316666666667,10.058866282871827,484.0539432002918,1.152343633315152,0.3953760737464541,358.6192512263854,0,0
2019,2,38.0,-123.0,0.6348265625,10.93979519775938,386.8420969722237,1.550176617400786,0.39408344562564573,168.3850537519902,0,0
2019,2,38.0,-122.0,0.5272703125,12.211727850777784,261.03510991944034,2.077575093776796,0.4007195908398855,105.85160821210593,0,0
2019,2,38.0,-121.0,0.47521562500000003,7.206136194297265,423.48631359910627,2.0238512945468563,0.43179492439542494,157.10514958482236,0,0
2019,2,38.0,-120.0,0.117678125,-2.650069890703456,364.2948030521538,1.959835278530496,0.3833843022584915,62.99199175555259,0,0
2019,2,38.0,-119.0,0.08118125,-0.43641022103171784,97.01877092285116,2.0807590681997565,0.34815764249790276,9.048242354765534,0,0
2019,2,38.0,-118.0,0.080140625,0.4427409529686166,59.97404833598097,1.7607266217379072,0.28327925716127667,20.942232804372907,0,0
2019,2,38.0,-117.0,0.1062546875,-1.6260542767388237,63.15859458683093,1.4194850035629425,0.322770085363161,11.080130469053984,0,0
2019,2,38.0,-116.0,0.0960296875,0.4076970577240218,51.76574089838226,1.1992046536251453,0.4232725096600396,22.77788193896413,0,0
2019,2,38.0,-115.0,0.111359375,-1.3704029049191853,73.3660485622849,2.293170902652265,0.44266620846021737,6.909182411618531,0,0
2019,2,39.0,-124.0,0.662715625,7.951345828601312,436.0551690244492,0.3584706524388726,0.40614608852636247,192.03350343741477,0,0
2019,2,39.0,-123.0,0.4837,7.989451759202161,371.4904531863894,0.8698313449617793,0.4097635213817869,138.66724236868322,0,0
2019,2,39.0,-122.0,0.437825,10.802264572892895,362.38599666668136,1.9034840068193468,0.4035420591632525,113.75295394100249,0,0
2019,2,39.0,-121.0,0.3136,1.8262368798256148,561.2168293939349,1.8448967107813068,0.46325452377398807,135.5007808888331,0,0
2019,2,39.0,-120.0,0.116590625,0.9955409952572651,211.99027174426277,1.5756211657998964,0.4285823071286792,33.16527185961604,0,0
2019,2,39.0,-119.0,0.1012125,5.137026771477313,70.56285306153853,1.6663395070310132,0.32042616534800755,35.20290437154472,0,0
2019,2,39.0,-118.0,0.0943234375,-2.037942084244296,81.88662426820059,2.031680219676093,0.32368042994113194,5.477324244566262,0,0
2019,2,39.0,-117.0,0.06783125,-3.6088655488831414,61.53759132413228,2.127902600844201,0.3340474501961753,3.965955344028771,0,0
2019,2,39.0,-116.0,0.0704,-3.04159084217887,55.91670288978179,2.6301820807954,0.4272600969388371,5.352345644496381,0,0
2019,2,39.0,-115.0,0.082625,-3.0405821016856436,58.32539387321134,2.398320043494869,0.3852768962581952,9.559634025208652,0,0
2019,2,40.0,-125.0,0.726,9.212243864271423,371.5148045553581,0.2415433528419428,0.4072579277886284,247.29579562942186,0,0
2019,2,40.0,-124.0,0.59389375,5.745545780658748,398.7368597210761,0.4469334962735991,0.43975402485756643,159.07949744723737,0,0
2019,2,40.0,-123.0,0.50361875,6.634038628850689,367.0983966933008,1.1919882640369956,0.45408685860179715,124.3843890260905,0,0
2019,2,40.0,-122.0,0.3856671875,3.0351782032421823,404.63181054493447,1.825885549689388,0.43308278031292413,113.25509683229029,0,0
2019,2,40.0,-121.0,0.1313515625,-0.3147702114922417,273.3741759349968,1.6846850495435786,0.43285546026059557,71.45965960808098,0,0
2019,2,40.0,-120.0,0.0757390625,1.8475006154605502,119.01267483172973,1.6100370058681417,0.37399054673456006,9.822814259678125,0,0
2019,2,40.0,-119.0,0.11125312500000001,2.6220977663994027,81.90591079456766,1.9784145479438844,0.35957901357185273,17.32445158995688,0,0
2019,2,40.0,-118.0,0.1009734375,-0.07255651099339386,81.254225972053,1.3890674872083864,0.36700829792590367,4.39976982306689,0,0
2019,2,40.0,-117.0,0.073559375,-1.8857472521917984,66.67389935156365,2.057167048473881,0.3689855315855571,2.8072736458852887,0,0
2019,2,40.0,-116.0,0.020815625,-3.652479195594779,67.6339131807353,2.334160459373282,0.3962003890247572,7.573038223199546,0,0
2019,2,40.0,-115.0,0.0660828125,-0.9863175732748672,40.8917079241391,2.728581895424675,0.36289969583352405,15.914346557110548,0,0
2019,2,41.0,-124.0,0.548625,4.612269680083761,397.74362426007616,1.0427090710331255,0.44337933959153586,169.73461628788044,0,0
2019,2,41.0,-123.0,0.33873593750000003,1.6245633551052876,349.781370771062,0.973608661736755,0.4569969106288183,107.79598099179566,0,0
2019,2,41.0,-122.0,0.2634328125,1.5581145984786104,291.5085750193711,2.365010940180927,0.45077559600273764,84.8429164616391,0,0
2019,2,41.0,-121.0,0.0990609375,-0.7042489715984708,161.77929663373192,2.595586887603386,0.3827460876532963,36.484147887676954,0,0
2019,2,41.0,-120.0,0.0376875,-2.252072051593224,104.20853300293942,3.146951837092445,0.33465829243262607,2.6509680319577456,0,0
2019,2,41.0,-119.0,0.0814796875,1.4091513940266402,81.92554284160991,1.8407744000330992,0.36123761712085634,13.227743562310934,0,0
2019,2,41.0,-118.0,0.09667656250000001,-0.37316489900859295,82.8897399389561,2.3661439294537976,0.34912238341002233,6.557557266205549,0,0
2019,2,41.0,-117.0,0.0211078125,-2.705755410875568,75.7045911652412,4.161837757149913,0.3066740866218294,5.763101624324918,0,0
2019,2,41.0,-116.0,-0.0234078125,-3.8855984449386334,71.75189098617096,1.970556088162516,0.31275618253719234,11.70886866748333,0,0
2019,2,41.0,-115.0,0.0061484375,-2.6209333181381,45.3304469612803,1.806485744285312,0.31989558289448417,10.069897049106658,0,0
2019,3,32.0,-117.0,0.433721875,17.390185466889427,40.20162838420305,2.1733464562737845,0.24499004438359245,221.88675543293357,0,0
2019,3,32.0,-116.0,0.263109375,25.443485847596236,6.564380404562087,2.2326684858163275,0.071994952617153,249.13111818023026,0,0
2019,3,32.0,-115.0,0.235140625,26.467769533588054,4.980508041590781,2.535641050281516,0.06777861041407428,251.48848863318563,0,0
2019,3,33.0,-119.0,0.43560000000000004,16.86820127425659,49.000391074478955,3.6557630806747263,0.2804068339768276,122.38115258514881,0,0
2019,3,33.0,-118.0,0.4474525,17.45812788932556,72.32305353726977,1.4663870990918833,0.32391165200100147,165.23261095086733,0,0
2019,3,33.0,-117.0,0.35295624999999997,18.711237764358543,39.48104734441671,1.8767156539225776,0.21941920153556327,218.5705783776939,0,0
2019,3,33.0,-116.0,0.2037796875,23.585469679678663,10.551452440232367,2.111775580714883,0.050232511374258174,186.63312774151564,0,0
2019,3,33.0,-115.0,0.183309375,25.046768599171816,6.91438074132833,2.359184631565848,0.03701691345501967,220.00818978995085,0,0
2019,3,34.0,-121.0,0.6618250000000001,15.432374552244823,83.58672722772789,2.8986562298166785,0.34023928129544817,261.9915343821049,0,0
2019,3,34.0,-120.0,0.5550659090909091,14.86041376182879,85.00810968090762,4.935118343683476,0.32931264179387587,352.3861552503976,0,0
2019,3,34.0,-119.0,0.4340153846153846,16.500883844216293,70.52461560032187,1.6505788975876077,0.29906985054405255,247.6684511758578,0,0
2019,3,34.0,-118.0,0.37051093749999997,17.50998655749908,66.151886749104,2.366969320816987,0.26632190519763577,179.48003625497222,0,0
2019,3,34.0,-117.0,0.2446609375,17.7102142103257,27.959693958074183,2.124158119093972,0.1432940501679656,202.69259554333985,0,0
2019,3,34.0,-116.0,0.1482921875,22.097122426186868,16.440232320711345,1.2691059518743093,0.04750851726019249,150.60900151729584,0,0
2019,3,34.0,-115.0,0.1913265625,23.784989952272007,13.2285468643758,1.0590597097879788,0.053147905936805094,201.37151749804616,0,0
2019,3,35.0,-122.0,0.6713375,15.44892980514038,102.08568097001347,0.9906706834959692,0.3685294274360903,282.32856653630733,0,0
2019,3,35.0,-121.0,0.6127923076923077,16.44224174632035,72.50681496277714,1.4154753981976922,0.3576365795088169,181.4883240044881,0,0
2019,3,35.0,-120.0,0.5083125000000001,17.671095551213938,57.274718106747,1.07022575232859,0.3276716025285823,171.38365050777793,0,0
2019,3,35.0,-119.0,0.4180625,15.117173221034417,70.05131923502717,2.0558713413987704,0.3179191972619744,176.43202969338745,0,0
2019,3,35.0,-118.0,0.21718125,17.953285074234035,30.8187827831361,2.687064656821853,0.13337298843168438,134.4327658880502,0,0
2019,3,35.0,-117.0,0.1339578125,20.534955643069377,23.885804497659535,2.612854907375506,0.06846356167588177,146.37442387174815,0,0
2019,3,35.0,-116.0,0.1517203125,18.30876496068895,23.192551721841426,1.031201750932248,0.08498504149016509,139.53587459400296,0,0
2019,3,35.0,-115.0,0.2136390625,19.678490180353986,20.35427586084637,1.1552851629445513,0.10662996608723871,155.1267229951918,0,0
2019,3,36.0,-122.0,0.6115113636363637,14.868378625983501,109.19151428459844,0.8773820751144191,0.371648027283938,190.7040573317896,0,0
2019,3,36.0,-121.0,0.5417078125,16.719018931542696,60.26216343885693,0.9654898921557368,0.36894789081747814,190.12022041715682,0,0
2019,3,36.0,-120.0,0.48115,18.685087299346947,104.29890038354728,0.8406984433335676,0.34286939360762153,188.8030053814873,0,0
2019,3,36.0,-119.0,0.2858890625,7.387194721160416,167.1781973345432,0.993976272269515,0.3995449610294834,147.11801789235324,0,0
2019,3,36.0,-118.0,0.128965625,14.364607837123273,57.972834947541685,0.7182805754554704,0.23554992771917768,97.36535605043173,0,0
2019,3,36.0,-117.0,0.1223796875,19.191270823632543,30.92194096094403,1.0153268856603817,0.09923240318093246,126.82545743882656,0,0
2019,3,36.0,-116.0,0.1432609375,15.020286609280511,41.13743550984594,0.9471352273959838,0.1971853144707218,119.4564433535561,0,0
2019,3,36.0,-115.0,0.17209375,18.062653521568567,31.792896603256793,0.838635056458328,0.17162480149217826,124.7993209399283,0,0
2019,3,37.0,-123.0,0.6313125,14.536564076331388,119.91124627089533,1.578173630593963,0.3802404172958866,215.90017341077328,0,0
2019,3,37.0,-122.0,0.6571453125,15.385326191174109,112.22375226737095,1.4655370990272658,0.38328210619615394,184.3918174272403,0,0
2019,3,37.0,-121.0,0.6077078125,17.609525545181786,105.97691269500586,1.063927711661027,0.3643907814897517,145.43144800700247,0,0
2019,3,37.0,-120.0,0.451475,10.72642325893527,210.1991847520921,1.159638608431743,0.398101338776209,224.81574688572437,0,0
2019,3,37.0,-119.0,0.0880515625,1.7588510082614235,126.48747259660098,1.326916751591151,0.3291474773037818,63.32776346243919,0,0
2019,3,37.0,-118.0,0.1094171875,10.910320292749738,54.6851780163351,0.8194056210589987,0.27866748391941026,80.10356477461755,0,0
2019,3,37.0,-117.0,0.1481515625,11.751328509853753,57.091210772306056,0.8034946860439546,0.2257715607843091,110.71626492775977,0,0
2019,3,37.0,-116.0,0.1343765625,12.492304043616041,54.216102034807534,0.2966749607614088,0.2770131249581614,102.61399310547858,0,0
2019,3,37.0,-115.0,0.22559375,13.229643970920218,61.23486583961579,0.8531726228207508,0.33905904075150844,102.18411148525774,0,0
2019,3,38.0,-124.0,0.66593,13.506913338938102,170.267748543084,0.877584002089342,0.3853697110247868,420.13661712408066,0,0
2019,3,38.0,-123.0,0.6572125000000001,15.260382447704213,150.69859222418103,1.1926769934031,0.38473979279559145,258.58358887489885,0,0
2019,3,38.0,-122.0,0.5670875,16.577225672814176,137.1238828068826,0.9839360591083554,0.38994309754781825,139.2246396280825,0,0
2019,3,38.0,-121.0,0.5246921875,12.50838066993223,259.99378253614935,0.908091279479772,0.4256916574893459,281.78431594278663,0,0
2019,3,38.0,-120.0,0.14526875,2.420896917773856,142.99543880766663,1.245204427267643,0.38878624029056996,134.13166615646333,0,0
2019,3,38.0,-119.0,0.11141406250000001,6.6494547044077414,41.07991446650061,1.205645325433614,0.35687783584799815,44.93413714226335,0,0
2019,3,38.0,-118.0,0.1030453125,8.210180262596399,50.12673795132372,0.8270625240121154,0.2757894787737118,75.30013332143426,0,0
2019,3,38.0,-117.0,0.13734531249999998,5.24982856473617,69.63644250205192,0.752762949487187,0.36028920546654725,42.25306527223438,0,0
2019,3,38.0,-116.0,0.12873125,8.208340247984879,69.46556227190825,0.7825686452997478,0.4424665858668665,70.65314939245582,0,0
2019,3,38.0,-115.0,0.164334375,5.499226450151035,93.46055196507308,0.6432397983935751,0.46694947570882817,36.31920355837792,0,0
2019,3,39.0,-124.0,0.71639375,13.47964482461255,186.68699431142244,0.2082175062560307,0.3942261761234652,385.7434946112335,0,0
2019,3,39.0,-123.0,0.5363421875000001,13.646887359311517,166.4715563310537,0.4436063884753591,0.4040222738378791,278.8562852656469,0,0
2019,3,39.0,-122.0,0.486,15.756045575295744,197.65943827948007,0.9235863416128748,0.3960828668968651,175.33561366144568,0,0
2019,3,39.0,-121.0,0.3677390625,7.090311430346603,286.04316691777143,0.9083616219728546,0.47004624912815707,284.19921116437763,0,0
2019,3,39.0,-120.0,0.165803125,6.438772158468947,79.77698141618106,0.9005817208690537,0.4298974048065882,79.04658978804946,0,0
2019,3,39.0,-119.0,0.12170937500000001,11.591547115387481,52.531809815228314,0.6312711323278636,0.29748921817348845,89.12495919503272,0,0
2019,3,39.0,-118.0,0.13253125,4.257950616651982,62.277360622793765,1.013227998649069,0.34447930833344814,30.901749851182103,0,0
2019,3,39.0,-117.0,0.1194703125,1.5119540952867254,59.05137773512337,0.8322851877928221,0.36893564014024627,10.32634370494634,0,0
2019,3,39.0,-116.0,0.1234984375,3.0789578376278044,71.61006009115312,0.8104221295328665,0.4685052072489133,22.94154791161418,0,0
2019,3,39.0,-115.0,0.127646875,2.7290977616464254,91.09369599169526,0.8987729564137467,0.41459081986899016,22.86791754886508,0,0
2019,3,40.0,-125.0,0.7319666666666667,12.329857085853519,180.26300556970338,0.4374300673346733,0.3891802039197696,279.39067118697693,0,0
2019,3,40.0,-124.0,0.6410984375000001,11.220270629082979,181.83507215140793,0.4074450842281065,0.4381421285290872,313.006546581164,0,0
2019,3,40.0,-123.0,0.5258359375,12.635843926091358,213.35074704980883,0.3940293493620334,0.4557407697041829,249.61144919507205,0,0
2019,3,40.0,-122.0,0.43466875,8.286332287326957,219.3954065805528,1.0347979205058793,0.43796552669617433,220.8213929552585,0,0
2019,3,40.0,-121.0,0.1875484375,4.262456573978572,112.89541939182612,1.03779798898899,0.443427627125094,137.28885224554688,0,0
2019,3,40.0,-120.0,0.1243625,7.4560870924303835,73.00742323419485,0.5418485968612932,0.38604934946183234,46.502089011482894,0,0
2019,3,40.0,-119.0,0.14948125,8.843827450659994,68.86258212758634,0.372722451608187,0.3555450372157558,69.54435724765062,0,0
2019,3,40.0,-118.0,0.173196875,6.814859262589511,65.24934041222963,0.5033870167239274,0.38073986768722534,50.11601198930293,0,0
2019,3,40.0,-117.0,0.158809375,4.354892587661766,54.525885534495444,0.7984824401852674,0.3970134098042724,31.545435544103384,0,0
2019,3,40.0,-116.0,0.110565625,1.6539336896712058,58.164197522238226,0.8249227592763883,0.4284964501857757,20.329460268840194,0,0
2019,3,40.0,-115.0,0.12271093749999999,4.879962939600816,44.62626743039522,0.98649962369909,0.38362477447396964,47.9583601700142,0,0
2019,3,41.0,-124.0,0.596855,9.841191617904194,139.0339036369923,0.5578431976895926,0.43564371020135906,295.26847191154957,0,0
2019,3,41.0,-123.0,0.34726875,7.496554423916745,145.28889492063257,0.5437106365032018,0.4644542852396606,233.5033726412803,0,0
2019,3,41.0,-122.0,0.3063125,7.065577487022672,148.19622998034987,1.065563898772905,0.46072246983487114,165.3574692318216,0,0
2019,3,41.0,-121.0,0.1883453125,3.9178408607360105,94.68556385396454,1.3205896369439964,0.3930916462534217,67.95426865573972,0,0
2019,3,41.0,-120.0,0.1043359375,2.650786249099262,57.83040895035896,1.0446661625908875,0.3620380422761363,13.482557609677315,0,0
2019,3,41.0,-119.0,0.1257265625,7.563341751406288,49.50965665189955,0.5417422793751993,0.36031400003740865,54.62457169778645,0,0
2019,3,41.0,-118.0,0.156696875,6.239207017037202,52.9141237857047,0.4212020969503382,0.3685490072414439,49.55407395027578,0,0
2019,3,41.0,-117.0,0.1212390625,3.4078695112659254,43.69251317253742,1.185726824795817,0.3532879371796884,28.746920521371067,0,0
2019,3,41.0,-116.0,0.050443749999999996,1.57698067080592,36.05312671421501,0.8414787956256055,0.3555047018553621,32.519605942070484,0,0
2019,3,41.0,-115.0,0.0838578125,3.202080952736658,33.479611658513875,0.9709880623928768,0.36774027988474856,38.533128798007965,0,0
2019,4,32.0,-117.0,0.40810625,22.538706032435122,13.695465439127474,2.8210283520497708,0.1021167245176103,322.80290010385215,0,0
2019,4,32.0,-116.0,0.249653125,31.785764598846455,1.7825155902073675,2.808304392735356,0.058239979876412246,343.59328635036945,0,0
2019,4,32.0,-115.0,0.22379375,32.64264923731487,1.3562972109184557,2.9129487720078484,0.059325098329120175,330.55293024517596,0,0
2019,4,33.0,-119.0,0.42041249999999997,19.17211596171066,8.407458235637932,3.973428210071229,0.10102075470818406,172.9192789644003,0,0
2019,4,33.0,-118.0,0.42718249999999997,21.30587151421444,14.280437374926198,2.0740331062635904,0.13368547951733617,242.8475694730878,0,0
2019,4,33.0,-117.0,0.3373921875,24.91904048124951,10.607499900402217,2.458702367927133,0.10224394963847264,335.2669783635065,0,0
2019,4,33.0,-116.0,0.179371875,30.14169777234398,2.0816005218193823,2.690776223623224,0.034123365746604024,265.6709343427792,0,0
2019,4,33.0,-115.0,0.1624046875,31.510823615392077,2.8123250614271456,2.967799673933518,0.02684563895066573,296.9103103969246,0,0
2019,4,34.0,-121.0,0.63079375,17.217426713307745,7.678030252274462,4.530495569467675,0.21577854553858433,269.3783153469364,0,0
2019,4,34.0,-120.0,0.54925,19.30041409887451,10.951883437776429,5.872200042634414,0.19037600992504589,538.3976635833582,0,0
2019,4,34.0,-119.0,0.4323019230769231,22.573641791710507,9.56500259787728,2.629723511349107,0.12423644690771724,391.54733927586136,0,0
2019,4,34.0,-118.0,0.35530625,24.051021687189763,8.094539904163867,3.4565145929485595,0.08811738722854186,293.8846863107756,0,0
2019,4,34.0,-117.0,0.233496875,24.341290760040312,8.687614967243462,3.2144752864260315,0.07524777121014062,312.49011203181,0,0
2019,4,34.0,-116.0,0.125078125,28.826393095652282,6.84137017572084,2.057214723970116,0.0237034337388144,217.38941490184516,0,0
2019,4,34.0,-115.0,0.1633046875,30.506534743309043,4.994021534116655,1.7298941322928072,0.029750091830889343,280.05926741752774,0,0
2019,4,35.0,-122.0,0.6767625,18.660058657328307,7.554772813932686,1.8112800935042928,0.273407498995463,376.5722904354334,0,0
2019,4,35.0,-121.0,0.5660942307692308,20.893477751250984,7.815527851582771,2.685860326048601,0.2151195282949681,249.48899787014878,0,0
2019,4,35.0,-120.0,0.4447921875,25.497241036097225,11.680158591957479,1.4998349303123062,0.14150103694862787,302.8589620953426,0,0
2019,4,35.0,-119.0,0.41828750000000003,22.554468035697955,14.125326686666995,3.1873340567033144,0.1541996432675255,300.51000404637307,0,0
2019,4,35.0,-118.0,0.19666875,25.655976430575073,3.7690471309588247,3.981820048491898,0.02773664659923973,205.36774047650397,0,0
2019,4,35.0,-117.0,0.1295765625,27.49139062563581,4.714063872711449,3.68417107926228,0.024224738279978383,213.62457505892962,0,0
2019,4,35.0,-116.0,0.1609734375,25.325060629844693,10.828417764173537,1.7779104160019394,0.028877303997675532,205.22995106875896,0,0
2019,4,35.0,-115.0,0.20532499999999998,26.731625382105534,9.567198614718109,1.7050300591552423,0.032389503386285504,227.90447203442454,0,0
2019,4,36.0,-122.0,0.6141954545454545,19.36877646012742,14.430568436599362,1.934070789963592,0.26432614181980935,253.8989387226827,0,0
2019,4,36.0,-121.0,0.4709109375,24.57018509705864,12.328840364830285,1.8178011354267487,0.2039030657874213,338.6812151875347,0,0
2019,4,36.0,-120.0,0.4353328125,26.558169579505947,16.660508272366314,1.8945739122109737,0.21299980547693037,339.08508345484734,0,0
2019,4,36.0,-119.0,0.3377265625,14.247893730799376,31.54083950551012,1.1625880844301657,0.37051365905337863,264.87920770887285,0,0
2019,4,36.0,-118.0,0.1534109375,22.734137415885943,14.31867251278618,1.013935657424304,0.06393422550625268,166.39802826102823,0,0
2019,4,36.0,-117.0,0.13435,26.78607616424562,6.527060913981586,0.9451554667739642,0.026486630241076094,192.48965592123568,0,0
2019,4,36.0,-116.0,0.1687171875,22.823728521664965,13.409536603035122,1.460237639587039,0.042333571778403335,195.900171645917,0,0
2019,4,36.0,-115.0,0.1798671875,25.76658523082735,8.114879989193469,1.1835543852841297,0.03469040261374574,202.1994930692017,0,0
2019,4,37.0,-123.0,0.6452,17.36155099868776,19.62900770934084,3.0675312203758462,0.29581276973088577,268.143511377275,0,0
2019,4,37.0,-122.0,0.640378125,20.461058966318795,17.722864595990966,2.78200043760422,0.28607419740270684,245.48002848556885,0,0
2019,4,37.0,-121.0,0.5553828125,25.02867659727734,16.121651782782465,1.9810230977850167,0.24110121130943296,261.0913389362395,0,0
2019,4,37.0,-120.0,0.47128437500000003,17.565224210421263,44.4202083546088,1.7104201209033891,0.3550703154669867,377.5309008779004,0,0
2019,4,37.0,-119.0,0.1295609375,9.185436272621185,24.14743675956288,1.323911415853704,0.3736269262101915,124.89725544583052,0,0
2019,4,37.0,-118.0,0.13843125,20.025046443939228,14.462873610796123,1.355018320760473,0.07878255579206675,162.496963981539,0,0
2019,4,37.0,-117.0,0.1812,19.928411793708825,20.198991094844132,1.3090015404342297,0.06160523858335277,188.54697793722153,0,0
2019,4,37.0,-116.0,0.16777031250000002,20.746712923049955,14.95165358403483,0.96180152671257,0.06345948047108116,177.23295197356492,0,0
2019,4,37.0,-115.0,0.2509625,21.62164975802106,14.45008003258863,0.7310581006115943,0.09641742606957748,185.85824279580265,0,0
2019,4,38.0,-124.0,0.65846,17.4602185228136,30.732086866911835,3.743794636181158,0.3249014437640154,606.7488697667917,0,0
2019,4,38.0,-123.0,0.6619125,20.700117985407534,23.28256498196879,3.077229708533256,0.3126857237683402,394.93206108454615,0,0
2019,4,38.0,-122.0,0.5707265625,22.833167584737158,27.797527416737466,2.129665327919928,0.3065336462524202,228.3534563612193,0,0
2019,4,38.0,-121.0,0.5767640625,19.21518771648409,73.65966242844024,1.0980197100359244,0.376782888174057,484.629635931924,0,0
2019,4,38.0,-120.0,0.221428125,9.124057674407986,46.17268130289176,1.4201133168296132,0.42531030608548054,216.31667064502835,0,0
2019,4,38.0,-119.0,0.16455625000000002,15.78310906887057,17.62303457701364,1.7939931559026674,0.20764487153953973,128.65244294516742,0,0
2019,4,38.0,-118.0,0.1370203125,17.39991161823275,19.671549127565413,2.07035672209152,0.1172971950636969,163.36018533911556,0,0
2019,4,38.0,-117.0,0.1852671875,15.106367834409092,30.64152998024383,1.5782953445117178,0.20485062599182124,141.47958613466471,0,0
2019,4,38.0,-116.0,0.1778265625,16.512989640235926,42.13950600581029,1.3659727990069774,0.2603116426202986,147.48018386308104,0,0
2019,4,38.0,-115.0,0.240315625,14.893988529841131,41.47221524374345,1.1234720292847626,0.34103516174687276,136.02123700547963,0,0
2019,4,39.0,-124.0,0.736428125,19.09336684544884,52.21335081489542,1.6814642378366214,0.34187227752473615,595.9833613596857,0,0
2019,4,39.0,-123.0,0.5594875,20.829715387026493,35.02705487528601,0.8020196477389754,0.3341769519779417,473.8276896532625,0,0
2019,4,39.0,-122.0,0.51261875,22.544864193598443,54.34342244745949,0.7002534505673834,0.3333774321609073,306.29978922661394,0,0
2019,4,39.0,-121.0,0.46183125,14.093570327758819,108.97936256708363,0.9362098060337716,0.458068898651335,521.074190735817,0,0
2019,4,39.0,-120.0,0.2534578125,14.668686064084394,28.814854371489673,1.904587914623284,0.3237185974915822,174.0339957177639,0,0
2019,4,39.0,-119.0,0.1567390625,19.892417939504007,18.43895417744079,1.8414632807261493,0.09751125938362541,163.27925922814757,0,0
2019,4,39.0,-118.0,0.1993921875,14.085915493965178,39.14734305919865,1.3647956456361736,0.271868265999688,125.3272871254012,0,0
2019,4,39.0,-117.0,0.1979828125,12.442116888364172,48.96134654165962,1.6265007298052612,0.32656054993470507,118.10763971880078,0,0
2019,4,39.0,-116.0,0.2014125,12.784175348281881,57.79339097546199,1.6114776816306071,0.3984611769517262,116.49546015542,0,0
2019,4,39.0,-115.0,0.2079703125,11.271616903940853,74.00066898310342,1.2889262512351416,0.4241670505868064,98.64016470964998,0,0
2019,4,40.0,-125.0,0.7625250000000001,13.623792860243062,83.26713118601168,2.623550918024831,0.36338849950719765,381.7158337268565,0,0
2019,4,40.0,-124.0,0.699821875,16.227977291742977,86.01920031117061,2.5378202050895178,0.40146429075135126,521.5697288513184,0,0
2019,4,40.0,-123.0,0.5660765625,20.356569361686724,99.67286120274821,0.6323357886598404,0.41543956134054394,468.0745918303728,0,0
2019,4,40.0,-122.0,0.514475,15.572282417615273,103.11009389454284,0.558824222844628,0.4195186638169819,412.475606193766,0,0
2019,4,40.0,-121.0,0.320834375,12.328021645545977,56.246564529033094,1.4182718910122858,0.4284370683961444,255.180005566217,0,0
2019,4,40.0,-120.0,0.192246875,16.608550914128635,36.7513352922515,1.696141789212291,0.2509885791275236,124.89834812004119,0,0
2019,4,40.0,-119.0,0.2014484375,17.219028989474,39.68810456910887,1.765176400657724,0.20369941062397423,143.21978285443038,0,0
2019,4,40.0,-118.0,0.2532203125,15.784511129061407,44.90528795042792,1.2849405710206043,0.2502774424023098,124.13156125694513,0,0
2019,4,40.0,-117.0,0.261025,14.383328660329205,55.75299103850284,1.358621961614582,0.3116165737311045,117.55095515400171,0,0
2019,4,40.0,-116.0,0.24296875,11.581187224388152,70.11354439066508,1.36761455445182,0.4461638198958503,108.70062687899917,0,0
2019,4,40.0,-115.0,0.2040546875,13.436629652977018,66.27774940909603,1.9056082695802767,0.3084624134831958,113.0315373884514,0,0
2019,4,41.0,-124.0,0.6611166666666667,14.501979404025626,150.47728749098042,2.102199402812269,0.41798099223478336,476.6506568425232,0,0
2019,4,41.0,-123.0,0.4397015625,14.425067790349345,121.51583730349103,0.5220378547048116,0.45050671564208133,429.5874413801357,0,0
2019,4,41.0,-122.0,0.43417031250000004,15.0672062635422,110.40946961486497,1.217357227845314,0.4319465660386615,376.60290265921503,0,0
2019,4,41.0,-121.0,0.3275,12.434917815526351,65.16234277853528,1.2044356763491149,0.38745637403594124,190.81748195458204,0,0
2019,4,41.0,-120.0,0.1999859375,12.36159988244377,38.835286433936744,1.803297614048015,0.3292557249466578,100.08296195883304,0,0
2019,4,41.0,-119.0,0.185678125,16.00184302330019,29.55944746838668,1.735100435363601,0.22442974150180814,126.79072946775705,0,0
2019,4,41.0,-118.0,0.2510421875,15.220760289828007,37.304545558185964,1.8994396852299795,0.2584495084153281,131.09018676914275,0,0
2019,4,41.0,-117.0,0.26563125,12.683746655782084,55.997330733703166,2.4507993154541623,0.32889678080876666,117.57925909478217,0,0
2019,4,41.0,-116.0,0.21976875,10.802900727589947,60.501575275452524,1.9203834826273165,0.4029687209261788,115.9786016214639,0,0
2019,4,41.0,-115.0,0.2228609375,12.357730690638249,65.1977556209431,2.1735589880783275,0.3541749762164222,118.65022778511047,0,0
2019,5,32.0,-117.0,0.374615625,20.040103192483244,45.63798870166025,3.577771498979464,0.14587738565219338,286.70816170051694,0,0
2019,5,32.0,-116.0,0.233565625,30.6818545433783,1.6564212108143295,3.3868146153743424,0.058117906252543074,359.39180781133473,0,0
2019,5,32.0,-115.0,0.210509375,31.47634225045484,0.6984949411936725,2.74208025301922,0.057495128082972635,351.38138267211616,0,0
2019,5,33.0,-119.0,0.3724375,18.323198183121235,23.940518714685055,4.576329144792844,0.10614374119748345,191.97375141084194,0,0
2019,5,33.0,-118.0,0.39624000000000004,19.374362080071585,44.024918320475834,2.768161515338718,0.15768798158160244,231.87615685164928,0,0
2019,5,33.0,-117.0,0.31339375,23.04865775877431,32.845654042635175,3.005609053887433,0.12350094863163523,304.11940009798855,0,0
2019,5,33.0,-116.0,0.1640375,29.214152385342526,4.303315637830707,3.1334064381192084,0.03572732017886249,285.1882000686601,0,0
2019,5,33.0,-115.0,0.15121875,30.562657374720445,2.637934854451629,3.458755503865905,0.028341559633131914,317.47991987504065,0,0
2019,5,34.0,-121.0,0.55364375,16.468518398654084,36.39812540779393,4.7491620877971314,0.23059399580870046,284.358505004396,0,0
2019,5,34.0,-120.0,0.5134636363636363,17.657586860097414,54.26000509250227,6.06293180852722,0.23583621301337143,447.38333260245395,0,0
2019,5,34.0,-119.0,0.4088019230769231,20.20213786299513,52.971741448616726,3.212555202595835,0.17782488518718317,337.278132350781,0,0
2019,5,34.0,-118.0,0.3332484375,22.06222005351899,41.75115910564742,3.856511063757479,0.1198478818580668,261.60254422575235,0,0
2019,5,34.0,-117.0,0.2120625,23.214625769276804,23.225536320556017,3.516500211321916,0.08964964843565412,290.4392977943644,0,0
2019,5,34.0,-116.0,0.107984375,28.15303514388302,9.447526868630263,2.000752971293299,0.02805409892912828,230.00892624258995,0,0
2019,5,34.0,-115.0,0.135696875,29.82010847830006,5.426904868532034,2.827267336784229,0.03118518411472275,300.7054260233417,0,0
2019,5,35.0,-122.0,0.5985125,18.02997741699221,45.1051948892065,2.4729110308184845,0.25838622995602184,422.08915296941996,0,0
2019,5,35.0,-121.0,0.46208269230769233,20.009585556774944,41.10249650249761,3.061615484527348,0.2331023176806933,255.24362998130994,0,0
2019,5,35.0,-120.0,0.3677703125,23.711087499126336,53.19091745858273,1.7442387867135078,0.19483312740120834,289.9253572104499,0,0
2019,5,35.0,-119.0,0.3822421875,20.724262948190045,76.16277549621842,3.382240479462801,0.21919726139755655,283.52258959785104,0,0
2019,5,35.0,-118.0,0.15498281249999998,24.555619342865498,24.2828382013478,4.4006780829590415,0.04786433199400539,212.5841932138428,0,0
2019,5,35.0,-117.0,0.1091703125,26.973710155487083,19.537807425681564,4.118481726286802,0.04068827116361224,225.5558866309002,0,0
2019,5,35.0,-116.0,0.154671875,24.708900977719242,22.022152070153567,1.8857636683345576,0.0437576806032529,214.39061395358294,0,0
2019,5,35.0,-115.0,0.1719453125,26.28789359061951,16.878472624544116,1.8128479513837965,0.03900771339734391,242.18432209454477,0,0
2019,5,36.0,-122.0,0.5662545454545455,18.764576182733684,64.39069443080344,2.465509423665688,0.24160330611745087,281.15322740014756,0,0
2019,5,36.0,-121.0,0.3682328125,23.8884678302273,50.20095546004555,1.980514865401516,0.21281196385301565,346.682044910267,0,0
2019,5,36.0,-120.0,0.4157109375,25.488627629126295,96.2323066612818,1.410886207322371,0.25087615014404374,337.14430732652545,0,0
2019,5,36.0,-119.0,0.381825,13.738630897768108,122.03728848342976,1.0142550664850047,0.37231490144165613,277.1029241848737,0,0
2019,5,36.0,-118.0,0.165825,22.286833920017393,38.15281156656525,1.4696724778263226,0.06703457268335482,189.2340766498819,0,0
2019,5,36.0,-117.0,0.1290953125,26.405028623150265,24.946660950977417,1.6415580790111737,0.043788708666319454,210.76489961706102,0,0
2019,5,36.0,-116.0,0.1768578125,21.878105374305502,45.53438581732294,1.5265013906663851,0.07816809127407684,206.41675929073244,0,0
2019,5,36.0,-115.0,0.16649375,25.291389706826997,27.986775834310862,1.3226989462345364,0.048923929211913846,221.803501364775,0,0
2019,5,37.0,-123.0,0.6387812500000001,16.70158867989818,71.41518521328649,3.6397386519622494,0.2485498318108179,302.83907894045115,0,0
2019,5,37.0,-122.0,0.5722,20.225346458086424,63.5553914887943,3.2679795033688666,0.24483058038150962,283.9125863198812,0,0
2019,5,37.0,-121.0,0.458075,25.11027200298927,72.02297750135145,2.21348516071881,0.22686797092037814,293.4803635580465,0,0
2019,5,37.0,-120.0,0.458321875,17.216027624376384,136.45078310017666,1.3121863417830288,0.35729739422439244,385.9962911810726,0,0
2019,5,37.0,-119.0,0.181053125,9.778141932333693,92.99025450107834,0.9744087047624426,0.37199491839255056,158.46087760291994,0,0
2019,5,37.0,-118.0,0.1589046875,19.848006636096617,58.27072517221055,0.4799187718682856,0.10376663970690897,183.21561941411346,0,0
2019,5,37.0,-117.0,0.1919171875,19.605363664319462,39.80045763981721,1.0444178786829337,0.07075420759057481,209.95733910240233,0,0
2019,5,37.0,-116.0,0.1865734375,20.336844262769173,38.934536028850886,1.0802013892305349,0.0686418263502018,198.9856540458277,0,0
2019,5,37.0,-115.0,0.2425359375,21.03028971456714,62.60841198471567,1.1341529973041131,0.13046420229378564,202.87502033170313,0,0
2019,5,38.0,-124.0,0.65169,17.197215664771317,113.06515059639892,3.3538865004261087,0.28652950956829987,576.0842351863782,0,0
2019,5,38.0,-123.0,0.624703125,20.669664639811383,85.6203029232212,3.262386045662594,0.2692738027982814,441.66878890246153,0,0
2019,5,38.0,-122.0,0.5114078125,23.625912777070106,74.15555509013316,3.01974310743024,0.2514845363555416,275.690860231407,0,0
2019,5,38.0,-121.0,0.5852625,19.269299402544593,162.302443042595,1.214448264824307,0.3409791348441954,508.3896720316261,0,0
2019,5,38.0,-120.0,0.3169484375,10.252045342230055,101.76435250994942,1.0621615693410995,0.41456450121377103,259.07393358647823,0,0
2019,5,38.0,-119.0,0.2038109375,16.322101150020497,64.68435910736403,1.1875510817737738,0.15685700633192573,165.94893368892372,0,0
2019,5,38.0,-118.0,0.1654015625,16.547135717638103,87.88965780493996,1.1245384980583435,0.16096233552502043,172.50488174613565,0,0
2019,5,38.0,-117.0,0.2241046875,15.376437636344683,63.859018480602714,0.5478898213071698,0.14129404739667006,174.9295025365427,0,0
2019,5,38.0,-116.0,0.209553125,17.06289055578172,56.28941625562689,0.4828188362168284,0.17353865119718734,188.40129463933408,0,0
2019,5,38.0,-115.0,0.280896875,15.505645762720434,93.69723287617049,1.078782509623828,0.27508756742682505,167.68567101098597,0,0
2019,5,39.0,-124.0,0.73580625,19.898469943385003,136.53145193328342,1.540960716170181,0.29746446173678165,678.3178332261741,0,0
2019,5,39.0,-123.0,0.542690625,22.08223943095056,108.203899564419,0.7595627370568574,0.287927625320291,574.7106019407511,0,0
2019,5,39.0,-122.0,0.5031359375,23.955206597235915,105.0839782526829,1.6908629171378058,0.2784744802341666,371.4039318729192,0,0
2019,5,39.0,-121.0,0.5586203125,15.039999403492121,175.32840835136554,0.8007710400636657,0.4381418378763301,593.3434255421162,0,0
2019,5,39.0,-120.0,0.3172890625,16.549252236274,58.58864028212807,1.5413683876652655,0.21800012646182887,244.25360083114356,0,0
2019,5,39.0,-119.0,0.1764796875,20.138723537998843,51.72851051409921,1.4857024875340483,0.0993745717951046,189.04869130346924,0,0
2019,5,39.0,-118.0,0.24775,14.722155627896733,115.94128746745369,0.8625890354466751,0.2167086815962227,152.11792453192174,0,0
2019,5,39.0,-117.0,0.26286875,13.876610858978783,81.75295682829997,0.9082279663987496,0.19102721957750213,158.4731894545257,0,0
2019,5,39.0,-116.0,0.2714140625,14.323580752649637,77.20193614457926,0.7181123059976114,0.24327796505343527,166.96739301551133,0,0
2019,5,39.0,-115.0,0.268215625,13.404112972751761,103.14663707484684,0.7527309989377967,0.3414103250990631,159.46840634569526,0,0
2019,5,40.0,-125.0,0.792525,14.708937745453227,124.51445167365883,2.4358042036987,0.31337123219115187,395.0374647974968,0,0
2019,5,40.0,-124.0,0.729403125,18.07210794879546,126.25038715285442,2.132784352211471,0.34932550371334115,677.7739351382479,0,0
2019,5,40.0,-123.0,0.55648125,22.365558342779856,135.07081496735296,0.7910993032863577,0.3601199846754792,626.8279463984072,0,0
2019,5,40.0,-122.0,0.5791265625,17.814937671538345,143.34354594555876,0.9358690672860313,0.3861346126243632,563.0088283214718,0,0
2019,5,40.0,-121.0,0.4313578125,15.693767289192468,85.97884907593212,1.1839262469706937,0.37209924062093097,420.2367605175823,0,0
2019,5,40.0,-120.0,0.2321765625,18.192128261443134,67.09942359683296,1.4495489237288253,0.15270602991504048,163.34014909807593,0,0
2019,5,40.0,-119.0,0.2166796875,18.534098635950414,69.12464181167266,1.485766821321634,0.13940055620285768,175.0585421686992,0,0
2019,5,40.0,-118.0,0.2819640625,17.147413833679717,98.58487591353438,0.8534615087165901,0.19317259327057867,153.11355458106846,0,0
2019,5,40.0,-117.0,0.3261796875,15.998562977390929,85.56449225378415,0.9321136927159271,0.20450326640118832,151.31152654066682,0,0
2019,5,40.0,-116.0,0.32701875,14.167291982712307,113.73143222389004,0.8064619929951744,0.33768082786631837,168.37989538908005,0,0
2019,5,40.0,-115.0,0.2623140625,15.43865911729877,90.26890292969725,1.1061266140624944,0.2273622837758833,154.8369078664109,0,0
2019,5,41.0,-124.0,0.716825,17.036389428142183,116.50318135920381,1.7774198480241423,0.3602141291437183,650.6258280740843,0,0
2019,5,41.0,-123.0,0.525196875,17.952734988735596,135.78174610828242,0.492635381717821,0.39920994190759557,663.4977739304304,0,0
2019,5,41.0,-122.0,0.52209375,18.17786987673854,124.67686574180804,1.0481835922759173,0.3595493057722686,557.4974169721827,0,0
2019,5,41.0,-121.0,0.4064078125,16.167280554002353,103.00951519255719,1.0558005226537586,0.28856548923318104,311.90810608677566,0,0
2019,5,41.0,-120.0,0.276953125,15.508007467946719,87.69548612852773,1.4833207347403474,0.18797496922554505,158.79917470738292,0,0
2019,5,41.0,-119.0,0.22045,18.185722654096566,59.61928980631015,1.3578763237361515,0.12958399102252013,163.44478400424123,0,0
2019,5,41.0,-118.0,0.30614375,17.329633677390333,92.26280728561065,1.1780482118842934,0.19675438474583365,168.03700441960245,0,0
2019,5,41.0,-117.0,0.3573875,15.108785955367576,97.4544642793127,1.420815685180503,0.23888271598405733,164.9557853816077,0,0
2019,5,41.0,-116.0,0.352490625,13.932682363448627,102.10939052720747,0.9146423635023158,0.2974039489223111,183.54967900086194,0,0
2019,5,41.0,-115.0,0.314425,15.08879742622377,109.20469321516535,1.0349965705950288,0.2632137130024612,166.52732295915484,0,0
2019,6,32.0,-117.0,0.33866562499999997,27.841577180226658,2.348571909390529,2.194596889228852,0.0737254699071248,409.31425825692713,0,0
2019,6,32.0,-116.0,0.21704375,39.22733674049379,0.08071529286368667,1.8056988143380528,0.047300405634774036,400.16822586767375,0,0
2019,6,32.0,-115.0,0.193528125,39.3450851917267,0.029977304659922713,2.7005055893040706,0.04614633851581145,402.42798370309174,0,0
2019,6,33.0,-119.0,0.3401125,21.326441828409855,4.08491015972956,3.0019128187369364,0.07170713212754985,201.10469684004784,0,0
2019,6,33.0,-118.0,0.3672725,24.807932158576154,3.0398446623709203,2.533976223853174,0.08437157913490574,294.63414928565425,0,0
2019,6,33.0,-117.0,0.28816875,31.754111838340787,2.1935355717168648,1.8271769981183728,0.0735188593467076,440.6723257852718,0,0
2019,6,33.0,-116.0,0.1520296875,37.75285215377809,0.10991155708595098,1.8960790051026408,0.023870772785610582,321.51830347720534,0,0
2019,6,33.0,-115.0,0.1447,38.895423952738476,0.04340208674236119,2.7639550656722003,0.013746971223089375,370.71393814403564,0,0
2019,6,34.0,-121.0,0.48505,19.40462684631349,0.9509134594824312,3.608838933724896,0.15947117893784132,287.8264921406905,0,0
2019,6,34.0,-120.0,0.46838409090909094,23.671471767232898,2.737050346321142,3.7509799427172754,0.152648800390738,617.5326511941173,0,0
2019,6,34.0,-119.0,0.37698653846153846,27.80933473375111,2.2907107243548843,2.7374842128983725,0.09833945372165774,477.2738650059089,0,0
2019,6,34.0,-118.0,0.3138125,30.469826094309514,3.427115395464142,3.216694252534073,0.06283227006594336,370.23999507073313,0,0
2019,6,34.0,-117.0,0.2007359375,32.2154589255651,3.0774698925988275,2.524087155256931,0.05738189021746312,408.4332848433405,0,0
2019,6,34.0,-116.0,0.1021171875,36.8612662792206,0.14638913402720274,1.5560310178373709,0.010192236966556925,273.1045220280066,0,0
2019,6,34.0,-115.0,0.127715625,38.219685808817566,0.06434916125996888,2.360350812957376,0.01940188904603317,356.52077465783805,0,0
2019,6,35.0,-122.0,0.50165,22.350530560811364,0.514651542328437,1.601027831072458,0.19433649645911322,500.5720118060708,0,0
2019,6,35.0,-121.0,0.39278846153846153,25.505251755673676,0.926696063654111,2.3608299265769968,0.1561340264105729,314.4885508391337,0,0
2019,6,35.0,-120.0,0.3287625,33.61216815312706,1.8916946237759191,1.626264296069394,0.11563241051303011,427.3062818683684,0,0
2019,6,35.0,-119.0,0.3575671875,30.684345682462084,4.3894896617011625,2.858029728061639,0.1238754249281353,434.1153589775786,0,0
2019,6,35.0,-118.0,0.13896406249999999,33.87571235497795,0.7454342076407272,3.6260775814328414,0.022802655895550993,278.7560913711786,0,0
2019,6,35.0,-117.0,0.10015625,36.063694874445616,1.0298505758719045,3.233218262716923,0.017257827189233518,281.3131639268249,0,0
2019,6,35.0,-116.0,0.1391796875,33.8464583873749,1.8612082449571687,1.6259304442525635,0.020952917801009243,269.5527862524614,0,0
2019,6,35.0,-115.0,0.1544390625,34.96667548020684,0.9827652348057825,1.854539083006247,0.024320301744672944,301.58355738967657,0,0
2019,6,36.0,-122.0,0.5217954545454545,25.298752570874782,1.188985078592105,1.78078424663998,0.1636065065660059,389.78700672812533,0,0
2019,6,36.0,-121.0,0.32486875,32.99044443766278,3.964734855838259,2.0746343827287204,0.14608582125769717,511.98886206839234,0,0
2019,6,36.0,-120.0,0.429709375,35.514959136645025,2.2048606870548326,2.3288218273634707,0.1577590097983678,529.6281251357868,0,0
2019,6,36.0,-119.0,0.4219625,23.408241216341676,24.823013819553097,0.918653926092594,0.2641916775041156,501.73527537845075,0,0
2019,6,36.0,-118.0,0.1600375,31.47422072887423,2.4294135028348762,1.116716737453421,0.0247596296999189,235.9720739768818,0,0
2019,6,36.0,-117.0,0.119371875,35.609184114138316,2.291012448988994,1.2365568552029027,0.020169152816136633,265.6857945257798,0,0
2019,6,36.0,-116.0,0.167125,31.54348172346753,4.559669770099362,1.367755877686956,0.03210730817582868,271.55803330242634,0,0
2019,6,36.0,-115.0,0.1526046875,34.68734726111097,1.3332254120932419,1.4576609010724442,0.026758263839615663,285.228694207035,0,0
2019,6,37.0,-123.0,0.6177875,21.69730494817101,0.636988213084777,3.309762298614344,0.1598795784844292,399.84387066215277,0,0
2019,6,37.0,-122.0,0.522675,27.641566146744648,1.1087192400521435,2.775084219992612,0.16428438402988288,394.32948424170417,0,0
2019,6,37.0,-121.0,0.435084375,34.746022621790594,0.8654707444684107,2.4208873471869743,0.1481885251071718,436.72497593797743,0,0
2019,6,37.0,-120.0,0.45763125000000004,26.678974056243916,14.358569761537154,2.1596502406350817,0.2825449440214369,661.976226256229,0,0
2019,6,37.0,-119.0,0.2321546875,18.98762555917106,26.548094708271464,0.995683536266529,0.28688380089071064,280.90958087705076,0,0
2019,6,37.0,-118.0,0.1557,29.059248884518965,7.15022220814987,0.8564869567779784,0.03980822331375542,234.10646326374263,0,0
2019,6,37.0,-117.0,0.1738734375,29.124255569775926,6.910840641506155,0.992945300009887,0.033194007807307725,273.82917678914964,0,0
2019,6,37.0,-116.0,0.17343125,30.02608342965447,3.681668905340274,0.9109516647117134,0.033084164394272655,263.8170492136851,0,0
2019,6,37.0,-115.0,0.2213109375,31.277615443865475,2.5582063345090944,1.0127824865552306,0.055196518699328054,284.5757615286857,0,0
2019,6,38.0,-124.0,0.63319,23.884717051188183,0.3909058426048754,4.727929322267079,0.1972664479856138,1098.7182329098382,0,0
2019,6,38.0,-123.0,0.5672812500000001,28.912996164957704,0.36709162945314233,3.385090733706172,0.17915946543216701,743.0821054149419,0,0
2019,6,38.0,-122.0,0.4618921875,32.79783147970838,0.10271592604382812,2.9807320411845337,0.15611803697215182,435.15664245933294,0,0
2019,6,38.0,-121.0,0.56915625,28.61572604974113,6.447973554752906,1.6227991279144172,0.2577114184697469,888.89548368752,0,0
2019,6,38.0,-120.0,0.3971234375,19.039834602673867,24.804672119937976,0.9838494824832982,0.34838728176222905,436.8797086644918,0,0
2019,6,38.0,-119.0,0.20937187499999999,25.305316607157412,13.031711928345402,1.1502696866865163,0.08368354075484802,218.52450328879058,0,0
2019,6,38.0,-118.0,0.16407968750000002,26.105651585261057,12.278902703695138,1.463524009540185,0.07925680511527587,245.63905724789947,0,0
2019,6,38.0,-117.0,0.2181546875,25.035324915250172,11.947042668037255,0.7705733669565525,0.07024250030517573,242.1060943743214,0,0
2019,6,38.0,-116.0,0.200053125,27.025021870931013,7.801685841553052,0.5944822925002512,0.08742056720786621,263.83197226095945,0,0
2019,6,38.0,-115.0,0.27325625,25.611835694313072,10.129934303261479,0.9226351075243991,0.1517493920193778,253.28111264389008,0,0
2019,6,39.0,-124.0,0.713696875,28.217821248372417,2.296010857246955,2.3130733287214547,0.20944354997740844,1143.7660565134138,0,0
2019,6,39.0,-123.0,0.5149796875,31.062408502896655,1.7634584901706774,1.0597441505210838,0.2074933697779973,933.8960847817361,0,0
2019,6,39.0,-122.0,0.5372109375,33.94556893507642,1.505060247875889,0.8546086566363722,0.1878522074884838,608.2682078704238,0,0
2019,6,39.0,-121.0,0.6249828125000001,24.47202410697939,16.121363859422644,0.6667808876400482,0.3667203926377826,1084.3676610384136,0,0
2019,6,39.0,-120.0,0.336728125,25.253196533521038,7.48504128845795,1.2058233807208851,0.1491453972127702,369.4990585790947,0,0
2019,6,39.0,-119.0,0.16870156249999999,28.73804072539013,5.95058862658604,1.3675776847664822,0.046820993555916623,249.42881905008107,0,0
2019,6,39.0,-118.0,0.2449390625,23.51169470151268,15.425502216242393,0.956760142082583,0.13845675819449949,229.91100559011102,0,0
2019,6,39.0,-117.0,0.26321875,23.11534159978233,18.50671962442263,1.0755755569655745,0.11782493657535975,227.39874350372702,0,0
2019,6,39.0,-116.0,0.274675,23.89935235977176,15.284712552823265,0.941129851111524,0.1363245930936601,235.8781291404739,0,0
2019,6,39.0,-115.0,0.277509375,23.187864335378027,19.575367808140953,0.8573392330476725,0.19570046530829532,253.33166250493377,0,0
2019,6,40.0,-125.0,0.7811500000000001,17.534637083830678,2.541187526871072,4.868474728009777,0.22877261314863037,531.5251379377313,0,0
2019,6,40.0,-124.0,0.7373500000000001,24.159454035758994,4.1427350470648605,4.767533169048973,0.26644435458713106,1005.743591231294,0,0
2019,6,40.0,-123.0,0.5250734375,31.073848080635084,3.014700846545537,1.127287417067466,0.2704534891578886,994.0846541430801,0,0
2019,6,40.0,-122.0,0.5928859375000001,26.925764648119635,6.617479618437727,1.0704717195542506,0.28502044677734373,1001.1820920044556,0,0
2019,6,40.0,-121.0,0.4471515625,24.39333343505862,6.3317295962797004,1.1524262674733143,0.24887764023409947,725.7376532070339,0,0
2019,6,40.0,-120.0,0.2252171875,26.409291474024467,2.429508497737487,1.3202687702928757,0.0754167752133475,227.35644807107747,0,0
2019,6,40.0,-119.0,0.19526875,26.797444995244362,2.5366962754951317,1.3813001470010098,0.05806767675611703,241.9426728738472,0,0
2019,6,40.0,-118.0,0.2526984375,25.436705938975038,5.6948863303141195,0.9000812074977022,0.09353130029307469,219.30749737657607,0,0
2019,6,40.0,-117.0,0.30649375,24.66619381109876,6.973004793547233,1.1289134267843954,0.10031505392657383,222.03314979560673,0,0
2019,6,40.0,-116.0,0.334515625,22.7145554383596,13.70251866596206,1.0511556527455326,0.22681083712312905,263.99856561329216,0,0
2019,6,40.0,-115.0,0.27150625,24.284113725026465,13.700842285327752,1.2735323484518883,0.13060983684327862,219.8197792749852,0,0
2019,6,41.0,-124.0,0.7505066666666667,22.66047995390719,6.52516496389042,3.518762346930313,0.27152521510183075,964.3612172868517,0,0
2019,6,41.0,-123.0,0.5774203125,25.211416244506864,7.266996787659963,1.0924065008758792,0.3048349671893649,1036.8418265134096,0,0
2019,6,41.0,-122.0,0.5574203125,25.99853702386223,7.715560855142911,1.839244430715404,0.27362017532189686,875.0640406506136,0,0
2019,6,41.0,-121.0,0.41295625,23.69972000916801,8.792195129938563,1.7195788090777946,0.19290338423517012,479.28573191165924,0,0
2019,6,41.0,-120.0,0.2931015625,23.067058936754886,8.620048533924063,1.4649692940807728,0.11736913455857167,222.05471992492676,0,0
2019,6,41.0,-119.0,0.214828125,25.93737651507062,5.73812344650193,1.3185900160547075,0.05895722309748327,227.9808771563694,0,0
2019,6,41.0,-118.0,0.296953125,25.14230306148531,8.178141094543179,1.2238023543057528,0.09862031638622282,238.65496460348368,0,0
2019,6,41.0,-117.0,0.35135,22.94690505663556,12.902940982751687,1.58386033039885,0.13623902433448362,244.85660856589675,0,0
2019,6,41.0,-116.0,0.367328125,21.712113547325156,18.12332625108226,1.505607657766696,0.19531826708051891,283.5523374378681,0,0
2019,6,41.0,-115.0,0.3180234375,23.06479841868085,12.749367985673388,1.578041021224884,0.1551168706681993,246.2025658460334,0,0
2019,7,32.0,-117.0,0.319021875,31.33819797269762,5.613450829194733,2.315374596469258,0.06913750466480047,486.7301587946713,1,1
2019,7,32.0,-116.0,0.20825624999999998,42.25021568729034,4.375124752776571,1.7711046836141424,0.0442325216467662,429.18068054132164,0,0
2019,7,32.0,-115.0,0.18186875,42.26571318718698,5.140253279613205,2.8141280876906314,0.04678250128223045,413.7260459829122,0,0
2019,7,33.0,-119.0,0.34981249999999997,23.667783724877154,0.8449125404226266,3.2773809910059977,0.06822022571358625,222.21161238849163,0,0
2019,7,33.0,-118.0,0.3473325,28.310631922239924,1.0268245503373428,2.5413546095850976,0.07693455176541451,362.3448221633832,0,0
2019,7,33.0,-117.0,0.2745234375,35.192553200260306,7.543099282564469,1.824736428455373,0.0666596969609619,519.1971738822758,0,0
2019,7,33.0,-116.0,0.1430078125,40.617200523807185,4.396243656309196,2.2269837984139453,0.021971428266135542,344.9417194351554,0,0
2019,7,33.0,-115.0,0.1410546875,41.70114151431671,5.800507899628826,3.1165654212866905,0.014048060101847457,386.7073963629082,0,0
2019,7,34.0,-121.0,0.45116875,20.90929686433533,0.9242543940809848,5.687828839704741,0.13224672074813565,336.1671439682444,0,0
2019,7,34.0,-120.0,0.44135227272727273,26.779799752035,2.8973450874355917,5.757406932012527,0.12233820828524498,755.5962549804739,0,0
2019,7,34.0,-119.0,0.3536576923076923,31.06965137604747,2.3330890253253265,3.342223944756419,0.08784545877928371,559.1881119956572,0,0
2019,7,34.0,-118.0,0.299884375,33.85969409942629,3.635713301854082,3.8676051632186432,0.05562749152542438,444.9965014355257,0,0
2019,7,34.0,-117.0,0.1964671875,35.341316464639505,6.985326467336961,3.0620760730253047,0.04704177507790182,458.54589727241546,0,0
2019,7,34.0,-116.0,0.1004234375,39.53334436416628,7.073759736748286,1.9911719706063284,0.00871811086131675,285.8646016102284,0,0
2019,7,34.0,-115.0,0.12446718749999999,41.064620197972964,5.282455060886093,2.7671526496842693,0.01554793920568235,367.82727180980146,0,0
2019,7,35.0,-122.0,0.45704999999999996,25.270773967619874,0.3337580079900704,2.410162015533444,0.14527937930117366,656.2432153150439,0,0
2019,7,35.0,-121.0,0.36795000000000005,28.226518606054988,0.33894313448420904,3.2934776227883344,0.13767855023430628,355.31500082176467,0,0
2019,7,35.0,-120.0,0.3121875,35.8445952969213,1.1138642973023138,1.675989128323177,0.10940366983413694,458.2197497365996,0,0
2019,7,35.0,-119.0,0.33783124999999997,33.27271851724196,1.6440112909990034,3.448642331835454,0.09784875345486463,484.21890125609934,0,0
2019,7,35.0,-118.0,0.1328859375,36.72454573569761,0.405255409212657,4.306426141135923,0.020055374150635033,301.9989673048258,0,0
2019,7,35.0,-117.0,0.0970265625,38.92170408002794,0.8806029169576846,4.110187057264526,0.0088169718942334,301.92827444989234,0,0
2019,7,35.0,-116.0,0.1293671875,36.56082379741055,4.260996293531605,2.5476443876000308,0.01755805874383573,284.1216487577185,0,0
2019,7,35.0,-115.0,0.145934375,37.96247528752975,7.092805981891104,3.105319937852744,0.0222648728278375,315.6462637707591,0,0
2019,7,36.0,-122.0,0.4984431818181818,26.217300307645836,0.7862780515510231,3.087729773982035,0.12898563740501265,436.5406003639553,0,0
2019,7,36.0,-121.0,0.3095203125,34.67949499161014,0.13240141074533082,2.2673365957480867,0.1324725295266797,548.5901632346213,0,0
2019,7,36.0,-120.0,0.4353,38.01277786224121,0.5481507929729901,2.4993263937203896,0.12882311433874147,614.2780532827601,0,0
2019,7,36.0,-119.0,0.4432546875,27.242070677972634,16.352488829078027,1.269809200163105,0.16719742551926642,650.9315212024376,0,0
2019,7,36.0,-118.0,0.15045624999999999,34.63279247591574,2.828116232784339,1.995989177152808,0.02171703660359942,253.63804609514773,0,0
2019,7,36.0,-117.0,0.1126765625,38.494878202869074,1.2101532726305209,3.084858285272711,0.011441436185631662,283.206794061698,0,0
2019,7,36.0,-116.0,0.1562703125,34.670235606162805,8.747990412892648,2.454327418617805,0.030637355581406574,287.11774677503854,0,0
2019,7,36.0,-115.0,0.1431296875,37.879736018949956,6.365933858113237,2.629060570895341,0.024959886907249325,296.98681307490915,0,0
2019,7,37.0,-123.0,0.60365625,21.307330611444314,1.1534988249408684,3.995811361393338,0.116066958314629,374.97434113174677,0,0
2019,7,37.0,-122.0,0.5042109375,28.215817795517648,0.5219695303656143,3.632143599252037,0.13310001315181821,395.27614748415846,0,0
2019,7,37.0,-121.0,0.441375,36.46623028016862,0.2217960378843031,2.69567987901448,0.12941215339527332,476.53673961758614,0,0
2019,7,37.0,-120.0,0.4502296875,30.348234048966457,4.594618857161947,2.448069389721646,0.19122158776047404,872.4989908514544,0,0
2019,7,37.0,-119.0,0.27153125,23.8835479090291,22.126235936092087,1.5903646756668388,0.16240144480941113,417.28427167981863,0,0
2019,7,37.0,-118.0,0.1417578125,32.6425480104262,2.4339765610861264,1.608114101004753,0.024854527686231843,258.5164688061923,0,0
2019,7,37.0,-117.0,0.16070937500000002,32.45361747587883,1.7241779084073983,2.8549140313878656,0.02747793703950857,298.18419145885855,0,0
2019,7,37.0,-116.0,0.1565515625,33.47848561809912,3.3124512362050496,2.7179062104989624,0.029692253117920207,274.870882043615,0,0
2019,7,37.0,-115.0,0.2050046875,34.69414309070959,8.88306711080844,2.968656894776472,0.049811001105975035,295.898548909463,0,0
2019,7,38.0,-124.0,0.58321,24.323025463473414,0.23251032978966646,5.963593926971361,0.14424431742733096,1122.6424454400938,0,0
2019,7,38.0,-123.0,0.515415625,30.088868744142612,0.29186665292257885,4.584642551927022,0.13583344926116284,790.1399693218991,0,0
2019,7,38.0,-122.0,0.4363234375,33.78393604217039,0.12144114102596856,3.530185375675304,0.13019798712063857,442.135434015654,0,0
2019,7,38.0,-121.0,0.555209375,31.104666274593747,0.7776410153823576,1.8419255471916576,0.18348081425953933,1071.3559662690386,0,0
2019,7,38.0,-120.0,0.43040625,24.293840665202005,15.763026366265365,1.4622082439355506,0.23838247150503178,650.203495984897,0,0
2019,7,38.0,-119.0,0.1941734375,29.865352572164255,12.205015106381722,1.461991388728294,0.05036908997002462,243.97360836155713,0,0
2019,7,38.0,-118.0,0.1439234375,30.627232147032235,4.166968569414564,1.4045052841887824,0.03230199217796321,284.5972259528935,0,0
2019,7,38.0,-117.0,0.1932859375,29.5385404509883,6.347465265797325,2.085977992704619,0.03562326104410228,274.1936694364995,0,0
2019,7,38.0,-116.0,0.17913437499999998,31.559984479411977,9.697258176537105,2.528939154451747,0.06659572964073504,293.3231464121491,0,0
2019,7,38.0,-115.0,0.255003125,30.616241435081754,18.79154209259326,3.239918535915172,0.0870112981847537,296.1231191875413,0,0
2019,7,39.0,-124.0,0.699759375,29.254186033433513,0.22411014165157891,2.859443853780506,0.14760351309212302,1229.9372777342796,0,0
2019,7,39.0,-123.0,0.49019375,33.385328542032575,0.2569574231969795,1.1765896379040877,0.15512932276213037,1022.313442081213,0,0
2019,7,39.0,-122.0,0.5646234375,35.65790486643394,0.1601739155816517,2.3783281667664293,0.14927339906333592,669.8032766580582,0,0
2019,7,39.0,-121.0,0.6507953125,27.818010071785242,3.3963887787180624,1.5068758570693697,0.2594173390378234,1382.2078055236489,0,0
2019,7,39.0,-120.0,0.3312578125,29.510450481599403,9.230623424308249,1.7962387959758794,0.1160909440568698,432.21793370321393,0,0
2019,7,39.0,-119.0,0.152071875,32.89613944791981,3.2624492256658755,1.766889329105315,0.029620898026292,277.03150594606996,0,0
2019,7,39.0,-118.0,0.213190625,29.091000560022195,2.96962743836815,1.5326859271946571,0.04288900443302683,269.40292306244373,0,0
2019,7,39.0,-117.0,0.2311828125,28.884928429511305,10.192445183427878,1.738215059174865,0.04438117210583017,266.3116125622764,0,0
2019,7,39.0,-116.0,0.2452375,29.5053988687454,15.854923457162329,2.202570310530508,0.06624190076704943,281.1537680681795,0,0
2019,7,39.0,-115.0,0.2641703125,29.243507942076672,27.91131421204085,2.1063769297745414,0.08783072297291086,308.38726565707475,0,0
2019,7,40.0,-125.0,0.7547166666666666,18.59216792062195,4.229157065192939,4.871930501570699,0.16149657943342743,476.3750955462456,0,0
2019,7,40.0,-124.0,0.7316921875000001,25.630820231283888,1.9975129349845133,5.019413094348381,0.20828102320753117,1057.4859526241198,0,0
2019,7,40.0,-123.0,0.50031875,33.58135528256819,0.41018163997108553,1.1379248848151706,0.21815201864447642,1084.996595280245,0,0
2019,7,40.0,-122.0,0.583203125,29.802371628053752,2.409032250078269,1.292055036498404,0.20439187813830628,1145.3351344680414,0,0
2019,7,40.0,-121.0,0.4250390625,28.583908122585687,7.4444901498722515,2.061112136724513,0.17929889886609965,857.2697341442108,0,0
2019,7,40.0,-120.0,0.196075,30.758989121837022,6.189782109366604,2.365144223474048,0.041880971001040504,251.59496744163334,0,0
2019,7,40.0,-119.0,0.16916875,31.506374592934904,3.367444204421588,2.157832493101436,0.02777954936027522,266.83991542086005,0,0
2019,7,40.0,-118.0,0.208046875,31.09154765375201,2.270282648758837,1.5463370612233875,0.027396308478488656,250.20051188766956,0,0
2019,7,40.0,-117.0,0.248278125,30.90567464520856,1.7896431333142004,1.650541536294947,0.03210420217565306,255.985060473904,0,0
2019,7,40.0,-116.0,0.2946734375,29.422784900665306,4.642913753421851,1.4598419652470769,0.11096471868535518,324.59551142528653,0,0
2019,7,40.0,-115.0,0.2440875,31.101560272709044,9.432553949089595,1.6364931503118068,0.04735417039163646,261.884362436831,0,0
2019,7,41.0,-124.0,0.7623066666666667,24.003312992109638,4.282245183825574,2.9428541182570003,0.21400974460542554,946.4583541784021,0,0
2019,7,41.0,-123.0,0.590690625,28.845825144552435,2.922230569900819,1.0305034361158565,0.23679904976198746,1184.5348324859515,0,0
2019,7,41.0,-122.0,0.5595359375000001,29.63248524665835,1.3555418069230996,1.9970768244854824,0.20681027635451282,1015.6795878428966,0,0
2019,7,41.0,-121.0,0.3771625,28.330433925505634,4.125705624254294,2.135216700702694,0.10788852232758711,561.2374113406986,0,0
2019,7,41.0,-120.0,0.2634375,28.318064661948924,7.2062992791401825,2.137899688880517,0.03235697457867279,252.8188012074679,0,0
2019,7,41.0,-119.0,0.1838765625,31.040790191773468,2.375540726141878,2.0294897498658164,0.024259148425953312,257.26418336853385,0,0
2019,7,41.0,-118.0,0.25220312500000003,31.00893117843138,2.1035724154430113,1.6054949755847454,0.03304404180536981,280.0002594012767,0,0
2019,7,41.0,-117.0,0.28719375,29.753753795931434,2.466046886773654,1.8670267351063567,0.04699171390584716,298.2971657766029,0,0
2019,7,41.0,-116.0,0.31344062500000003,28.839559811930528,3.1544181353169165,1.525980152781378,0.07692644673009068,356.51095141656697,0,0
2019,7,41.0,-115.0,0.270546875,30.28715506984344,6.456105441110083,1.2529959465061795,0.056156773400563034,299.36145001556724,0,0
2019,8,32.0,-117.0,0.314121875,32.74632500371627,1.3141581343845132,1.9746155839054853,0.06647955409942131,485.7316678389907,0,0
2019,8,32.0,-116.0,0.20508125,42.999953396089644,2.8101355323926214,1.275173363354856,0.053047449998958086,403.9456339087337,0,0
2019,8,32.0,-115.0,0.170925,42.908974542925456,4.914808135701776,2.893540653747155,0.05737058770272035,391.27691416069865,0,0
2019,8,33.0,-119.0,0.352475,24.414819089828,0.7658210138217214,3.468331727975237,0.06777233718543921,210.73530428111553,0,0
2019,8,33.0,-118.0,0.33602750000000003,29.442011215866273,0.5380715419586106,2.503916789500824,0.07638504804248875,353.6640502512455,0,0
2019,8,33.0,-117.0,0.2734203125,36.39499400046566,1.007184434904218,1.601662979498831,0.06075615588054858,527.3137225303799,0,0
2019,8,33.0,-116.0,0.1394234375,41.2874012716355,0.7246609798059467,1.9848859932163023,0.024297484467106438,318.4089889982715,0,0
2019,8,33.0,-115.0,0.1392921875,42.301053334820665,5.4292665349677804,2.927364521435329,0.022811084665277908,357.2115005226806,0,0
2019,8,34.0,-121.0,0.43414375,21.51279123162712,1.799230822894534,5.016065935363173,0.12895971857091426,284.8974661901593,0,0
2019,8,34.0,-120.0,0.42453409090909094,27.218986139083096,1.1932079912775542,5.337798728843899,0.11871392364104198,730.1739267440457,0,0
2019,8,34.0,-119.0,0.34045192307692307,32.07318169693993,0.8405575012286721,3.0461553970004505,0.08636640917344426,566.033219345487,0,0
2019,8,34.0,-118.0,0.29591093749999997,34.97042774692661,0.4510144258276227,3.4375282203051345,0.053126526776180426,450.13419969473034,0,0
2019,8,34.0,-117.0,0.196815625,36.03468697609443,0.5987021627262834,2.5809734217858864,0.041185144775657205,451.53826544992626,0,0
2019,8,34.0,-116.0,0.1003625,40.11496434980825,0.3146690337345603,1.7704255417641523,0.008754523851538175,264.1947957454249,0,0
2019,8,34.0,-115.0,0.1233640625,41.589348234668876,2.4868448285744194,2.4873672623170737,0.020920168968938956,340.5246543698013,0,0
2019,8,35.0,-122.0,0.440225,25.70614924277032,0.5038232097760442,2.042179179365974,0.13923491201093116,553.5539668053389,0,0
2019,8,35.0,-121.0,0.35812499999999997,28.61259892592263,0.5149274882335146,2.9536121085782834,0.13643982629326373,309.25462705393636,0,0
2019,8,35.0,-120.0,0.303028125,35.734314590884814,0.364774886740804,1.5919672181046505,0.10887736050031513,420.2933459309861,0,0
2019,8,35.0,-119.0,0.32306875,33.444114280516125,1.07527179851985,3.0136963821716654,0.09681507432332599,454.7986773541197,0,0
2019,8,35.0,-118.0,0.1333265625,37.017547818153155,0.1681503394976857,3.588736192181327,0.015206577957317344,275.3584092715755,0,0
2019,8,35.0,-117.0,0.0968609375,39.22996791255092,0.21722265727674991,3.470487664043782,0.004655301250437228,273.191224434413,0,0
2019,8,35.0,-116.0,0.1283734375,37.04716994993151,0.7229405941799882,2.185434261338469,0.014052806362029,258.90248152427375,0,0
2019,8,35.0,-115.0,0.1433828125,38.539948851062434,3.813177861495376,2.973589260640205,0.023089867445730338,294.7609010152519,0,0
2019,8,36.0,-122.0,0.48908863636363636,27.511869049072285,1.0962695031192415,2.396682186585855,0.12569881596445606,392.7551167593761,0,0
2019,8,36.0,-121.0,0.297853125,34.90563153759128,0.11787405446028737,2.104370465355,0.13232385054711368,495.7520191092044,0,0
2019,8,36.0,-120.0,0.41336875,38.01076508645092,0.029162785260439174,2.4609968772010697,0.12771395265415147,568.1792024988681,0,0
2019,8,36.0,-119.0,0.4492421875,27.897953767161244,4.082005752472639,1.009989380293931,0.1484244196645675,653.8000291911885,0,0
2019,8,36.0,-118.0,0.148615625,34.838055921370014,0.6843670757845643,1.8044230594378827,0.01894912347998665,236.30642890930176,0,0
2019,8,36.0,-117.0,0.1115609375,38.7038943259947,0.9550599402174953,2.7190222973739373,0.009652175570046976,254.97913279104978,0,0
2019,8,36.0,-116.0,0.1532,35.15310370845182,4.19056583404398,2.045617967828205,0.02671274158262431,264.554284629412,0,0
2019,8,36.0,-115.0,0.1397921875,38.215016514255176,2.436048632709742,2.4347925345726296,0.02482466832284,272.6995510747656,0,0
2019,8,37.0,-123.0,0.5999875000000001,23.06007356336042,1.7287759596840147,3.484794357805372,0.10963646827205532,366.1531042307615,0,0
2019,8,37.0,-122.0,0.49952968750000004,29.35468200252904,0.8986551645880544,3.216545055220168,0.13062986987893294,367.9797248138736,0,0
2019,8,37.0,-121.0,0.4292125,36.8500818621728,0.24714349046206505,2.589543548417392,0.129328502121792,441.43717805854976,0,0
2019,8,37.0,-120.0,0.4398078125,31.179865540227606,1.7575368306026462,2.408309595422609,0.16937219039086368,849.4390633422881,0,0
2019,8,37.0,-119.0,0.28733749999999997,24.97385169921385,6.1048493275777105,1.347415318834217,0.12798776325359135,425.60137005057186,0,0
2019,8,37.0,-118.0,0.1381203125,32.93325010730376,1.1326661819950345,1.6865866818689632,0.023259044654907676,239.3758250400424,0,0
2019,8,37.0,-117.0,0.1598546875,32.7386681141392,1.5493890291438106,2.6821406681806392,0.026149561328272626,269.1104414407164,0,0
2019,8,37.0,-116.0,0.1514765625,33.78980256203685,2.5300689062461856,2.429893636836549,0.029153366242685573,250.80983142834157,0,0
2019,8,37.0,-115.0,0.198703125,35.032926362560666,2.7946848908797506,2.5004347834785072,0.047767732733039414,268.13758292701095,0,0
2019,8,38.0,-124.0,0.56583,25.19976779568583,0.6962832549945119,4.480728250165254,0.13744770173103577,983.9438649515312,0,0
2019,8,38.0,-123.0,0.4968015625,30.864734683498284,0.5900757873789075,3.5630818861249107,0.13342880017013956,723.9685337990522,0,0
2019,8,38.0,-122.0,0.42531875,34.60252231474849,0.17123068891322643,3.328785154644285,0.12946307338694085,408.8418608298525,0,0
2019,8,38.0,-121.0,0.5549328125,32.00162815586215,2.2356405875072483,1.849114703888836,0.1807504251439084,1024.16588133201,0,0
2019,8,38.0,-120.0,0.4339921875,25.644988455310965,8.221051005868674,1.1830713982885122,0.1943007127572131,668.6480197822675,0,0
2019,8,38.0,-119.0,0.1877109375,30.289878709854644,3.991439987196088,1.1341973803243015,0.04387326842995097,223.73995720408857,0,0
2019,8,38.0,-118.0,0.1360796875,31.001487996501325,1.8824921476081613,0.9285144776540885,0.030398049662190056,263.1222605705261,0,0
2019,8,38.0,-117.0,0.193353125,30.084289976858347,5.44946948274827,1.9384518301155529,0.034066925125737293,254.5915808295831,0,0
2019,8,38.0,-116.0,0.173903125,31.847367582013543,4.120932009293199,2.031259068730787,0.06313563546826757,265.82460501231253,0,0
2019,8,38.0,-115.0,0.2502125,30.978241308273834,3.8682488279775384,2.63608769818978,0.08230025088915258,267.62356993276626,0,0
2019,8,39.0,-124.0,0.700196875,30.497629291780562,1.730503097398639,2.1530529407469907,0.143631677473745,1153.7429268937558,0,0
2019,8,39.0,-123.0,0.48274375,34.15773968850415,1.6779411139324907,0.9654665235382656,0.15440636809154218,968.0270524695516,0,0
2019,8,39.0,-122.0,0.5432984375000001,36.199222967701594,1.023463022185922,1.8850187032192136,0.14956128789532566,608.8251394685358,0,0
2019,8,39.0,-121.0,0.6615640625,28.82758370830169,7.699207451416612,1.2721533431570475,0.25848298880361736,1299.3618755135685,0,0
2019,8,39.0,-120.0,0.32673125000000003,30.271191492388347,6.583677653445363,1.2117324610799125,0.11354023827019553,416.78806918207556,0,0
2019,8,39.0,-119.0,0.1447859375,33.07190801558958,2.2409994176015857,1.294992826097778,0.028994263500295613,247.93737463187426,0,0
2019,8,39.0,-118.0,0.2014484375,29.485394542448002,6.060826175136924,1.0722935135776064,0.04314950493074228,248.49248444661498,0,0
2019,8,39.0,-117.0,0.2231703125,29.400752216769824,5.486212253792644,1.357879463552156,0.03948441628486875,249.5139092206955,0,0
2019,8,39.0,-116.0,0.2399359375,29.773440279499198,3.904744565708995,1.7607357991852388,0.05451220498290109,258.5528971394524,0,0
2019,8,39.0,-115.0,0.259359375,29.465536282139464,10.538276799245239,1.6669646949352823,0.07834194424331825,285.0760669680312,0,0
2019,8,40.0,-125.0,0.7250083333333334,20.566998192571855,6.5021471917366584,3.5079864646784937,0.14893224162440147,472.32688259747283,0,0
2019,8,40.0,-124.0,0.728884375,27.4230122212441,5.25074387177682,3.568406056333007,0.20589357037698064,1022.7312714559957,0,0
2019,8,40.0,-123.0,0.49538125,34.23112763435612,7.540990181489349,0.8610113937467307,0.227026677900745,1007.4653886258602,0,0
2019,8,40.0,-122.0,0.5894781250000001,30.459045459378167,16.53963774651146,0.9277976434572848,0.22427000377767825,1037.93750051409,0,0
2019,8,40.0,-121.0,0.41885156250000005,29.231544774578495,9.085933493672371,1.5304872149976396,0.18214912312005152,811.3505013752729,0,0
2019,8,40.0,-120.0,0.1816078125,31.095541687934652,5.285579759849668,1.7374628982668867,0.041263638645090035,228.9283969439566,0,0
2019,8,40.0,-119.0,0.160346875,31.78310929113821,3.933951772971511,1.5556195985611736,0.027843483994083977,240.97397283185273,0,0
2019,8,40.0,-118.0,0.1970859375,31.59484336760739,3.5217698218659166,1.2390603812224943,0.027064076995336837,228.9530950365588,0,0
2019,8,40.0,-117.0,0.2297671875,31.2376478748937,2.4159730432913307,1.2885388420402888,0.03167172273000076,236.51762655936182,0,0
2019,8,40.0,-116.0,0.27049375,29.810527750753604,1.9287667723730806,1.3929730300621888,0.1076048503639877,310.58326771017164,0,0
2019,8,40.0,-115.0,0.231340625,31.00824107200871,9.68166468873477,1.5211176420721533,0.04835803438258422,242.7391589153558,0,0
2019,8,41.0,-124.0,0.7634683333333334,25.58041027164803,12.243955506854812,1.9979362123182107,0.21819245909277254,918.008973615037,0,0
2019,8,41.0,-123.0,0.5928296875000001,29.758687007042692,15.123433714954615,0.6833404613521695,0.2522800071265108,1124.870253377594,0,0
2019,8,41.0,-122.0,0.5627484375,30.448058592888643,9.155013647152543,1.3019380821050726,0.21444132090896684,957.8973996685818,0,0
2019,8,41.0,-121.0,0.35803281249999996,28.942223121273926,8.9621304555223,1.4237489787152393,0.1110087402405277,521.6200331924483,0,0
2019,8,41.0,-120.0,0.23989375,28.983915747365668,6.271524636296988,1.7688343567103,0.030894282043621064,230.71069840807468,0,0
2019,8,41.0,-119.0,0.1672125,31.516546921576246,3.5293992163971666,1.4778707332128056,0.024455344484698348,232.69115225411952,0,0
2019,8,41.0,-118.0,0.2303765625,31.458388600810906,5.159644691495657,1.3977501475631078,0.0336043754572509,258.4924567490816,0,0
2019,8,41.0,-117.0,0.250646875,30.127451276779194,3.4168505130693916,1.6145072842197004,0.04602167843490514,279.17752391658723,0,0
2019,8,41.0,-116.0,0.2718140625,29.308569349781184,2.51855659507072,1.454160823097667,0.07288724023808713,345.50289367325604,0,0
2019,8,41.0,-115.0,0.2452515625,30.338208255460206,6.410155028326869,1.1354415645902354,0.05502765954181708,281.5394642530009,0,0
2019,9,32.0,-117.0,0.312953125,28.868420298894264,18.60136601333906,1.802688631000922,0.08364523384306159,360.0823467131704,0,0
2019,9,32.0,-116.0,0.20622812499999998,37.102343781789166,19.19939571251561,1.6922410311181524,0.07398222684860224,316.85380497947335,0,0
2019,9,32.0,-115.0,0.167234375,37.08408908843997,38.12260522698452,1.705138544875906,0.10007463759846154,294.28025032393634,0,0
2019,9,33.0,-119.0,0.3346,24.801863606770837,3.2551751211791213,2.768089555870989,0.06953092151217985,180.55903911590576,0,0
2019,9,33.0,-118.0,0.3288175,28.126015252007402,6.87306952233205,2.061721750710924,0.08090628800568755,285.2343601485094,0,0
2019,9,33.0,-117.0,0.27435,31.486800217628502,14.719571612825888,1.5478200792993475,0.07479432655705341,389.76004684809595,0,0
2019,9,33.0,-116.0,0.1399828125,35.6437163114548,10.357418956285613,1.6128566285766948,0.03514043125841347,254.33625944424418,0,0
2019,9,33.0,-115.0,0.140853125,36.40971260865532,19.470807790806788,1.9498540119732743,0.04257503681712676,276.58556192182004,0,0
2019,9,34.0,-121.0,0.41891875,22.816415150960314,0.7872851615656392,4.679023796228269,0.12562286103213272,318.3882503459851,0,0
2019,9,34.0,-120.0,0.41620681818181815,25.944144713276593,1.7994242403597431,4.837471647197912,0.11827795850708825,652.059323916381,0,0
2019,9,34.0,-119.0,0.33797307692307693,29.358191348344874,4.535026590653083,2.001208142984764,0.08869889522889395,450.7685450789256,0,0
2019,9,34.0,-118.0,0.2957734375,31.010229206085228,8.071088625168699,2.400347556886888,0.0584958543380101,339.5106673706323,0,0
2019,9,34.0,-117.0,0.196778125,30.787493968009972,7.118506982973116,1.991255091155158,0.04748884538809456,343.8528710976243,0,0
2019,9,34.0,-116.0,0.101190625,34.54057067235313,6.913938952660459,1.139492448352259,0.016003510687086282,211.04299288708717,0,0
2019,9,34.0,-115.0,0.1242890625,35.728341277440414,13.936947260102528,1.7124557630711066,0.03261680106321966,266.28999959211797,0,0
2019,9,35.0,-122.0,0.43122499999999997,26.011012077331568,0.7198282257228072,2.2205668969539696,0.13778220812479655,545.304230414331,0,0
2019,9,35.0,-121.0,0.35332307692307696,28.12502863957334,0.36502250327220853,2.7855604352785632,0.13583271387975096,297.7818508560841,0,0
2019,9,35.0,-120.0,0.2977203125,31.98642472426099,0.6037397981195625,1.3770704631381745,0.10907911691400736,336.1067340010777,0,0
2019,9,35.0,-119.0,0.315703125,28.994829805692063,2.478010414218801,2.319762048856686,0.09839490850766495,351.13126737996936,0,0
2019,9,35.0,-118.0,0.1342328125,31.746313420931525,0.6637358312069352,2.816278699287728,0.013540727893511394,211.87150059267879,0,0
2019,9,35.0,-117.0,0.097390625,33.75503768920901,0.6828991901635106,2.7005430503837293,0.003563176923327919,216.4845602819696,0,0
2019,9,35.0,-116.0,0.128715625,31.626436956723552,4.917819911664623,1.6143920557983198,0.017788999610476967,209.5488909399137,0,0
2019,9,35.0,-115.0,0.1436109375,32.810226782163,11.941628225198286,2.15730380661917,0.03051401509179005,234.321927302517,0,0
2019,9,36.0,-122.0,0.4813590909090909,26.015559525923326,1.9472952361413816,2.854813373405284,0.12656673758920994,356.139716381828,0,0
2019,9,36.0,-121.0,0.288209375,31.25944631099704,0.41727667865742996,2.048893518033031,0.13266033629576363,395.2866178005934,0,0
2019,9,36.0,-120.0,0.3691390625,33.930982637405414,1.429516051015156,2.313900810776358,0.1285374068551593,452.0787209039554,0,0
2019,9,36.0,-119.0,0.4395578125,23.12065823872886,14.441275896555084,0.897571309780282,0.1658661951621373,481.0071234824136,0,0
2019,9,36.0,-118.0,0.1470921875,29.282681258519506,1.792155133610862,1.1121254944505805,0.018905670444170596,179.85149379819632,0,0
2019,9,36.0,-117.0,0.111409375,33.037711230913814,0.7564194240181621,1.782292600922064,0.007120498352580544,202.05525122582912,0,0
2019,9,36.0,-116.0,0.15235625,29.53070421218875,4.662218663892048,1.5740574251071515,0.028051461444960655,210.05028334911913,0,0
2019,9,36.0,-115.0,0.139775,32.648638010025046,3.725895352712172,1.8831649230866427,0.024980320533116607,228.6432806868106,0,0
2019,9,37.0,-123.0,0.5937625,22.958622964223252,2.538012966564196,3.602317703383128,0.10941231515672467,349.3595337495208,0,0
2019,9,37.0,-122.0,0.4893375,27.39883457289804,3.993195719446637,3.7390029600300383,0.1348390752518618,324.28178668487817,0,0
2019,9,37.0,-121.0,0.389615625,32.73211712837221,2.604665627753633,2.2853085422845574,0.13263768023914757,339.5720317494124,0,0
2019,9,37.0,-120.0,0.429728125,26.403394087155675,8.435836920565265,2.12837419897535,0.17655954062938686,643.8193641370162,0,0
2019,9,37.0,-119.0,0.281009375,19.34352326393129,19.663536382889646,1.3834504096059672,0.15046473642190292,297.33044677414,0,0
2019,9,37.0,-118.0,0.136703125,27.168458628654502,2.0937110968439754,0.4544541469801421,0.02357253034909561,179.84467139467597,0,0
2019,9,37.0,-117.0,0.15906875,26.963283673922245,2.459655908918279,1.4432899657589449,0.02798228661219274,208.51692312862724,0,0
2019,9,37.0,-116.0,0.1492921875,28.06913270155591,1.7588473130523141,1.4494938048721728,0.02968623737494145,197.4937745835632,0,0
2019,9,37.0,-115.0,0.1954578125,29.38845704396568,2.1166565567760642,2.005544479610877,0.046998458769586304,218.5091277351603,0,0
2019,9,38.0,-124.0,0.56482,23.54035390218104,3.4475280022133363,4.740021328097219,0.1407877491138599,888.5414709647496,0,0
2019,9,38.0,-123.0,0.4912125,28.153364960352594,2.7222031932829793,4.043469953186761,0.13524931205643545,618.0961646605283,0,0
2019,9,38.0,-122.0,0.4098484375,31.021695597966534,7.188826726800102,2.5433617932536023,0.13799672789043846,325.40937745943666,0,0
2019,9,38.0,-121.0,0.5554218750000001,27.003976456324285,32.37810723674883,1.1028197789183911,0.22422153552373247,761.0500040464103,0,0
2019,9,38.0,-120.0,0.4239,19.37909484704338,25.710046684420007,1.310627568165332,0.22079176505406695,463.40144285932183,0,0
2019,9,38.0,-119.0,0.1826171875,23.999166091283186,11.344996674036878,1.2635289486317602,0.049461602171262053,168.07096695993096,0,0
2019,9,38.0,-118.0,0.1326921875,25.088836534818032,5.300698729282516,1.1007293844751425,0.03275252613756387,196.10875693615526,0,0
2019,9,38.0,-117.0,0.1928515625,24.021508089701356,9.099480157768625,1.064550854645544,0.03738643692599398,188.24902933556587,0,0
2019,9,38.0,-116.0,0.169553125,25.70575048128766,9.28611743455221,1.135491653809276,0.06713926162984632,201.41495612915605,0,0
2019,9,38.0,-115.0,0.24405156249999999,25.061084731419903,7.2654012330382045,2.060819181391276,0.08045704464117681,205.20044688601047,0,0
2019,9,39.0,-124.0,0.698546875,26.506192445755026,12.316503722271221,2.330716586165,0.1596237354808383,906.7786873783916,0,0
2019,9,39.0,-123.0,0.4794640625,29.055685202280706,7.099442577040094,1.1397659251977426,0.1600962761375639,763.4340644581243,0,0
2019,9,39.0,-122.0,0.48073125,31.248700412114488,24.908805426260727,0.8919177756823994,0.1768644786543316,466.54320298694074,0,0
2019,9,39.0,-121.0,0.6646062500000001,22.80436549186709,67.12902539601018,1.0227084695994315,0.32326938940419087,882.3888037586585,0,0
2019,9,39.0,-120.0,0.319534375,23.402007834116638,23.851126825487512,1.2065585246931425,0.13144184152285254,284.8582521546632,0,0
2019,9,39.0,-119.0,0.1358609375,26.234784356753057,10.256715046292442,1.1558691125106435,0.03425274259514274,180.01097068190575,0,0
2019,9,39.0,-118.0,0.1937234375,22.790605934460977,13.529361153072017,1.1224975194464115,0.04978978965017526,178.76798391807824,0,0
2019,9,39.0,-117.0,0.2164,22.826861659685797,18.160070685720342,1.2105899681235472,0.05145121150546598,178.97616233676672,0,0
2019,9,39.0,-116.0,0.2321671875,23.20321387449902,30.609918452849882,1.2430752315336784,0.07714321381515922,185.8438056660816,0,0
2019,9,39.0,-115.0,0.2484859375,23.23898005485538,32.49036164214303,1.4085702099703843,0.08810745345221621,207.31398579664528,0,0
2019,9,40.0,-125.0,0.7192583333333333,19.12273658469877,42.7679377140776,3.4764851181754497,0.19614819891658827,370.5556661718422,0,0
2019,9,40.0,-124.0,0.7338187500000001,22.90785079797111,36.79533970733573,3.5090622968086307,0.2516117831071218,712.3653907328844,0,0
2019,9,40.0,-123.0,0.49565000000000003,28.18980137507123,24.421116031756895,0.7881087686426977,0.2573961367209752,738.6900737183169,0,0
2019,9,40.0,-122.0,0.5979953125,24.26255227724713,63.59564342727353,0.6896629577245832,0.27441331280602344,722.5572074530646,0,0
2019,9,40.0,-121.0,0.4220828125,21.817796945571928,56.336698282560604,1.1510342703483218,0.24675649007161457,503.0253474833444,0,0
2019,9,40.0,-120.0,0.1774734375,23.730451154708884,32.359412100216645,1.3669140213543276,0.0675749046934975,154.09707929939032,0,0
2019,9,40.0,-119.0,0.154584375,23.99496231079104,19.609184164604443,1.3756184172371662,0.04009175631735054,162.8302710596472,0,0
2019,9,40.0,-118.0,0.186953125,23.368437584241256,21.05640868847658,1.0502960417837566,0.043305513925022514,153.583763865754,0,0
2019,9,40.0,-117.0,0.212453125,23.29912372430168,29.296094013428586,1.208277013333046,0.06267600125736655,157.40577899850905,0,0
2019,9,40.0,-116.0,0.2511140625,22.285461457570413,35.13822278199186,1.2967183047451585,0.15169297589196096,206.35921775829047,0,0
2019,9,40.0,-115.0,0.221865625,23.950614500045802,38.03305390482237,1.4150735425464287,0.07045978109041846,171.96590965613723,0,0
2019,9,41.0,-124.0,0.7638466666666667,20.868628958242933,65.99142467070047,1.8439399456951509,0.2803818039835235,586.0827294902668,0,0
2019,9,41.0,-123.0,0.6004515625,22.947283999125183,41.92545793210556,0.7411117777676474,0.2962130314773983,725.1323846867308,0,0
2019,9,41.0,-122.0,0.5784609375,23.115429290135722,57.55965125007023,1.146716712104858,0.2865892456637488,606.3646537950262,0,0
2019,9,41.0,-121.0,0.3631859375,21.383560005823796,54.18651869711866,1.2109635631621103,0.18454253772894538,322.1805451903492,0,0
2019,9,41.0,-120.0,0.2369,20.906151096026125,37.67987217014124,1.5659022586433469,0.08559683892461983,146.31792542058975,0,0
2019,9,41.0,-119.0,0.1621671875,23.146200791994758,20.162664979746836,1.362185608868084,0.0466994961102803,148.8155738916248,0,0
2019,9,41.0,-118.0,0.2099109375,22.712137524286927,24.725296927666562,1.39564449086997,0.05846718119250399,162.78748027980328,0,0
2019,9,41.0,-117.0,0.227934375,21.337491893768327,40.97118454245319,1.7767270661696428,0.09888158573044666,172.38900670781732,0,0
2019,9,41.0,-116.0,0.2535921875,20.949758680661535,46.695966433784264,1.507860261639662,0.13769146336449514,209.80516157578677,0,0
2019,9,41.0,-115.0,0.2377359375,22.432813668251057,44.037682863002914,1.4479209362657313,0.10065008203188573,184.35224529821426,0,0
2019,10,32.0,-117.0,0.3066083333333333,25.866098068606497,0.5018668539555904,0.8213492000667986,0.07125790593444654,353.5361969843507,0,0
2019,10,32.0,-116.0,0.20586666666666664,30.921052458978494,0.03175710437020024,1.6060060383554715,0.059193188785224775,266.9890739489347,0,0
2019,10,32.0,-115.0,0.16624166666666662,32.05661544799808,0.11172558290084564,2.1292644883553606,0.06556706915619549,279.0016960352659,0,0
2019,10,33.0,-119.0,0.33466666666666667,23.597683125157516,0.8946810207994815,1.797014678383803,0.06864082172352774,161.4889968186617,0,0
2019,10,33.0,-118.0,0.34011,26.5878291673558,0.48573864422560104,0.9726113192656584,0.0787711164002777,287.2478114441037,0,0
2019,10,33.0,-117.0,0.28010624999999995,27.02802650697771,0.2246021117748853,1.0201670599949908,0.06744267671338969,366.40866252128035,1,1
2019,10,33.0,-116.0,0.14028125,29.332187932537476,0.027910742137038307,1.6924495099502486,0.030779655902616394,202.3754040710628,0,0
2019,10,33.0,-115.0,0.14394166666666663,30.646240391269828,0.11907045838555058,2.282049629204515,0.023985264762755323,243.00592625513673,0,0
2019,10,34.0,-121.0,0.404575,21.83607595505255,0.0861455666255987,3.9637838934692433,0.12442750272785034,350.11009871959686,0,0
2019,10,34.0,-120.0,0.40606818181818183,23.44281929590372,0.14214585192774642,3.40848753496792,0.11711083083092172,648.1336571953514,0,0
2019,10,34.0,-119.0,0.33687179487179486,25.743488872140013,0.4206231201995372,1.3895184502002802,0.08687464606508849,453.0044211409031,0,0
2019,10,34.0,-118.0,0.28522916666666664,26.60064472229251,0.2387700892718669,0.7007294047451332,0.055750942037951515,323.3003120403737,0,0
2019,10,34.0,-117.0,0.1881145833333333,24.498587849832376,0.08613959063907824,1.6677438569403569,0.0446438186912126,289.2240540822968,0,0
2019,10,34.0,-116.0,0.1019958333333333,27.397197580337554,0.037624203759634094,1.723720807674464,0.014549193202808293,161.6789095569402,0,0
2019,10,34.0,-115.0,0.12668333333333331,29.158585674532024,0.04099908393939694,2.18484972626325,0.02430071337248685,228.35304436739534,0,0
2019,10,35.0,-122.0,0.44038333333333335,23.84235387002269,0.03489147049506865,1.739820750310333,0.13779771968882565,507.1975504979491,0,0
2019,10,35.0,-121.0,0.348351282051282,25.22658287849776,0.04808186375954569,2.3755245576643165,0.1357318374911451,284.49182126384517,0,0
2019,10,35.0,-120.0,0.2920875,26.14128431504774,0.03470613730272016,1.235814756938573,0.10904705941036179,264.69766767695546,0,0
2019,10,35.0,-119.0,0.30793750000000003,23.34618037285345,0.06664957028945646,1.104797942767737,0.09644278883934017,293.4795555192977,0,0
2019,10,35.0,-118.0,0.13833124999999996,24.61462439567815,0.044156965959274375,1.1703977590996253,0.014017500864562119,151.52032359037548,0,0
2019,10,35.0,-117.0,0.0980958333333333,25.762800204369356,0.14560756382664405,1.207336308464967,0.0032366209773606698,151.13896352704614,0,0
2019,10,35.0,-116.0,0.129125,24.17634030618977,0.19416649003645145,1.9100585568252595,0.017699909787024168,155.3798773093149,0,0
2019,10,35.0,-115.0,0.14386666666666664,25.347325512670725,0.11436099295636377,2.3440522251951843,0.024896827115807426,185.61612302437425,0,0
2019,10,36.0,-122.0,0.47581212121212124,23.575788284257033,0.3351719945177201,2.3971474471372143,0.12466321437434208,340.02036702903837,0,0
2019,10,36.0,-121.0,0.2838,25.96557699788003,0.03322044496556481,1.5620842428414243,0.13259108829241922,319.96061361860484,0,0
2019,10,36.0,-120.0,0.3330125,27.324271912728616,0.07172970210334023,1.585302018389087,0.12883554831627872,341.29227430094033,0,0
2019,10,36.0,-119.0,0.41779374999999996,18.3829188839082,0.8963126979502078,0.6065648709036275,0.14530228607116202,418.5382772702724,0,0
2019,10,36.0,-118.0,0.14816249999999995,21.641624853687926,0.1087306823315259,0.5914751425995234,0.0194120230854198,124.83017519116402,0,0
2019,10,36.0,-117.0,0.11179374999999997,24.852129185584303,0.03926472847481927,1.3722002467463594,0.006711980347992228,140.58252738323063,0,0
2019,10,36.0,-116.0,0.15744791666666666,21.86094258216121,0.030243472355806426,1.0988507062649395,0.026717500981464144,150.21422284189612,0,0
2019,10,36.0,-115.0,0.14113958333333332,24.231881567739695,0.027991301539742545,1.5960543982315365,0.025982938146078407,160.32043343875557,0,0
2019,10,37.0,-123.0,0.5645833333333333,21.98523529421901,0.20992796045860013,2.2259941219336663,0.10705478857922293,395.794543903321,0,0
2019,10,37.0,-122.0,0.46297083333333333,24.349407240139552,0.22053401715875032,3.145435404499041,0.13005849922002427,327.2730110523601,0,0
2019,10,37.0,-121.0,0.35620833333333335,27.007924421371982,0.07167521973272524,1.76873271172045,0.12980802821856668,262.5641223276034,0,0
2019,10,37.0,-120.0,0.41599375,21.308024471036866,0.38071622249802317,1.3341144352414704,0.17477576835181124,564.3490919610485,0,0
2019,10,37.0,-119.0,0.2761770833333333,14.798827805057673,1.3507850758465167,0.591005936859277,0.12627676994569836,242.2752829734236,0,0
2019,10,37.0,-118.0,0.1371208333333333,19.030569133450925,0.16848364022692403,1.2351992835562968,0.024042299357793607,122.2198928007856,0,0
2019,10,37.0,-117.0,0.1543395833333333,19.098821604636427,0.11465156559964382,1.3801465961492392,0.027860082285378514,146.35694562457502,0,0
2019,10,37.0,-116.0,0.15237708333333333,19.848238825028965,0.12301228118261062,1.37880211718533,0.029785611937122917,138.44330224674195,0,0
2019,10,37.0,-115.0,0.20098749999999996,20.7834021229898,0.22084701915403568,1.4887596062788644,0.04686734048269122,153.25639361981302,0,0
2019,10,38.0,-124.0,0.5827866666666667,21.38109765821889,1.368278666559064,3.559732889675338,0.13956857257419159,989.1156930476427,0,0
2019,10,38.0,-123.0,0.48284166666666667,24.83417179815233,0.1819801341476079,2.480350403104186,0.13450491492466257,608.8137613842264,0,0
2019,10,38.0,-122.0,0.380575,26.513438158650576,0.525240256610715,1.5973587830246183,0.1325184728509636,308.90015873592347,0,0
2019,10,38.0,-121.0,0.5473458333333333,22.545524907881237,1.7940066113801834,1.09250171208126,0.20960423670789244,784.3383280560374,0,0
2019,10,38.0,-120.0,0.406325,14.686558864962684,0.35768903901001176,0.7426111191520248,0.20648355157144604,394.80045973323286,0,0
2019,10,38.0,-119.0,0.17326249999999999,16.57907267847371,0.12713594471236428,0.7788284918543423,0.04455588645832508,109.81844621710479,0,0
2019,10,38.0,-118.0,0.13017083333333332,16.45489390742397,0.040746695521676146,1.372318573252762,0.0309205241100762,131.538444198668,0,0
2019,10,38.0,-117.0,0.19161874999999998,15.58894595330764,0.07526709807237347,1.171283512503167,0.036218164108132764,123.29839856829494,0,0
2019,10,38.0,-116.0,0.16946249999999996,16.629385220619962,0.24883396101316174,1.2558356952698262,0.06765007331807123,130.9579461812973,0,0
2019,10,38.0,-115.0,0.24699791666666665,16.067146835019532,1.3147529039265748,1.0882421227750112,0.08019249958376727,132.89297686424106,0,0
2019,10,39.0,-124.0,0.6736125000000001,23.20615428801507,2.8464588626953002,1.5734271707495044,0.16115894689354843,887.0779513381422,0,0
2019,10,39.0,-123.0,0.45312708333333335,24.304919392062796,0.45227299553474154,1.8279331937477463,0.1580953495476835,679.5527943177149,0,0
2019,10,39.0,-122.0,0.42551666666666665,25.921363156841668,1.9372046749772664,1.776424538148936,0.1709432348769198,442.3069506883621,0,0
2019,10,39.0,-121.0,0.6482104166666667,17.964719521614843,5.215584003526175,1.3268803801002556,0.34008106076589195,855.6479405378923,0,0
2019,10,39.0,-120.0,0.29627916666666665,16.48499633727537,0.27113285024782385,0.6701042147299482,0.12611031692515134,210.87761654052883,0,0
2019,10,39.0,-119.0,0.12715624999999997,17.663278282842352,0.3305153745891687,0.7715188071882597,0.032327887832477475,115.63909670803696,0,0
2019,10,39.0,-118.0,0.19032499999999997,14.809558725357082,0.39546627660413947,0.6680420544236572,0.046685480943290086,117.16810369398445,0,0
2019,10,39.0,-117.0,0.21264791666666666,14.267642354965233,0.3312699787052509,1.294228871718886,0.04590560543921681,116.53865431435406,0,0
2019,10,39.0,-116.0,0.2241708333333333,13.751210877203196,0.609837641167843,1.3687312859671423,0.09844443266109748,114.4037761259824,0,0
2019,10,39.0,-115.0,0.23677499999999999,13.558444141572547,2.502318174737894,0.9052276696571008,0.11033867187397452,130.54483709856868,0,0
2019,10,40.0,-125.0,0.7277666666666667,16.858567044384642,19.558051795651384,2.815483740670274,0.2354228818430838,405.1988576021459,0,0
2019,10,40.0,-124.0,0.7380208333333333,19.411171324022384,14.046309451732242,2.6889282186734365,0.2742750564570068,671.1013208841905,0,0
2019,10,40.0,-123.0,0.5039625,22.765470730873865,4.286436998444998,1.7662196575435152,0.2504057297783513,623.7128395587206,0,0
2019,10,40.0,-122.0,0.5866729166666667,18.73069486618044,4.106555535617673,1.396726933014648,0.2819280432116601,632.3070593643934,0,0
2019,10,40.0,-121.0,0.4296041666666667,15.078155520654509,2.983729523766243,0.5406717212661472,0.2519449566000251,397.63165079057217,0,0
2019,10,40.0,-120.0,0.17354166666666665,15.774415842179344,2.1414884190740224,0.673370841826327,0.06672385431105086,100.16904131043702,0,0
2019,10,40.0,-119.0,0.14697291666666662,15.437356644292048,2.2168149530621406,0.911838309476579,0.039089411176660975,104.89930782932788,0,0
2019,10,40.0,-118.0,0.17256249999999998,14.720362389472246,2.0738071121009227,0.7429982810276717,0.03772790169203148,96.71270265243948,0,0
2019,10,40.0,-117.0,0.19290624999999995,14.258694067308998,2.4808085813852188,0.8923443709208059,0.047417412842473625,100.65805003978312,0,0
2019,10,40.0,-116.0,0.23579166666666662,12.499233118180332,5.5211090307416555,1.0980737862182703,0.16247057113596183,127.58144573308527,0,0
2019,10,40.0,-115.0,0.21239791666666663,12.798886925174365,3.2283018167795774,1.3536693089906442,0.10619994517295589,99.20977987349033,0,0
2019,10,41.0,-124.0,0.7597911111111112,17.114485715367053,33.266373628599645,1.6460415574060314,0.3243418068014165,563.399921150671,0,0
2019,10,41.0,-123.0,0.6006750000000001,17.395039969105905,13.36040620801171,1.1247691863836258,0.31592155207869826,584.8679037299007,0,0
2019,10,41.0,-122.0,0.571975,17.062312959855625,7.905584463077986,1.2002838817718124,0.281012479336031,502.99839861691,0,0
2019,10,41.0,-121.0,0.35643125,14.57043137396538,8.291522442522847,0.702502121073123,0.18062714639530383,240.82212953362614,0,0
2019,10,41.0,-120.0,0.2300958333333333,13.302512548815844,5.8179732236745,1.1040091188917618,0.072620254370474,93.26476894784719,0,0
2019,10,41.0,-119.0,0.1584020833333333,14.653691571758664,3.001808823245966,0.9143186277393676,0.03523197001026517,94.58648250438273,0,0
2019,10,41.0,-118.0,0.1876895833333333,13.916205670756703,3.8826490577044126,1.2788729190894412,0.04824027002498663,106.13200662191957,0,0
2019,10,41.0,-117.0,0.20787291666666663,12.355007659235337,6.720188242542946,1.971969240695772,0.08726876237059147,112.20645974390209,0,0
2019,10,41.0,-116.0,0.24297916666666663,11.299239177088605,10.002352000373804,1.5208533661811896,0.14291652876843683,131.73098384868354,0,0
2019,10,41.0,-115.0,0.23368124999999998,11.355928493315197,8.644489973011815,1.5542635034185843,0.12405906441391153,110.05275056231767,0,0
2019,11,32.0,-117.0,0.327540625,21.11092734336856,85.48397138038766,0.941493865149158,0.14432214564747275,216.06133598834276,0,0
2019,11,32.0,-116.0,0.2220125,25.07886511484785,25.531932108794564,1.3528149716172724,0.08807311190499194,157.5697197113186,0,0
2019,11,32.0,-115.0,0.1890875,25.816597414016748,41.13051328132045,1.2655022068855273,0.11864153676562834,157.5458855368197,0,0
2019,11,33.0,-119.0,0.3507125,20.035279337565132,52.67770760947954,2.4558663777423035,0.11504544681972925,98.38889539241791,0,0
2019,11,33.0,-118.0,0.359545,22.337682181464316,83.57587467823915,0.8237145568707087,0.15395633909437387,177.19587391863269,0,0
2019,11,33.0,-117.0,0.295209375,21.798118893305478,63.97517523983609,1.0907237936835383,0.13042777346240148,224.28088367450982,0,0
2019,11,33.0,-116.0,0.148065625,23.59877336819968,23.98297619329881,1.4246909540269646,0.061409764157401146,112.25692799780518,0,0
2019,11,33.0,-115.0,0.1512515625,24.21105451583865,50.98672407003235,1.5827664743864804,0.08780985772609706,127.49153689946979,0,0
2019,11,34.0,-121.0,0.4152125,18.577209027608294,49.43154676451773,2.972315697690468,0.15415533913506396,222.18953430031738,0,0
2019,11,34.0,-120.0,0.4164454545454545,19.351180725868325,46.702617980891475,3.432870305833573,0.14858771092963938,402.7598888585062,0,0
2019,11,34.0,-119.0,0.3466173076923077,20.957176348694393,52.56281975219524,0.9727191383177411,0.12888497273806487,271.2854176091078,0,0
2019,11,34.0,-118.0,0.289121875,21.44598025480908,57.97554096462321,0.7513747843752314,0.10329310695330299,194.85235877800733,0,0
2019,11,34.0,-117.0,0.1844953125,18.98159536520642,36.09938649715971,1.1016827854985076,0.08264632655514607,168.64603362046182,0,0
2019,11,34.0,-116.0,0.1033625,21.750568103790307,30.544298331012243,1.2070943296054348,0.06873516672187377,90.50725679844618,0,0
2019,11,34.0,-115.0,0.13211562500000001,22.974114012718236,74.81803568335366,1.271378253842148,0.10664046373632215,117.75937199126929,0,0
2019,11,35.0,-122.0,0.46238750000000006,19.504615656534867,39.65050713414442,1.0362601269906804,0.16199813418918185,285.3799229487777,0,0
2019,11,35.0,-121.0,0.3697365384615385,20.561143108922217,43.65470824564756,1.5026468308954115,0.1646868318574041,168.53988538376794,0,0
2019,11,35.0,-120.0,0.3176046875,21.03315628369651,36.38185337441158,0.6156425058889978,0.1461780918969048,153.3130529569462,0,0
2019,11,35.0,-119.0,0.318984375,18.785836235682194,49.75456032225978,0.8551842362879318,0.14054644405841824,170.3312445897609,0,0
2019,11,35.0,-118.0,0.1455890625,19.456828284263633,32.22499285148572,0.943984950910042,0.0419547683662838,75.75411268044263,0,0
2019,11,35.0,-117.0,0.0996453125,20.24128568172457,23.52342182094347,0.8689569177142172,0.04076302482022175,78.90994544140995,0,0
2019,11,35.0,-116.0,0.13375,18.632456747690863,44.10415059210848,1.2610957455971532,0.0922294567028681,82.05416554119438,0,0
2019,11,35.0,-115.0,0.150909375,19.248192540804574,102.55519124003243,1.580478827558134,0.13134159810013238,98.40793500188738,0,0
2019,11,36.0,-122.0,0.48044545454545456,19.341225144357423,39.984921759402575,1.2768055346029183,0.15238246660842636,190.5571984860933,0,0
2019,11,36.0,-121.0,0.306328125,20.71841985384625,31.76145777361583,0.7851873482222372,0.15787973801294958,184.30228473152965,0,0
2019,11,36.0,-120.0,0.3281546875,21.875526205698673,44.72904894756269,0.7314865677883597,0.16546838515334655,199.34171659406275,0,0
2019,11,36.0,-119.0,0.37787187499999997,13.504299616813675,65.28028971770894,0.8178494295494791,0.16993217335806948,261.3529773661867,0,0
2019,11,36.0,-118.0,0.14765,16.19040966033938,33.63757124425959,0.6987535399576279,0.037997099757194466,63.40268661733717,0,0
2019,11,36.0,-117.0,0.11334999999999999,19.07652560869855,28.681924662311786,1.0259735434639758,0.053354181183709,70.91612555086613,0,0
2019,11,36.0,-116.0,0.1641,16.138236300150577,48.5573756534059,0.7636643991760853,0.09885453979174291,76.77532685920596,0,0
2019,11,36.0,-115.0,0.14792031249999998,18.38593002955121,94.95563954370212,1.1573851940089406,0.12825016909175446,78.19496642332524,0,0
2019,11,37.0,-123.0,0.5559875,17.56043135325116,42.74049853230011,1.526712867887491,0.13863612148496837,203.35758849978447,0,0
2019,11,37.0,-122.0,0.46488125,19.505181241035487,34.41603157614163,2.1376808187788807,0.15592352074605445,171.7250004876405,0,0
2019,11,37.0,-121.0,0.3593328125,21.07383017539981,28.354654649962896,0.7668404129984597,0.15231664611233603,142.19821814913303,0,0
2019,11,37.0,-120.0,0.39841875,16.554002698262554,60.68830667318892,0.7990938097502558,0.18982806139522124,367.42174543906003,0,0
2019,11,37.0,-119.0,0.23921875,9.346387060483323,58.13033818522584,0.5669421248791094,0.1379968272315131,133.18972976412624,0,0
2019,11,37.0,-118.0,0.13484375,13.427307597796144,37.69785221921396,1.1265499860351404,0.05612353550063233,58.302012155763805,0,0
2019,11,37.0,-117.0,0.15588125,13.55391230583194,37.885327686314696,1.0526401207674363,0.08680329852634001,68.07997776195407,0,0
2019,11,37.0,-116.0,0.1600828125,14.314517211914083,34.891420838182086,1.048452383039664,0.08110252486334904,66.07136013917625,0,0
2019,11,37.0,-115.0,0.2132796875,15.362529643376682,78.68828517640125,1.2991682028406095,0.1390202356709374,73.11310188379139,0,0
2019,11,38.0,-124.0,0.574905,17.23023432413738,45.38799622351419,2.413740592021352,0.16773759771276398,524.5795757820209,0,0
2019,11,38.0,-123.0,0.48574218750000003,20.05496504306795,35.706722971742266,1.6271086964288652,0.16222970287005103,320.72055782191455,0,0
2019,11,38.0,-122.0,0.366053125,20.861200674374917,25.49641216429066,0.8794790494994424,0.15344945258564416,147.1935659646988,0,0
2019,11,38.0,-121.0,0.5248375000000001,17.979936257998176,43.82489910604548,1.007461813246024,0.19860797425111132,512.6666226424277,0,0
2019,11,38.0,-120.0,0.354146875,10.301218406359379,45.54551546717178,0.8208734372993862,0.1968220303455988,235.13221216853708,0,0
2019,11,38.0,-119.0,0.1599859375,11.480838282903061,27.494220158775562,0.6030106210209494,0.07794112397564779,49.89695409312844,0,0
2019,11,38.0,-118.0,0.12139375,11.46422528425855,25.161592851151937,0.8708010396300152,0.056570704115761594,60.91188348364085,0,0
2019,11,38.0,-117.0,0.175646875,10.369056383768733,37.2138252507348,0.6834250689490832,0.07064750459459088,53.09809639584273,0,0
2019,11,38.0,-116.0,0.16666406250000002,11.160096486409529,33.39048903690767,0.7913406438808435,0.10333493550618486,60.38911349605769,0,0
2019,11,38.0,-115.0,0.2303703125,10.672887746493046,47.16922305779647,0.6248578128044687,0.13458864920669128,56.36749614495784,0,0
2019,11,39.0,-124.0,0.6612718750000001,19.412713193893445,45.15542588451993,0.9894301537432644,0.17536164522171016,548.6060157418251,0,0
2019,11,39.0,-123.0,0.442196875,20.11535471280418,31.878101269473547,1.014509732519574,0.17689716849062173,401.57142165116966,0,0
2019,11,39.0,-122.0,0.387453125,20.873091514905315,28.61242750914883,1.1264856268737495,0.17321453756756247,247.52012360841036,0,0
2019,11,39.0,-121.0,0.6103390625,14.753564349810308,52.926896468495244,1.1402065534960968,0.2829791655143102,567.9051972692832,0,0
2019,11,39.0,-120.0,0.25724375,11.939898029963192,29.214697520007604,0.4851652683440822,0.14419866998990372,117.60697176214308,0,0
2019,11,39.0,-119.0,0.1252359375,12.497046264012674,19.690002177600974,0.3434846479539082,0.06510853966077164,55.67942443303764,0,0
2019,11,39.0,-118.0,0.168846875,10.458929077784244,25.102606371735448,0.3612564184803283,0.07079214619265659,55.430975276976824,0,0
2019,11,39.0,-117.0,0.17586875,9.442525823911051,29.60460828872513,0.6633673610774548,0.060404343737496216,49.98332622926682,0,0
2019,11,39.0,-116.0,0.186809375,9.163382101058978,33.700843437333816,0.7997883534492021,0.08291907575395369,50.425028312020004,0,0
2019,11,39.0,-115.0,0.1997046875,8.76414990425112,40.129310779963845,0.7929915359697395,0.09533547759056087,59.9752354901284,0,0
2019,11,40.0,-125.0,0.7269916666666667,14.365717117874738,60.42465533178208,2.2031121549661505,0.2262417357644917,235.65200509296525,0,0
2019,11,40.0,-124.0,0.7267078125,16.54189272721611,57.95561974192154,1.973852850828066,0.2554483635558022,412.7404537284747,0,0
2019,11,40.0,-123.0,0.50246875,19.300569009780908,43.704456745405906,1.065920463018582,0.240668812725279,379.78669349104166,0,0
2019,11,40.0,-122.0,0.559825,15.593801252047239,34.88341379234683,1.1570851226891632,0.23083497550752427,413.9987590024248,0,0
2019,11,40.0,-121.0,0.3896375,11.375591135025047,23.22243955241632,0.6674087224823084,0.19996449980470865,225.1835698261857,0,0
2019,11,40.0,-120.0,0.1529359375,11.733002026875834,13.416147653703803,0.7158869390279623,0.05564332703749334,47.12978680618107,0,0
2019,11,40.0,-119.0,0.1385890625,11.588961084683753,14.014953144585007,0.4972739046123003,0.04510718550946973,50.05743517540395,0,0
2019,11,40.0,-118.0,0.1533703125,11.144223157564813,14.084641684537047,0.4463949027522286,0.04652642673916282,45.52337736822665,0,0
2019,11,40.0,-117.0,0.16869375,10.341860421498641,18.83668601768207,0.4733750205200524,0.05604341493712526,45.46201031189412,0,0
2019,11,40.0,-116.0,0.191296875,8.690834792455064,24.96546982111525,0.6428611354474201,0.13619930115011,60.078360605984926,0,0
2019,11,40.0,-115.0,0.169690625,9.022068285942108,27.573212844078654,0.8798019992178582,0.06731891069147317,42.60487330611795,0,0
2019,11,41.0,-124.0,0.7250566666666667,14.559970737033446,68.05275586275086,1.0972979649510624,0.29611723735008705,324.3516572647624,0,0
2019,11,41.0,-123.0,0.5404265625,14.002313431104046,52.682253162135595,1.0598083863373378,0.26964661114745664,363.620437332429,0,0
2019,11,41.0,-122.0,0.5397578125,13.415965255101547,30.730297419001573,1.130792992641335,0.22634698483679028,307.4049644637853,0,0
2019,11,41.0,-121.0,0.3300140625,11.423108164469426,15.8013525444467,0.8935500365052792,0.1267844551139407,137.9066816298291,0,0
2019,11,41.0,-120.0,0.1881921875,10.284368944168104,15.911516596322173,0.7165276857791186,0.043903205792109115,44.59200263954699,0,0
2019,11,41.0,-119.0,0.1406390625,10.924873661994955,13.475000953992122,0.6175158282687132,0.032054492831230116,43.99583849590272,0,0
2019,11,41.0,-118.0,0.16835,10.474705187479675,13.368393390198463,0.4635666096347672,0.0462802734639909,50.549606210552156,0,0
2019,11,41.0,-117.0,0.1692828125,9.27017413775128,19.735911723916644,1.2665913551945542,0.06941409309705095,54.85854623839259,0,0
2019,11,41.0,-116.0,0.188821875,8.457628512382524,22.90551164442789,0.911744022176871,0.11385468741257981,66.48815225344151,0,0
2019,11,41.0,-115.0,0.1751515625,8.657800054550194,21.68673170054447,0.8708922416759138,0.08254946238464775,52.02912958338857,0,0
2019,12,32.0,-117.0,0.371534375,14.701380825042747,101.17995625135734,1.1292287332340596,0.3254944342438892,111.35407467372715,0,0
2019,12,32.0,-116.0,0.23775000000000002,17.50728835136662,37.204700780634425,1.479715681509995,0.2212382888281217,90.68451542407274,0,0
2019,12,32.0,-115.0,0.20899062499999999,18.349976650361114,20.48448173103168,2.0421160950571604,0.18570233352722657,98.22914726100862,0,0
2019,12,33.0,-119.0,0.38588750000000005,16.374075538881385,112.22917472717597,1.1474945330697888,0.3279119563359086,63.77182528376579,0,0
2019,12,33.0,-118.0,0.391825,16.422790297641562,122.90852378206883,0.6842921595101875,0.3451376036503836,88.2013284911712,0,0
2019,12,33.0,-117.0,0.31730625,14.446926496874916,85.78201455769374,1.0502874977595635,0.29598787266721005,106.36655916459858,0,0
2019,12,33.0,-116.0,0.1592921875,16.418137861067276,39.82243526500895,1.354282147213436,0.15588157599972138,63.18555830512196,0,0
2019,12,33.0,-115.0,0.158084375,16.765332571152737,22.278002023298882,2.267535581245871,0.16078255125271373,75.04319411236793,0,0
2019,12,34.0,-121.0,0.49091250000000003,15.11678696499078,96.45092683928642,0.4809511959888673,0.3417100222734567,221.67612317328653,0,0
2019,12,34.0,-120.0,0.46695,13.607616194112587,103.83826436813291,1.2354136920294705,0.34083373851906634,206.663540141149,0,0
2019,12,34.0,-119.0,0.38107115384615386,13.235370357062253,120.03907285070316,1.370004553155473,0.33536021098769797,120.93333584757951,0,0
2019,12,34.0,-118.0,0.30645,13.56247808394896,104.31293028180733,1.1112503924389938,0.3266003574094465,81.07492455746979,0,0
2019,12,34.0,-117.0,0.18435,11.658371836139334,66.49588656385674,0.9172518334832902,0.23315985612971807,79.00035381317139,0,0
2019,12,34.0,-116.0,0.1049375,14.17173111361845,45.547484213088296,1.516143210393528,0.17762777241327427,47.188122756779194,0,0
2019,12,34.0,-115.0,0.140746875,15.18405413935264,32.093180369187735,1.8265757842508843,0.23451465111906808,61.082471860572696,0,0
2019,12,35.0,-122.0,0.5301625000000001,14.45604698427266,134.27265247104003,0.4523393538527033,0.37245833232838615,174.96839258819818,0,0
2019,12,35.0,-121.0,0.44300576923076923,14.841719317692597,94.84313849468005,0.6789383314022523,0.36586844562859705,108.51212242283883,0,0
2019,12,35.0,-120.0,0.3879171875,14.553231757686998,73.49684231688514,0.9811247242703116,0.36276920412176394,73.1929016765207,0,0
2019,12,35.0,-119.0,0.35502500000000003,11.15698853154339,84.72571710829868,1.060712003302644,0.3458808477847807,77.45620026253164,0,0
2019,12,35.0,-118.0,0.1511546875,11.39494972382824,60.93765937497153,1.3092979117371537,0.2517718595843161,32.878375495783985,0,0
2019,12,35.0,-117.0,0.10389374999999999,12.55064686190699,37.965118677888654,1.0587807156973363,0.18945235718962963,39.30786449927837,0,0
2019,12,35.0,-116.0,0.140034375,10.990246837369885,35.59533276369109,1.6716050317908837,0.2286400083572633,39.27259857300669,0,0
2019,12,35.0,-115.0,0.16289375,11.454959518678756,40.15914679278865,2.084687141596173,0.3066544532775879,43.74688665848225,0,0
2019,12,36.0,-122.0,0.5225272727272727,13.56007794392309,163.03178689639836,0.9087156721660546,0.3745417131900632,113.96592042662881,0,0
2019,12,36.0,-121.0,0.384090625,13.744712263538013,97.55167577189638,0.8790734003388804,0.38927377167568405,77.34610349871218,0,0
2019,12,36.0,-120.0,0.3739734375,14.862966686679496,91.09128688236012,0.7087219118514444,0.3512209240467317,78.71365151368082,0,0
2019,12,36.0,-119.0,0.3284578125,5.50410989330663,90.8397196583195,1.0698364033778232,0.32753869410484066,83.05805712006986,0,0
2019,12,36.0,-118.0,0.1345859375,7.746206055918062,49.04781144817605,1.1125914954614071,0.2560307216900651,18.572603235952556,0,0
2019,12,36.0,-117.0,0.11646875,11.316774171398553,29.80705702451303,1.5824837181224585,0.21612445673634928,31.697973958216608,0,0
2019,12,36.0,-116.0,0.1678046875,8.152219575451287,36.97116931674316,1.1907289744852405,0.2811276925507412,31.137836980633438,0,0
2019,12,36.0,-115.0,0.15643125,10.355098942787443,51.13440242369904,1.7585394440832949,0.32705946282673903,35.727422568015754,0,0
2019,12,37.0,-123.0,0.583825,13.456972017595874,184.73455009755924,0.7710808008688597,0.39369142952785696,115.06564589217305,0,0
2019,12,37.0,-122.0,0.527009375,13.586929221819823,175.32407231092387,0.953097035697891,0.3888832739818053,97.25614415947348,0,0
2019,12,37.0,-121.0,0.42209375,14.34531840508986,155.04514312145545,1.068541192874232,0.3701015573035004,67.54310510586947,0,0
2019,12,37.0,-120.0,0.4036,8.905959839974706,159.74664271583094,1.1255031274164244,0.3830638822688851,111.49406526237726,0,0
2019,12,37.0,-119.0,0.1664078125,-0.44443239396616363,85.64805148874655,1.2978335212533636,0.21125897925387144,28.49993808194995,0,0
2019,12,37.0,-118.0,0.1280265625,3.30139407342482,32.126562229890965,1.062465528109973,0.24344007750993132,13.391329208388925,0,0
2019,12,37.0,-117.0,0.1553453125,4.506169391447525,31.90021754947736,1.6931768085397108,0.25997622359183525,24.22737656161189,0,0
2019,12,37.0,-116.0,0.160246875,5.123144775821338,30.465571933959268,1.7097512265692854,0.2876741270865163,23.91388767864555,0,0
2019,12,37.0,-115.0,0.2184421875,5.950088242561609,47.997997400884174,1.7778735833512862,0.3809624519399417,22.662092582322657,0,0
2019,12,38.0,-124.0,0.597795,12.484149087885385,211.67013158795672,1.1961852197708895,0.3929524599437645,251.41643298168978,0,0
2019,12,38.0,-123.0,0.5365828125000001,13.262092339608003,210.04016793106928,0.6579066016776777,0.3929337365652925,107.39493265282363,0,0
2019,12,38.0,-122.0,0.4158015625,13.976034290559852,183.62294815254643,1.3522852350381438,0.39025904286292284,64.41757641732693,0,0
2019,12,38.0,-121.0,0.531515625,10.758696736058909,280.3430229216559,1.4263579822193402,0.42747511818844786,184.81120048090816,0,0
2019,12,38.0,-120.0,0.2722609375,0.8817895796991451,170.24678553228512,1.3178647745016188,0.32334289627690466,57.93721682857722,0,0
2019,12,38.0,-119.0,0.1524765625,1.9819343428458147,30.98947254714801,1.729077048672608,0.2629331824600055,11.929963249713182,0,0
2019,12,38.0,-118.0,0.104040625,1.6094843295312913,29.976919086251996,1.675287888599723,0.23033090464530448,15.569060225971043,0,0
2019,12,38.0,-117.0,0.1372859375,-0.3017671154391124,36.5486911289139,1.3365770113992317,0.25762018144771615,6.073711323551834,0,0
2019,12,38.0,-116.0,0.1482609375,0.8811870036586917,27.117938993100665,1.148857498619518,0.35423378726487514,12.451812741346657,0,0
2019,12,38.0,-115.0,0.19875937500000002,-0.1226139576204126,34.54039388110175,0.973401730059962,0.35662801419534984,4.963764804415405,0,0
2019,12,39.0,-124.0,0.686396875,11.605771852308727,171.38989342150523,0.9032139853656632,0.3907446393402674,178.363676648587,0,0
2019,12,39.0,-123.0,0.47581875,11.185714332519062,171.13151171018615,0.5349643098796597,0.40308224994649167,105.40276241954416,0,0
2019,12,39.0,-122.0,0.3922171875,13.321913952981294,221.0412733513607,1.221534002077678,0.39813364737777296,85.78920329455286,0,0
2019,12,39.0,-121.0,0.543678125,6.076079410122308,297.37605971989467,1.2603677462637737,0.4686005336623038,153.37958058808,0,0
2019,12,39.0,-120.0,0.2205875,3.8419669166688237,97.71949847002759,0.8196452993980284,0.37974329372887966,28.29878858756274,0,0
2019,12,39.0,-119.0,0.12145625,6.448338334791146,31.21470685822203,1.5591616234401209,0.24948239390568064,22.906415397301316,0,0
2019,12,39.0,-118.0,0.1358734375,0.598275956799924,42.263358857084654,1.654895613820197,0.24766725878561693,6.704186089336872,0,0
2019,12,39.0,-117.0,0.11364375,-1.1970157207980954,35.053332594756625,1.303337773353184,0.22511788081097342,3.4805466420948505,0,0
2019,12,39.0,-116.0,0.120771875,-1.3898748705463788,32.01461143565609,1.3337759795490776,0.2884009198475909,3.8248830242082477,0,0
2019,12,39.0,-115.0,0.1537171875,-1.2464377157149613,30.536707516361616,1.538195942216406,0.21375419023216408,6.567344884388149,0,0
2019,12,40.0,-125.0,0.7392916666666668,12.225251332491572,221.35998277595408,1.5920457094040976,0.39302499490826787,265.394183082713,0,0
2019,12,40.0,-124.0,0.73506875,9.565464653507377,187.90120214929118,1.5561646607239692,0.43763520256165533,171.67589685413986,0,0
2019,12,40.0,-123.0,0.5272375,9.701595186418125,205.1482170611365,0.6560527305337259,0.45617303796993786,83.73844076413661,0,0
2019,12,40.0,-122.0,0.5347203125000001,6.418554809016587,202.71479690221383,1.3154173883985585,0.4309345387643383,99.74005061667413,0,0
2019,12,40.0,-121.0,0.33592812499999997,2.1425547861284038,113.83840909932985,1.28157472279984,0.3763902594325363,48.7567848758772,0,0
2019,12,40.0,-120.0,0.143440625,3.9659906848784736,54.26933781949117,0.4476892234807509,0.2870818943746628,12.057182029820979,0,0
2019,12,40.0,-119.0,0.138659375,4.099346394692727,42.99168780219986,0.7515118574341284,0.2639183946835097,14.37920390162617,0,0
2019,12,40.0,-118.0,0.150121875,2.8232983573790804,40.11744798866346,0.8683234675322431,0.2629663771198642,12.38695322535932,0,0
2019,12,40.0,-117.0,0.141275,0.27389928140950204,44.62901249301865,1.4338868183786495,0.2710282395603836,7.324362057261169,0,0
2019,12,40.0,-116.0,0.101196875,-1.6721280128724878,55.62177442719474,1.6017273822429037,0.30610759059588116,5.73020544834435,0,0
2019,12,40.0,-115.0,0.109934375,-0.8915459463672981,28.56285919209256,1.636428890349396,0.26383541316114445,5.8584988582879305,0,0
2019,12,41.0,-124.0,0.7005116666666668,8.390108602106814,206.52159661449426,2.0930644125188254,0.43816483416722524,166.42320615549883,0,0
2019,12,41.0,-123.0,0.497421875,4.99487238084118,181.25751896535292,0.8841320535503939,0.45240074332042407,77.13434484321624,0,0
2019,12,41.0,-122.0,0.5051515625,5.013817036536455,138.5177499871446,1.837115396862908,0.43431214171071203,72.19603192061186,0,0
2019,12,41.0,-121.0,0.2949703125,2.3359648443037706,79.95986265835597,1.982933659966814,0.32278522496582357,38.99479808751494,0,0
2019,12,41.0,-120.0,0.139778125,-0.30426576522086535,55.71487455402746,2.219459851662973,0.2228633505041881,2.6664354372769594,0,0
2019,12,41.0,-119.0,0.1135828125,1.9524864873578665,44.08029469435348,1.1140592714659734,0.23674527099055626,8.750389679335058,0,0
2019,12,41.0,-118.0,0.1399140625,0.9731541249060066,49.85628582311108,1.11926725794176,0.2561689535135864,9.121290757320821,0,0
2019,12,41.0,-117.0,0.08953125,-1.2418799984839453,53.935599771861575,2.48575771015552,0.23668158599125438,5.601467448286712,0,0
2019,12,41.0,-116.0,0.07021406250000001,-2.3305201345874167,56.010745957095764,1.4838814373590674,0.25508669883974133,8.15510400570929,0,0
2019,12,41.0,-115.0,0.06799375,-2.662730160067138,42.186817179967306,1.156638168775279,0.2382657335650536,4.5850296737626195,0,0
2020,1,32.0,-117.0,0.40270625,17.250052870473574,7.098655407940413,1.1364295782965277,0.23535109399467385,165.46841920353472,0,0
2020,1,32.0,-116.0,0.23741250000000003,20.840676095408796,0.6301241979649319,1.4063878557850182,0.12229393566808387,130.4049827158451,0,0
2020,1,32.0,-115.0,0.206509375,21.778141132477813,0.3952865541627659,1.9047187753056665,0.08226009338132793,141.60520653240383,0,0
2020,1,33.0,-119.0,0.4161625,16.85954892558439,9.240246103768612,2.23192324255178,0.2746573622508715,64.40561637282372,0,0
2020,1,33.0,-118.0,0.43150750000000004,17.815562775314525,10.271824932659731,0.5034070015537528,0.27166937346099523,113.69704498598973,0,0
2020,1,33.0,-117.0,0.3365125,17.862034616162727,8.010228356038596,1.2059168187205695,0.2318194697621048,161.8910311954096,0,0
2020,1,33.0,-116.0,0.165590625,19.613566486297135,2.37753517522421,1.5174737678201486,0.08440116208086727,88.7026796117425,0,0
2020,1,33.0,-115.0,0.162540625,20.188180549683143,1.339836703305508,2.272025915123022,0.05571586438404611,114.61726448033005,0,0
2020,1,34.0,-121.0,0.58191875,15.801877142793415,17.520688820943302,4.879964954921492,0.3013902941057759,249.1785252156357,0,0
2020,1,34.0,-120.0,0.5201840909090909,15.506432475279299,14.931531828661372,5.304916175873969,0.3021517155729003,288.1399735695485,0,0
2020,1,34.0,-119.0,0.4146346153846154,16.005532896863848,9.125167014915657,1.5369535245044026,0.28633471037488945,171.29308152466248,0,0
2020,1,34.0,-118.0,0.32324375,16.50815943287267,9.414249291335608,1.4503514993830935,0.2780433601589613,125.20004902034998,0,0
2020,1,34.0,-117.0,0.1876390625,15.406495558831022,3.997362410341765,1.6804289577597045,0.20168896291845584,122.93821317143738,0,0
2020,1,34.0,-116.0,0.1068859375,17.613968090857245,1.234312733327414,1.6450475687780783,0.08798942162144566,72.74315878748894,0,0
2020,1,34.0,-115.0,0.15036875,18.49294745845182,1.4145758055796875,1.9348703206101368,0.10172317329273425,99.7908323770389,0,0
2020,1,35.0,-122.0,0.5939125000000001,15.170601617136327,21.577621536021496,1.9063254030646293,0.34337897198174594,196.8258172273636,0,0
2020,1,35.0,-121.0,0.5176576923076923,15.485679054102512,18.738057596205582,3.063790407322137,0.3319058924428615,121.27824309162604,0,0
2020,1,35.0,-120.0,0.4538515625,14.338075271729522,13.88631081736591,1.2342321579617674,0.34380952100599965,79.70071968156844,0,0
2020,1,35.0,-119.0,0.3976625,12.75236453087101,12.666121782427098,1.898164954421457,0.32696592647542233,92.94878062792122,0,0
2020,1,35.0,-118.0,0.1629453125,14.441075512670729,3.121048170765306,1.7216429327421672,0.22112622696866266,51.7278634943068,0,0
2020,1,35.0,-117.0,0.109784375,16.108181272014523,1.7922410794248833,1.5178699844347836,0.09750965141480966,61.68211775366217,0,0
2020,1,35.0,-116.0,0.1441421875,14.498081856389224,1.2049478997191443,1.763739734090929,0.12145543867541894,63.14904475584626,0,0
2020,1,35.0,-115.0,0.17805625,14.222942363062245,1.9713791140070214,2.1225979054616086,0.1789712043859625,69.78820159565657,0,0
2020,1,36.0,-122.0,0.5694704545454546,13.872614927469009,25.91790454425737,2.3424742970560204,0.3377012272695254,119.98651272645502,0,0
2020,1,36.0,-121.0,0.4609625,14.51154801461007,17.82144462286439,1.099329628460807,0.35132819638457347,91.75975492689759,0,0
2020,1,36.0,-120.0,0.4332984375,14.844877000008886,16.323416685377623,0.7905044302249404,0.31286682877489314,91.54945448972285,0,0
2020,1,36.0,-119.0,0.3392078125,7.145429468154926,21.579665556242134,1.3227156019917514,0.3288918720778598,112.87153570447117,0,0
2020,1,36.0,-118.0,0.1282328125,10.982093944857223,4.389791009639765,1.1695327710935566,0.24174980995475603,36.569262156262994,0,0
2020,1,36.0,-117.0,0.1192453125,14.689019521590222,1.331421039690639,1.2965251907947104,0.09996638374943882,51.69381480664015,0,0
2020,1,36.0,-116.0,0.1692015625,11.755049239435529,2.323537558009292,1.159658011631054,0.18251652006180052,53.95814694929868,0,0
2020,1,36.0,-115.0,0.16155625,12.387635064894173,1.3802770578017487,1.615411886515969,0.21621387780353585,48.791143228299916,0,0
2020,1,37.0,-123.0,0.6048375,13.117123253114784,31.558505916660096,1.6803095919931716,0.36460772765580046,117.76935402303934,0,0
2020,1,37.0,-122.0,0.590409375,13.719918700187456,27.45262490492569,2.4814664832927646,0.3541952580961275,98.17601592900853,0,0
2020,1,37.0,-121.0,0.505953125,14.607496764582987,25.003773351823355,0.9655605833518714,0.32966512762090205,67.29977298527956,0,0
2020,1,37.0,-120.0,0.448196875,9.726110599887008,31.660154653405215,1.262412619787054,0.360070300679053,148.07194739114493,0,0
2020,1,37.0,-119.0,0.1444046875,2.0543989858319875,21.514342125197317,1.615708481337375,0.23776278700879822,44.28083554375917,0,0
2020,1,37.0,-118.0,0.1275671875,7.925866606927709,4.156442783465053,1.001194444119873,0.23191532716956187,32.922112150117755,0,0
2020,1,37.0,-117.0,0.1510640625,8.925026604437079,1.9289480575075402,1.5225511045258762,0.1943770804071939,47.12457524146885,0,0
2020,1,37.0,-116.0,0.1554875,9.235634214647376,2.094445243169929,1.4334726332897838,0.21405733721230616,43.86809829156846,0,0
2020,1,37.0,-115.0,0.217203125,8.954594515215991,2.4637104530533804,1.7534070919992415,0.3164287792739048,42.135933064855635,0,0
2020,1,38.0,-124.0,0.645265,12.154021634337743,94.39869998550918,2.17282554467879,0.3798761839507728,286.7445985476176,0,0
2020,1,38.0,-123.0,0.5982171875,13.34819760937847,56.133304914151694,2.0522039660983555,0.3730657010950068,139.66203189920634,0,0
2020,1,38.0,-122.0,0.49685625,13.916426769379669,40.428003022139336,1.0446006027834358,0.36373457344629423,61.37975153978914,0,0
2020,1,38.0,-121.0,0.5677562500000001,11.244616096250493,81.00915439954903,0.8152337802690048,0.41638269475711287,181.41646147705615,0,0
2020,1,38.0,-120.0,0.249846875,3.1682012881002315,42.85988300635424,1.7655689950882292,0.33542488851854874,81.98776631616056,0,0
2020,1,38.0,-119.0,0.1631359375,6.654554285541682,10.55801562561598,1.7955062815028275,0.28891836411209515,27.423954335972667,0,0
2020,1,38.0,-118.0,0.1042421875,6.162074161344975,7.3448782373866095,1.107036505748438,0.22388943805489486,34.23012560233474,0,0
2020,1,38.0,-117.0,0.1358125,3.2942894920226315,5.518909735297228,1.1487799154620242,0.28712321705715627,20.84691252093762,0,0
2020,1,38.0,-116.0,0.1474484375,5.338320396792522,4.87449970624354,0.9312959723030194,0.36643198581152064,34.025000873953104,0,0
2020,1,38.0,-115.0,0.2024203125,2.5847069478804308,7.181979208876754,1.1716587808691346,0.4043351533592388,18.356609158217907,0,0
2020,1,39.0,-124.0,0.703565625,11.307071258175782,131.8790677056363,0.8055036062138079,0.3942729715378054,178.98809257894754,0,0
2020,1,39.0,-123.0,0.5170046875000001,11.865083759061768,69.1607005015662,1.02846608539011,0.38663927105165297,144.61913413833827,0,0
2020,1,39.0,-122.0,0.4373546875,13.30127136476581,78.26717682710793,1.1365393903686054,0.3786330517902169,88.58591096941382,0,0
2020,1,39.0,-121.0,0.5057015625,6.9411888307141005,127.87370379610863,1.4700056599735742,0.46310812138742014,181.9804806727916,0,0
2020,1,39.0,-120.0,0.222671875,6.539177720777474,22.060292731662656,1.5049770719670934,0.3831494992138237,51.02075345348567,0,0
2020,1,39.0,-119.0,0.11807187499999999,9.787283308275303,10.526211891015436,1.2308265181520868,0.18241315086682636,41.08121071476489,0,0
2020,1,39.0,-118.0,0.144640625,3.893875609674783,22.38321067362037,1.2952852136968658,0.29866562479285785,19.926396547816694,0,0
2020,1,39.0,-117.0,0.1138953125,0.6538654865757358,17.60062990306821,1.4596212904849393,0.2932679935168194,8.336581871844828,0,0
2020,1,39.0,-116.0,0.12062500000000001,1.0559521521291657,13.328675837879445,1.3728336871763622,0.3843589780792113,11.676906840875745,0,0
2020,1,39.0,-115.0,0.143909375,0.07321745657154112,14.942825032090212,1.7199173392059643,0.27041061494940066,9.91695816628635,0,0
2020,1,40.0,-125.0,0.7212000000000001,11.054068036916854,213.59951839172018,1.6430278432106638,0.40401441877175975,191.21026703053053,0,0
2020,1,40.0,-124.0,0.699278125,8.826895686118856,201.5765520796826,1.4280820275903956,0.4462689946415604,143.7079255701974,0,0
2020,1,40.0,-123.0,0.553415625,10.280465752078666,120.56473801440504,0.9356365208811992,0.45534840642765,116.47778714541346,0,0
2020,1,40.0,-122.0,0.5236625,6.959176043541223,139.11652560873833,1.539373876905545,0.4343857797243262,118.09254041872919,0,0
2020,1,40.0,-121.0,0.3203375,3.542619562149067,60.515829786350395,1.4863005429785132,0.42340993528724996,77.16194842942059,0,0
2020,1,40.0,-120.0,0.152790625,6.439787267869548,25.955047417124177,1.8802669617873755,0.3115071901070174,27.75583043694496,0,0
2020,1,40.0,-119.0,0.1479765625,6.9353244335420925,24.043825180893208,2.0715603150901165,0.27166741092999774,32.96931821387261,0,0
2020,1,40.0,-118.0,0.1694625,5.410397524987523,33.4982613154402,1.2990312485557751,0.3120164765465644,22.12847047485411,0,0
2020,1,40.0,-117.0,0.146,2.2643917099122355,38.39726206443217,1.559967710628318,0.35225216163102013,12.965251109562814,0,0
2020,1,40.0,-116.0,0.0746375,-1.5681353353684706,51.89877325265613,1.75573916295231,0.3476571421469411,5.406936281360686,0,0
2020,1,40.0,-115.0,0.0974609375,0.9256524993527542,19.415731500526334,2.218024888374849,0.33443228724182295,17.10915786679834,0,0
2020,1,41.0,-124.0,0.6339266666666667,7.380700002690829,297.0953636234652,2.9272515084170005,0.44961984297138247,141.45580004486774,0,0
2020,1,41.0,-123.0,0.48521562500000004,5.056153031318438,166.55943142778185,1.003295493442329,0.4653649189138925,89.64265731628984,0,0
2020,1,41.0,-122.0,0.47638125000000003,5.280345758315072,136.10925870544222,2.302482153225743,0.45090412484702236,76.69678155798465,0,0
2020,1,41.0,-121.0,0.25065468750000003,2.8434712609937343,93.10447746484485,2.4696250030203872,0.36995281198973295,41.61382175516337,0,0
2020,1,41.0,-120.0,0.1203984375,1.4424378671954017,52.57691392271724,2.93471341286879,0.3204190817571455,7.611393230035901,0,0
2020,1,41.0,-119.0,0.1087625,4.764606901907179,35.42348831488695,1.843261783806601,0.3024436482178267,20.18564462196082,0,0
2020,1,41.0,-118.0,0.1347375,3.334816751172486,46.38198153643813,2.034981303417639,0.32850414931133226,15.458052745088935,0,0
2020,1,41.0,-117.0,0.0549140625,-0.19652286344956957,52.624161313911344,3.714707499569753,0.29013111995112506,6.4394158544018865,0,0
2020,1,41.0,-116.0,0.0079046875,-1.9757333770874794,52.63707107461002,1.7519194078716671,0.2974736254702332,8.892076439224184,0,0
2020,1,41.0,-115.0,0.0330953125,-1.4998208676614837,29.64290809414294,1.968280857453749,0.2919540985297131,6.928090704604983,0,0
2020,2,32.0,-117.0,0.42419687500000003,18.507380991968645,34.33389226923822,0.9701053179910208,0.177703028437735,219.641734380275,0,0
2020,2,32.0,-116.0,0.24680000000000002,22.986986913352208,27.32551247830628,1.2525139890736623,0.12731023081417736,167.72586316801608,0,0
2020,2,32.0,-115.0,0.22350625,23.687718848524447,15.705362530603395,1.280527649538887,0.09791166001352768,176.49340792559087,0,0
2020,2,33.0,-119.0,0.4066375,17.74811732851228,7.651257896974073,1.843783704797687,0.14250473592473165,103.16432639956474,0,0
2020,2,33.0,-118.0,0.43740000000000007,19.52307328849006,23.564624299163007,0.5291660501409435,0.177606949678326,180.12681026011705,0,0
2020,2,33.0,-117.0,0.33959218750000003,19.903406501638504,20.036340793772922,0.9816479517139964,0.14256131888806128,227.37386170774698,0,0
2020,2,33.0,-116.0,0.169925,21.942257211948284,9.271613657652722,1.3790197735120406,0.053643156399672015,131.3798779156059,0,0
2020,2,33.0,-115.0,0.1703640625,22.580038363358092,11.822572779088603,1.527661608477901,0.052239735578668484,156.08329267706722,0,0
2020,2,34.0,-121.0,0.6309375,17.140958251076214,0.8911098758919896,3.832628886482512,0.19997758381211433,263.7989243182043,0,0
2020,2,34.0,-120.0,0.5388909090909091,17.62804913416181,3.961260773024618,3.2185803334443936,0.19510994967331416,403.65572680126536,0,0
2020,2,34.0,-119.0,0.4158519230769231,19.539528848933095,4.679629837030556,1.1157666547121952,0.14137824629388157,288.41290962046537,0,0
2020,2,34.0,-118.0,0.3309359375,20.028722587125078,9.777267798959599,0.6127579130010944,0.12082332715220831,201.64751238189638,0,0
2020,2,34.0,-117.0,0.19900625,18.144587143536288,8.719699327080832,1.4488260775725683,0.09640509541007289,184.75305230822414,0,0
2020,2,34.0,-116.0,0.11265468749999999,20.573848671748742,5.414133994086967,1.7183213030050906,0.03182088712166091,109.46114140097052,0,0
2020,2,34.0,-115.0,0.158890625,21.47630339326532,4.85104751790999,2.0537027435025976,0.03787604556686573,152.69800869282335,0,0
2020,2,35.0,-122.0,0.6158,17.848547389589527,0.6429437642836433,1.8961015769553804,0.2651313365190879,311.03295646607876,0,0
2020,2,35.0,-121.0,0.5408826923076924,19.1636396197278,3.2919202285857554,2.372664885283753,0.2215338814339383,182.0639959321572,0,0
2020,2,35.0,-120.0,0.45025468750000003,19.6220007731997,3.0236061291688543,0.8915494647052093,0.1878152722599862,163.3197331102565,0,0
2020,2,35.0,-119.0,0.4131203125,17.16579614507744,4.893614314674721,1.2447570677566309,0.18881590201936915,175.46412744559348,0,0
2020,2,35.0,-118.0,0.1802109375,18.543017466314932,2.444299040540443,1.144177637550063,0.05556900610868954,97.44126838631928,0,0
2020,2,35.0,-117.0,0.117590625,19.748183830853186,2.487967359080301,1.1097428668122882,0.027567958694764902,102.93164197355509,0,0
2020,2,35.0,-116.0,0.14978906250000001,17.513621236538082,3.4046337103390556,2.0416072293148098,0.03266431990711165,102.680170442909,0,0
2020,2,35.0,-115.0,0.2028921875,17.26050452199478,13.071599286227809,2.3819029126127127,0.06692455280786269,111.18557653389871,0,0
2020,2,36.0,-122.0,0.581825,17.28582346247532,0.7977388329666897,2.5883309873849134,0.23951282620803685,208.6006310401541,0,0
2020,2,36.0,-121.0,0.4621953125,19.565920020794067,1.4441093524837356,1.3112720901046062,0.20956331183170446,205.26687463279814,0,0
2020,2,36.0,-120.0,0.447753125,20.252577959258,4.640415180652724,1.0262192546170072,0.2120367011119579,192.9915539221838,0,0
2020,2,36.0,-119.0,0.380359375,10.349299822182513,11.935357339858399,0.8159737749007429,0.3324724117229725,194.68490197323263,0,0
2020,2,36.0,-118.0,0.1404421875,15.259497450137985,4.639017032637582,0.8665302172085938,0.09868190480374738,74.7479290002957,0,0
2020,2,36.0,-117.0,0.1233390625,18.518652230295668,6.981201106860624,1.60234301355439,0.03573049313720611,91.88635949976742,0,0
2020,2,36.0,-116.0,0.1681109375,14.81812568861865,14.936393927960978,1.399164914844265,0.07843139527857983,89.31593154557049,0,0
2020,2,36.0,-115.0,0.172559375,15.676424434267258,16.155952224686132,1.8059685405947987,0.09381276745905816,86.7154544685036,0,0
2020,2,37.0,-123.0,0.6176625,16.519680266544768,0.3298563977622848,2.5583935235756705,0.2806412707800152,236.09609669074416,0,0
2020,2,37.0,-122.0,0.6116828125,17.988949703896203,0.458224080681191,3.7041152170803056,0.2551720955362721,205.86124489394328,0,0
2020,2,37.0,-121.0,0.5498078125,19.668891443055276,0.4003405200236898,1.5647935098008632,0.2263884311434866,156.98800748214126,0,0
2020,2,37.0,-120.0,0.48033437500000004,13.46177875255718,7.415296146824346,1.0556333618325089,0.3134488990937156,284.35691725462675,0,0
2020,2,37.0,-119.0,0.1574671875,4.917252866153085,9.01103844883977,1.0261419364732791,0.28404034143206713,82.37266610376537,0,0
2020,2,37.0,-118.0,0.132446875,12.867674372114006,5.722378250389681,1.5771259269772793,0.11102945948469224,71.2374437134713,0,0
2020,2,37.0,-117.0,0.1537859375,12.813531691452564,11.303255902781473,1.905028563552141,0.07833350287086659,90.16435535158962,0,0
2020,2,37.0,-116.0,0.1519328125,12.885954302754918,18.731466131463037,1.7794424037204186,0.1019849886839417,78.75189185142517,0,0
2020,2,37.0,-115.0,0.2188421875,12.556466567927416,16.63495098258494,2.071952974141396,0.17727601630934353,80.19674860406667,0,0
2020,2,38.0,-124.0,0.6541183333333334,16.050754248958913,0.26445402160722625,4.689451120073612,0.3030460595171114,559.2413071542978,0,0
2020,2,38.0,-123.0,0.6289484375000001,18.600903047364362,0.29456323030530024,3.460024269016834,0.2994779742312157,326.17642160039395,0,0
2020,2,38.0,-122.0,0.5421640625,19.455525806032394,0.29319860990284496,1.4617944859671628,0.26931653865452465,179.3801310705021,0,0
2020,2,38.0,-121.0,0.5787734375,15.66990299553709,2.6864810941660267,1.3143245489644535,0.34553004886912203,435.94492285046726,0,0
2020,2,38.0,-120.0,0.26653125,5.3802140466098365,6.74333363789259,1.2856660918709977,0.3466323816228187,163.46351418178529,0,0
2020,2,38.0,-119.0,0.169175,9.76924752860236,4.321501460104571,1.3127149394699291,0.19095423851890123,58.656819397583604,0,0
2020,2,38.0,-118.0,0.1153984375,10.064753948409006,4.888823824181543,1.9006843898579755,0.11391209733897237,75.19508351106197,0,0
2020,2,38.0,-117.0,0.159621875,7.6832901494256625,5.715062013074146,1.7655782602593444,0.20946555952916196,60.942302574403584,0,0
2020,2,38.0,-116.0,0.156128125,9.003337141563176,6.703219013466821,1.7610197376057524,0.21722983389065179,67.46087165083736,0,0
2020,2,38.0,-115.0,0.2166203125,6.646040436317207,11.909604640855775,1.4547869930846078,0.36230878172249625,55.28690677601844,0,0
2020,2,39.0,-124.0,0.7079437500000001,16.99630184502439,0.06384412775872755,2.198995232614384,0.3135258377283469,490.9395487047732,0,0
2020,2,39.0,-123.0,0.542478125,17.905174992002316,0.16958928684829286,1.9529557775754127,0.30210706112028535,398.56525824870914,0,0
2020,2,39.0,-122.0,0.47366875,19.027939636953974,0.6485219208443027,1.797551889106222,0.290830142539123,263.0275645060465,0,0
2020,2,39.0,-121.0,0.520628125,11.297441536804747,5.449963137685643,1.4010585131035422,0.4269287329295585,500.6680805236101,0,0
2020,2,39.0,-120.0,0.237871875,9.365296804493898,4.808449289008365,0.9852546637198524,0.32513678758993914,101.9585276953876,0,0
2020,2,39.0,-119.0,0.11939999999999999,12.201224808857386,4.147031912758337,0.9101417431696291,0.0879750145577836,71.14416244439781,0,0
2020,2,39.0,-118.0,0.1677296875,6.9867260669840014,7.699926486417041,0.657828133903706,0.25627664382430326,52.317810943350196,0,0
2020,2,39.0,-117.0,0.155521875,4.841037746955632,9.103128090679036,1.7162777210599982,0.3181378077501538,46.33068176917732,0,0
2020,2,39.0,-116.0,0.1626390625,4.964237415379515,9.098742027013884,1.868818903031847,0.38890874248811563,48.10412926599383,0,0
2020,2,39.0,-115.0,0.162271875,2.3761267875803185,12.92813765834211,1.3471715885908673,0.37877162605866616,30.802345252595842,0,0
2020,2,40.0,-125.0,0.7204750000000001,11.588323109360052,13.655535099792202,4.701471760919685,0.33286878432350603,319.56935756736334,0,0
2020,2,40.0,-124.0,0.684209375,13.454905260020315,5.095142508103834,4.093916058039601,0.37355499123704844,396.2438179878518,0,0
2020,2,40.0,-123.0,0.5554375,16.583604579136313,0.31777458283244187,1.7441045512352178,0.3788139494671218,355.7463980978355,0,0
2020,2,40.0,-122.0,0.535309375,12.151764216916341,3.0526203198277813,1.4847159756733723,0.3890290130143878,352.26124757900834,0,0
2020,2,40.0,-121.0,0.3374375,7.768830452294203,4.216157002552734,1.0454907461320786,0.4144057343746053,191.2018418079242,0,0
2020,2,40.0,-120.0,0.159034375,9.682416271341278,3.7304946316325527,1.2676456362411046,0.23091441255876383,54.423587513156235,0,0
2020,2,40.0,-119.0,0.149821875,9.30884993980673,5.073948400273309,1.1733126009536146,0.19097257037272397,59.55451261252165,0,0
2020,2,40.0,-118.0,0.1802796875,7.514772633848551,8.315852014526115,0.7505142310607942,0.2585922554991711,48.5248084878549,0,0
2020,2,40.0,-117.0,0.1738875,5.182577762932631,10.949437143459306,0.7489574706697008,0.32674200130605147,40.06506665609777,0,0
2020,2,40.0,-116.0,0.1328234375,-0.1478950352504107,16.14788301306902,0.9649090656874916,0.3643226048042034,12.881138711236417,0,0
2020,2,40.0,-115.0,0.1326203125,3.082690071237522,13.617026955067502,1.6909853157901429,0.3193005141855656,33.66592503152788,0,0
2020,2,41.0,-124.0,0.6256333333333334,11.465999448345107,15.748287457116167,3.425095652099987,0.40894011099219774,333.8754107140832,0,0
2020,2,41.0,-123.0,0.47395156250000003,10.645881509780903,5.609218599452959,1.2907716214041298,0.44150730145388634,307.69430100917816,0,0
2020,2,41.0,-122.0,0.48186875,10.786865831243599,5.000169258742915,1.2125209602049771,0.4141594918294884,270.4199682921171,0,0
2020,2,41.0,-121.0,0.2631421875,7.246262612836137,9.186970638289438,0.8797572102964725,0.36861943890308513,111.28698638640344,0,0
2020,2,41.0,-120.0,0.14565,4.872901378828935,5.575307747527347,1.391411076356374,0.3218514381468981,31.65038861334324,0,0
2020,2,41.0,-119.0,0.1333734375,7.386456675365068,5.370068233638392,1.214015419920308,0.25579282470133113,45.067134662531316,0,0
2020,2,41.0,-118.0,0.161621875,5.801870063255599,10.089025702505694,1.1097392223149498,0.30045520300152656,42.174253263510764,0,0
2020,2,41.0,-117.0,0.1034921875,1.397215215091073,17.22583231534003,2.250965851943237,0.3069816317366457,20.87203727569431,0,0
2020,2,41.0,-116.0,0.042665625,-0.8335311116843087,18.7370203064674,1.756238564127822,0.3234547523931525,17.903251224197447,0,0
2020,2,41.0,-115.0,0.089465625,0.3479843517829906,13.486761469572173,2.0374551464039627,0.3277779272918043,22.53426273819059,0,0
2020,3,32.0,-117.0,0.4380125,15.978635560312597,108.83726019572393,2.3283841060518786,0.27161546420025573,193.63356148824096,0,0
2020,3,32.0,-116.0,0.268259375,22.676550960540794,57.056018879375614,2.228104743090699,0.17460377177884498,206.83974353596568,0,0
2020,3,32.0,-115.0,0.246915625,23.578875544763406,59.658145794383444,1.6680018168849366,0.17012048921277442,193.2663805782795,0,0
2020,3,33.0,-119.0,0.39931249999999996,16.577598990163523,81.50740925382749,3.237750228442596,0.240910663399645,131.71783462166786,0,0
2020,3,33.0,-118.0,0.4358425,16.93397339441446,128.27385727476255,1.5088001960297817,0.28711391144755916,169.25389748066664,0,0
2020,3,33.0,-117.0,0.3433140625,17.29207725217268,89.05837198879496,1.9579175656790777,0.2303400308855118,204.29447130300105,0,0
2020,3,33.0,-116.0,0.18129375,21.409113410211404,45.11223387133256,2.0979037645537977,0.11078894170381687,164.902827818878,0,0
2020,3,33.0,-115.0,0.1802109375,22.45987613278053,57.51116856161431,2.041287112216616,0.12956685757124292,179.60162227973342,0,0
2020,3,34.0,-121.0,0.6565625,14.729672973386727,107.55836958846623,1.795750272840857,0.29370479558103824,256.3764485530555,0,0
2020,3,34.0,-120.0,0.5552568181818182,13.826457344122327,122.09009557783867,3.2760131951194253,0.2991895883857874,307.7510139820251,0,0
2020,3,34.0,-119.0,0.43162307692307694,15.403368182691114,125.93560620442818,1.8814390051430407,0.2812432404027223,221.26011569530536,0,0
2020,3,34.0,-118.0,0.3549296875,16.363204313093643,109.77880356993452,2.293001502531016,0.24627215855865064,168.81012613885105,0,0
2020,3,34.0,-117.0,0.2160359375,15.985977606619581,57.873717538750924,1.999768735105791,0.16829993679959285,180.89615274220705,0,0
2020,3,34.0,-116.0,0.1237203125,19.888750125515866,39.55098407503144,1.425925341940961,0.0977418643812979,133.0620818771422,0,0
2020,3,34.0,-115.0,0.1721859375,21.337179617727973,64.59738223973588,1.5367278071450905,0.1396359894224392,170.11472524609417,0,0
2020,3,35.0,-122.0,0.6466000000000001,14.518753593198738,95.76725986014978,1.0990653412997378,0.3236331298787106,290.79894348978996,0,0
2020,3,35.0,-121.0,0.5595423076923077,15.490621273649747,102.8105861337103,1.3686676043373514,0.3080661425026514,172.6041676906439,0,0
2020,3,35.0,-120.0,0.439046875,17.21577720026818,78.99006971318201,1.356689828372806,0.2705392747796992,170.79551401548088,0,0
2020,3,35.0,-119.0,0.4247390625,14.742241900967041,76.52158991593794,1.958016196986912,0.2569558610839228,178.9775665383786,0,0
2020,3,35.0,-118.0,0.207475,16.30806716334438,44.95303987685517,2.381492825144309,0.1313656459572494,119.92652621120214,0,0
2020,3,35.0,-117.0,0.1347296875,18.70388587367152,28.360016906372465,2.359715025040985,0.07711870567772974,131.29391032271087,0,0
2020,3,35.0,-116.0,0.1699078125,16.8038234664548,37.74414493862466,1.423517704219345,0.09892919691660065,127.70796194672585,0,0
2020,3,35.0,-115.0,0.24360937500000002,17.573954616054426,73.21583156634048,1.681328285144622,0.1787599459771187,134.31456871330738,0,0
2020,3,36.0,-122.0,0.6038954545454546,14.35223525971148,100.94552383551355,1.1808043926310607,0.2997365409599993,192.11469347955605,0,0
2020,3,36.0,-121.0,0.457621875,16.748768201951084,86.79092818099932,1.167269585349468,0.2858617193596337,198.4522920101881,0,0
2020,3,36.0,-120.0,0.46321875,19.06519853991849,95.54480717677549,1.1286678207956888,0.2678636681008082,206.20180678088218,0,0
2020,3,36.0,-119.0,0.3710046875,7.488535691845822,109.67783074054793,0.755725789857339,0.3864040608688067,170.94572086352855,0,0
2020,3,36.0,-118.0,0.152003125,13.434525077573735,54.39714927386419,0.8665229736533491,0.1454888021433225,97.384401015006,0,0
2020,3,36.0,-117.0,0.13576875,18.128802487158023,30.216323241329945,1.495304649369664,0.07572084825525997,123.73924779240042,0,0
2020,3,36.0,-116.0,0.1739,14.493194575463605,45.056102826929845,1.3976071245183588,0.13374279359335534,118.62813727930188,0,0
2020,3,36.0,-115.0,0.203090625,16.78416688519142,53.91643455412165,1.4394759229235017,0.1535259558949419,120.2115019550547,0,0
2020,3,37.0,-123.0,0.6387625,14.551457546603315,63.38475391428844,1.858870496748009,0.29097166625402304,235.4690064676106,0,0
2020,3,37.0,-122.0,0.635159375,15.638575700534304,80.73868426964854,1.7143059996091394,0.29110951224962867,193.32296315891045,0,0
2020,3,37.0,-121.0,0.5867921875000001,18.945588291845038,79.01297070246116,1.202454348205224,0.25767124243961864,166.906846803613,0,0
2020,3,37.0,-120.0,0.4826046875,11.123572914062038,151.36157374989168,0.9373482034513227,0.35054850994899706,242.57890204899013,0,0
2020,3,37.0,-119.0,0.1415515625,2.441144792495262,73.3274834060289,1.150912990916841,0.3202418553572829,81.8010144867003,0,0
2020,3,37.0,-118.0,0.1356109375,11.774867160858669,34.5782325898476,0.9400842710145748,0.10551437607375518,99.57743075210601,0,0
2020,3,37.0,-117.0,0.1682109375,11.909995535881308,43.2600414210178,1.696386076890996,0.12659326067534823,113.74259949661791,0,0
2020,3,37.0,-116.0,0.15884062499999999,12.373325181776497,47.401316726318754,1.3074433529017933,0.1741098578899137,101.42872459255159,0,0
2020,3,37.0,-115.0,0.2417796875,13.157268534937238,75.33497110169307,1.903040090320917,0.2620916504372832,103.10859384480864,0,0
2020,3,38.0,-124.0,0.6656700000000001,13.76064166817614,43.450768181792654,1.9133453208055324,0.2880891027416379,509.76420814792317,0,0
2020,3,38.0,-123.0,0.654909375,16.002676359299713,38.334851648397006,1.7912749074851555,0.2778708005464205,326.86207816004753,0,0
2020,3,38.0,-122.0,0.5723609375,18.276086902618427,60.687374353147305,1.29026444673756,0.2623383377187995,188.69321909733117,0,0
2020,3,38.0,-121.0,0.5612078125000001,13.232969179461108,208.53837163347677,0.6497134638229346,0.38410814763397294,319.0763456514105,0,0
2020,3,38.0,-120.0,0.2392296875,2.982792034456832,129.28696142669693,1.208135413201346,0.37180384352643003,150.18004889134318,0,0
2020,3,38.0,-119.0,0.1637796875,8.979206557427712,33.50986869234518,1.359433832800962,0.16254696762689977,88.63134891726077,0,0
2020,3,38.0,-118.0,0.12098125,10.60988092730124,26.1964851820089,0.6856753177457089,0.09736426414981962,112.72515926975757,0,0
2020,3,38.0,-117.0,0.16835,8.768137758008926,35.02040685314611,1.2605927357213416,0.14403316026092852,97.8543208912015,0,0
2020,3,38.0,-116.0,0.15525624999999998,10.291613005053637,42.205339094362415,1.2507110166758302,0.19183730181827335,100.94307898543775,0,0
2020,3,38.0,-115.0,0.22546249999999998,8.325718898157938,60.7501413037248,2.0154425827158344,0.3695802384166307,78.65866785869002,0,0
2020,3,39.0,-124.0,0.727325,14.165671397793709,67.46530465941802,0.7712710225320857,0.3165285497583369,468.8227598089725,0,0
2020,3,39.0,-123.0,0.558634375,15.466936760564032,37.932309118769325,0.7188165248769925,0.27305922424921425,401.1285281740129,0,0
2020,3,39.0,-122.0,0.49238125,17.790701569280337,75.77859520140962,1.0768898745042137,0.2838862330041906,254.91902395151556,0,0
2020,3,39.0,-121.0,0.4662546875,8.082154423190726,237.48907799061314,0.8461120913261952,0.4545145374472423,366.32031365297735,0,0
2020,3,39.0,-120.0,0.23595,8.291834680495747,75.32069555643872,1.2257201204419237,0.31237991074080107,120.14428910333663,0,0
2020,3,39.0,-119.0,0.12612656249999998,13.447701587984657,21.97109538290576,1.1534547303531877,0.06844287213458806,117.25182621739805,0,0
2020,3,39.0,-118.0,0.17801875,8.732830335247925,37.4139624477543,0.8240781824204785,0.19696214538748544,92.6615142961964,0,0
2020,3,39.0,-117.0,0.1829078125,7.2179388107792235,38.888793002552546,1.1992600208033408,0.22256027947189982,86.10899222549051,0,0
2020,3,39.0,-116.0,0.189925,7.45370408335042,46.398839244357504,1.5688844629590817,0.2898330118066521,85.46200068667531,0,0
2020,3,39.0,-115.0,0.1897109375,6.182150597726174,52.31801865782515,1.4638004552059098,0.3828877909209138,71.15077460184693,0,0
2020,3,40.0,-125.0,0.7646583333333333,11.269406248249936,79.08943797725283,1.6043670058115196,0.32446942961771424,336.1462242901325,0,0
2020,3,40.0,-124.0,0.722465625,11.804776240933343,88.42468567352668,1.3575176737477543,0.3760173125292665,422.0821693306789,0,0
2020,3,40.0,-123.0,0.5741390625,14.741304131477133,88.52009524751381,0.3966388954530123,0.39226179033197384,378.2410491257906,0,0
2020,3,40.0,-122.0,0.5302609375,10.328280890372515,134.56465586248711,0.927063967162556,0.40013629678756957,340.66615300253034,0,0
2020,3,40.0,-121.0,0.32659062499999997,6.801164237914566,92.47454212207273,0.9840728500653994,0.39057457767507076,215.95229569356889,0,0
2020,3,40.0,-120.0,0.17044375,9.87373173929032,50.63907968040482,1.3762416135896127,0.19928709377524673,72.00252078473568,0,0
2020,3,40.0,-119.0,0.1554046875,11.401084756851223,32.55455291990117,1.4082891750010365,0.12127745696293404,100.17513402272016,0,0
2020,3,40.0,-118.0,0.1921796875,10.667821148903158,28.54956805866138,0.896898057846264,0.1380242727777009,92.37608325202018,0,0
2020,3,40.0,-117.0,0.2078375,9.449692021646833,35.626830795518316,0.9729587307056552,0.2322267191384428,88.21169461589307,0,0
2020,3,40.0,-116.0,0.19621875,5.901628851121494,37.966931035480656,1.1262759439676402,0.4480524040678496,63.48468363285065,0,0
2020,3,40.0,-115.0,0.1769296875,8.38112047718419,30.80743996586577,1.6637009070410678,0.25425972797537355,79.01886105537415,0,0
2020,3,41.0,-124.0,0.6889350000000001,10.530880318918552,101.58584876766976,0.9967142735079346,0.39344938818271863,391.8296796994077,0,0
2020,3,41.0,-123.0,0.48252656250000003,9.422549081617813,101.19832310054377,0.4177046300663969,0.4402132547029885,352.69576113205403,0,0
2020,3,41.0,-122.0,0.4941765625,9.43590605182035,104.70205268982724,0.951090613710182,0.4179904531407099,287.4568464467302,0,0
2020,3,41.0,-121.0,0.3043390625,6.6484323040131805,88.68447088796572,1.12138252239494,0.34971050645715446,127.09239672403783,0,0
2020,3,41.0,-120.0,0.1853078125,5.569236696920104,55.88747750196532,1.4296151547053657,0.2944230940393222,50.68383924663067,0,0
2020,3,41.0,-119.0,0.159159375,10.303564866896622,29.15992730457262,1.393922535961949,0.15938723728220944,85.81100043375045,0,0
2020,3,41.0,-118.0,0.191784375,9.986623828641857,29.27829677399174,1.277490530018315,0.2040835135085608,92.70654758438468,0,0
2020,3,41.0,-117.0,0.1793703125,6.815688090170603,35.98233850832955,1.9652951803046472,0.309470381147118,70.42068324517459,0,0
2020,3,41.0,-116.0,0.1350765625,4.788405698345574,40.90050028797165,1.1382442807178563,0.39856482769853324,66.57305243425071,0,0
2020,3,41.0,-115.0,0.177153125,6.893546692017612,34.36320650551394,1.271662067436284,0.3478441264039726,76.5266400994733,0,0
2020,4,32.0,-117.0,0.42588125,20.12069816589358,72.94744394186026,2.7668713257030824,0.23129366040229793,267.14378129690886,0,0
2020,4,32.0,-116.0,0.2645,29.730299679438296,21.97583975668138,2.553192970795448,0.1009710464212629,294.4045530166477,0,0
2020,4,32.0,-115.0,0.24264687499999998,30.91563159624738,9.86538945163673,2.2721315559525106,0.07415225770738385,290.47061409801245,0,0
2020,4,33.0,-119.0,0.41228750000000003,18.232256571451842,68.96926952923721,2.6966663901843813,0.24764273961385086,139.0579342842102,0,0
2020,4,33.0,-118.0,0.43664250000000004,19.45182101355662,124.92857848381387,1.6383696482679024,0.28748486236289694,190.26028768469888,0,0
2020,4,33.0,-117.0,0.342125,22.318903748194405,78.3142225251261,2.335063269512521,0.2086051368051105,268.9590388908982,0,0
2020,4,33.0,-116.0,0.1844609375,28.093072589238513,21.70650871868318,2.3642542865465908,0.06668300827344255,226.48208250757307,0,0
2020,4,33.0,-115.0,0.1771265625,29.765407276153585,11.128220487638174,2.5453149081693027,0.0418048885133531,261.2389225978404,0,0
2020,4,34.0,-121.0,0.6246375000000001,17.332820097605406,52.95723142500108,5.1039399248785084,0.2927323111781367,343.53856509551406,0,0
2020,4,34.0,-120.0,0.5481727272727273,18.272409404407867,84.85316648065975,5.562046583911478,0.2986256846675166,473.114245317199,0,0
2020,4,34.0,-119.0,0.4477980769230769,20.056447588276683,87.0689539885139,2.3041243898286554,0.27620963357452655,304.7449505195404,0,0
2020,4,34.0,-118.0,0.374159375,21.008126942316718,96.05769732899105,3.009612379693718,0.2481810261805852,215.33643163274974,0,0
2020,4,34.0,-117.0,0.2274765625,21.78935631116233,59.286447953684984,2.872068671900106,0.16451395120885634,249.2757982108742,0,0
2020,4,34.0,-116.0,0.1263203125,26.571060085296647,23.877987651406585,1.7748662837230078,0.06175674398740128,186.61200418137014,0,0
2020,4,34.0,-115.0,0.166559375,28.69327878952029,8.867162060244738,1.828370568749552,0.041705958048502564,247.7862313389778,0,0
2020,4,35.0,-122.0,0.64915,18.59694512685144,64.17703560019916,2.4417318407179467,0.3249694373872545,446.62301428616047,0,0
2020,4,35.0,-121.0,0.5432461538461539,20.456616595667676,59.59484165741084,3.287693734824356,0.3012523076473138,257.50591816046295,0,0
2020,4,35.0,-120.0,0.4353984375,21.96872347195946,80.25439131471401,0.694959008305276,0.28663448095321653,237.87912190891802,0,0
2020,4,35.0,-119.0,0.43651093750000003,19.112405339876837,88.7536546348322,2.6822891291379034,0.28550908466180164,235.73848651722074,0,0
2020,4,35.0,-118.0,0.217334375,22.453412485122698,64.29320924381798,3.42186467004712,0.14798788726329798,160.0370027590543,0,0
2020,4,35.0,-117.0,0.143353125,24.702708697319057,49.93629666443056,3.293025006827908,0.10515722996658745,173.1085617793724,0,0
2020,4,35.0,-116.0,0.175725,23.108129024505633,27.318855528040586,1.5748846404184311,0.06937996281517872,176.1143491603434,0,0
2020,4,35.0,-115.0,0.2430734375,24.907751679420493,14.1556931326825,1.5010086793473054,0.054070036941104425,203.37719609960914,0,0
2020,4,36.0,-122.0,0.6021363636363636,17.874033005069023,55.79047942818949,2.99637697697755,0.29699098574192034,273.04059447664207,0,0
2020,4,36.0,-121.0,0.4338,22.199376845359815,49.20469039517528,1.6800210270928526,0.28869836529095966,299.8573373770341,0,0
2020,4,36.0,-120.0,0.4571328125,23.613901106516543,80.91000864679998,1.4816261028634723,0.29016478690836156,289.8154015420005,0,0
2020,4,36.0,-119.0,0.39063125,12.437418301900248,109.73153544056302,0.8383700842851154,0.4049862851699193,236.93454486783594,0,0
2020,4,36.0,-118.0,0.1666203125,19.647494832674685,76.3279803928647,0.7972696895067315,0.19033058981100714,136.40632724855095,0,0
2020,4,36.0,-117.0,0.1445765625,24.214646697044397,41.27299717093891,0.7991503958562168,0.09329896966616308,161.09628626145422,0,0
2020,4,36.0,-116.0,0.18318281250000001,20.64428942998252,37.99935175503677,1.0956674550008263,0.10770832962459984,169.1276115598157,0,0
2020,4,36.0,-115.0,0.2082671875,23.98839793205263,10.284543749197184,1.0378133541538055,0.04664329257276319,186.34749471675605,0,0
2020,4,37.0,-123.0,0.6409687500000001,16.563994471232135,28.248149216427265,3.5941234205282733,0.26925959057278104,286.8797993287444,0,0
2020,4,37.0,-122.0,0.6145406250000001,19.574219814936345,42.378739156702025,3.37336911881334,0.28326211505466037,258.02443040690076,0,0
2020,4,37.0,-121.0,0.5453234375,23.766558067003913,48.29204991857594,1.8857388015703715,0.25469660494062635,260.51602768711746,0,0
2020,4,37.0,-120.0,0.47947500000000004,15.831087350845362,108.20267350810653,1.4097370235757296,0.3730533334943983,355.74091074522585,0,0
2020,4,37.0,-119.0,0.157471875,7.982524339358033,85.3964148687858,0.9353506057335066,0.350274121761322,129.9196801846847,0,0
2020,4,37.0,-118.0,0.14755000000000001,18.144826285044374,49.08223416588342,1.058609326005513,0.12972698807716365,147.40092889405787,0,0
2020,4,37.0,-117.0,0.185065625,18.489894700050364,35.927247967823206,0.9203829813843584,0.10351195004251264,172.31321544386446,0,0
2020,4,37.0,-116.0,0.17401875,19.263605888684612,31.902601722880064,0.7689329745526641,0.10474948253896497,162.5649961642921,0,0
2020,4,37.0,-115.0,0.253621875,20.363813885053027,19.668546052901803,0.6497598182903505,0.13261708186732393,179.3656920781359,0,0
2020,4,38.0,-124.0,0.677695,16.713673850165492,27.4613486580589,4.1965369960366985,0.2824037537751374,734.3256909400225,0,0
2020,4,38.0,-123.0,0.6485109375,20.60594463348391,25.452233165754734,3.931051330185052,0.26177628073427406,477.6849183253944,0,0
2020,4,38.0,-122.0,0.5431546875000001,23.834065937995934,34.063929705201446,2.400178536259423,0.24278569387065038,265.9684175159782,0,0
2020,4,38.0,-121.0,0.5670078125,18.032036574681626,101.9263535405237,0.8973032813081745,0.37735358774662014,472.7531620301306,0,0
2020,4,38.0,-120.0,0.27208750000000004,8.567914430300426,87.47471881962454,1.06953168215447,0.39893849227163525,238.25274931732565,0,0
2020,4,38.0,-119.0,0.1651546875,15.178106689453148,40.90829229845738,1.1577669978499363,0.17170955869886606,136.77423063199967,0,0
2020,4,38.0,-118.0,0.132696875,16.46869862079623,32.300889505325614,1.5325835984895837,0.10366126298904416,170.53124587982893,0,0
2020,4,38.0,-117.0,0.18040625,14.767091600100223,37.654450875027834,1.1807689778147352,0.14478319784005478,149.5639681816101,0,0
2020,4,38.0,-116.0,0.164915625,16.517341128985105,31.963486470534264,0.9860614864216772,0.1887630333503087,161.55844740569592,0,0
2020,4,38.0,-115.0,0.2348921875,15.502162233988468,24.37257896109557,0.9889834884330164,0.24759261873033309,160.11448146309704,0,0
2020,4,39.0,-124.0,0.746646875,18.513556114832575,45.259168617679535,2.0444645899946607,0.31987383696768024,648.2824983540922,0,0
2020,4,39.0,-123.0,0.552484375,21.66311334768933,30.107928220434843,1.0756220366348686,0.2732606341441472,560.9096972038969,0,0
2020,4,39.0,-122.0,0.4869265625,23.73266215324404,44.31252369123584,0.7698146312803635,0.2653039756748411,358.15619584172964,0,0
2020,4,39.0,-121.0,0.48702812500000003,13.59546937147779,102.18075384783631,0.6582961575309328,0.45512645675076374,560.5123915011063,0,0
2020,4,39.0,-120.0,0.2680328125,14.506859763463357,38.72942367035037,1.283400099031965,0.28700789544317457,203.07032740674913,0,0
2020,4,39.0,-119.0,0.1381046875,19.13123788038892,19.870591130359827,1.3203550930229522,0.06529050370057418,167.57580067496747,0,0
2020,4,39.0,-118.0,0.1933609375,14.49719378948214,28.15710079322642,1.1540451097455575,0.14095035096009567,153.91658118460327,0,0
2020,4,39.0,-117.0,0.201828125,13.741962655385354,20.575440502046405,1.2579526442651217,0.12537841929329763,155.47900588717312,0,0
2020,4,39.0,-116.0,0.211371875,13.902682145436629,21.334183997726797,1.1909217579126354,0.20385141803158652,153.76387699507177,0,0
2020,4,39.0,-115.0,0.2159921875,13.12610270977023,27.307879193006812,0.9751560318100432,0.3008973330259323,153.11918046791106,0,0
2020,4,40.0,-125.0,0.78885,13.922388769079154,63.41698345401604,2.8329289018792307,0.32481864882104183,356.58099212580254,0,0
2020,4,40.0,-124.0,0.73654375,16.239866415659602,52.215271875514446,2.6107080194267693,0.38025823798444536,570.6720858579502,0,0
2020,4,40.0,-123.0,0.582009375,20.994523159662908,39.87623298472798,0.7660870113514686,0.37556484904554155,563.8002465711907,0,0
2020,4,40.0,-122.0,0.5576828125,16.602210847536746,46.03106529849654,0.4830130502571209,0.3903897232479519,534.5481865806505,0,0
2020,4,40.0,-121.0,0.359753125,13.858371178309142,36.63614533308035,1.2330179480375518,0.3835050165653229,377.1609684918076,0,0
2020,4,40.0,-120.0,0.1925640625,16.688316766421032,23.22327032617366,1.367450965672254,0.14380800061755705,140.52736409939826,0,0
2020,4,40.0,-119.0,0.166203125,17.44113799730938,19.409924060358463,1.4387776729722503,0.06627999411688906,160.66325397696346,0,0
2020,4,40.0,-118.0,0.1996515625,16.572985553741482,23.31913310500866,1.1403626442129482,0.08197380834155608,147.58212468586862,0,0
2020,4,40.0,-117.0,0.2289609375,15.6446462551753,19.287279121829926,1.205057467284318,0.11176360117064578,151.0483796009794,0,0
2020,4,40.0,-116.0,0.2416203125,12.814815163612387,29.35163538369423,1.0407528513273543,0.3460726247893439,156.68639400973916,0,0
2020,4,40.0,-115.0,0.20421875,14.361718368530294,20.716840065336584,1.4535702685034182,0.15077732768323682,145.65901935566217,0,0
2020,4,41.0,-124.0,0.71245,14.982770134254759,48.80239394166787,1.9601768985263948,0.3906931721722638,536.5174687570996,0,0
2020,4,41.0,-123.0,0.5233515625,15.913388466835048,42.233389466321825,0.7178427474520767,0.4127515700128343,590.0457536336035,0,0
2020,4,41.0,-122.0,0.5237015625,16.439261953036016,35.77396274942046,1.1659780374942472,0.38176751666598846,502.35506251920015,0,0
2020,4,41.0,-121.0,0.359684375,13.812620464960752,30.669111538930593,1.178710432249397,0.33146733078691687,257.92702462058514,0,0
2020,4,41.0,-120.0,0.236821875,12.990291070938138,27.354402480899154,1.4413312384006531,0.23595682084560393,123.51559102535248,0,0
2020,4,41.0,-119.0,0.1824453125,16.481496572494528,15.316686722702144,1.382582237725459,0.07886965672175086,143.98436876945198,0,0
2020,4,41.0,-118.0,0.2219703125,16.321226922671016,14.412447124971806,1.3937514759357503,0.09254697395695576,161.56269737984985,0,0
2020,4,41.0,-117.0,0.24641875,13.591161886851019,24.197170757009445,1.8161435130335688,0.20141444802284236,152.57023181766272,0,0
2020,4,41.0,-116.0,0.255103125,11.19110414981844,34.197924206285535,1.420675204441401,0.33509287403689486,148.82269641384482,0,0
2020,4,41.0,-115.0,0.2482109375,12.829522275924703,26.64439253441131,1.6851006651489298,0.22674771481090117,152.0749736810103,0,0
2020,5,32.0,-117.0,0.381503125,26.665625113825662,3.7368381086118063,2.684637670361093,0.0777908172658694,430.2640736568719,0,0
2020,5,32.0,-116.0,0.236571875,36.86673527686829,0.62976439179252,2.4052822536985383,0.0601878230289746,405.2543283905834,0,0
2020,5,32.0,-115.0,0.217796875,37.43364898927752,0.2781891885526022,2.0801232055811667,0.0597637500814212,396.035362733528,0,0
2020,5,33.0,-119.0,0.39375000000000004,21.726354832803054,3.6249667096264204,3.741127900658002,0.0799825012042958,211.18253283202648,0,0
2020,5,33.0,-118.0,0.40282,24.1651423054357,5.325894026768907,2.213271455067454,0.09555586555098117,307.5771862020095,0,0
2020,5,33.0,-117.0,0.31251249999999997,29.931463298489984,2.4176294605560145,2.248491188982734,0.07556636359101979,450.03095315769315,0,0
2020,5,33.0,-116.0,0.167353125,35.41541729742484,0.7032268836475453,2.282237997392341,0.03543231660319908,318.0197566980496,0,0
2020,5,33.0,-115.0,0.1608640625,36.68445772047968,0.38694810749362313,2.331394122538468,0.028418990553066237,355.9662790503353,0,0
2020,5,34.0,-121.0,0.525275,19.65924453530262,3.7043548189726514,4.77552457201829,0.15735184120875528,398.9853266005715,0,0
2020,5,34.0,-120.0,0.4939886363636364,22.8814566760469,2.1118555021050973,6.403450527006054,0.1456587150688084,737.7692479640245,0,0
2020,5,34.0,-119.0,0.41607307692307693,26.727251595874993,3.009791564831761,2.899648613166738,0.09964719448399863,518.7544530878465,0,0
2020,5,34.0,-118.0,0.3526125,28.476348141701013,4.533165476036771,3.594789156718219,0.06705932463369056,382.5667101191357,0,0
2020,5,34.0,-117.0,0.219578125,29.737310058839885,1.166998284620746,3.392863490590653,0.06041665455346462,411.8461331818253,0,0
2020,5,34.0,-116.0,0.114809375,34.26608845803048,0.18755986051033344,1.932708097962654,0.021935047000966993,269.0771109191701,0,0
2020,5,34.0,-115.0,0.1417546875,35.83192322638729,0.10102020272384489,2.2158990044921323,0.02826289592250697,346.8913345132023,0,0
2020,5,35.0,-122.0,0.5599125,21.70271933770951,12.740999801767572,2.2810645770577533,0.2006189207876882,621.0209913551807,0,0
2020,5,35.0,-121.0,0.4460692307692308,24.661349564292813,6.129968918635688,3.1727368946932493,0.15834514793036294,359.772320311421,0,0
2020,5,35.0,-120.0,0.376096875,29.191351455257802,3.5176089654989084,1.542703419704956,0.11760070247034868,396.30149432923645,0,0
2020,5,35.0,-119.0,0.3955828125,26.690915887586552,11.338249656123622,3.279854344171381,0.12467755617633937,408.49288483150303,0,0
2020,5,35.0,-118.0,0.1860734375,30.238603625759026,0.22150447287927474,4.216052582077964,0.025137512273685856,260.471782181412,0,0
2020,5,35.0,-117.0,0.1283015625,32.79145636404717,0.4011710330225071,4.010358469118318,0.022787976008589506,272.95772335492074,0,0
2020,5,35.0,-116.0,0.1534421875,31.03101582988618,0.217454849494203,2.0151258476307463,0.02269290243425671,265.7831789692864,0,0
2020,5,35.0,-115.0,0.1994046875,32.47006560448679,0.35461119071911185,1.8870435626156217,0.0266363902758526,298.07513707783073,0,0
2020,5,36.0,-122.0,0.548625,22.442067308323377,16.483936743929508,2.301765012376676,0.17366219390366974,381.81644576517016,0,0
2020,5,36.0,-121.0,0.3565625,28.761533863313762,7.972991202709778,2.1399447822745974,0.14353843305700564,469.6493997471407,0,0
2020,5,36.0,-120.0,0.410415625,31.100470015310492,9.22878400118421,2.221803944090464,0.15696320290206578,495.6044149585068,0,0
2020,5,36.0,-119.0,0.4350265625,20.10597749986958,18.08655831658612,1.1634703321894253,0.2478417481786461,476.9520409172401,0,0
2020,5,36.0,-118.0,0.1701875,27.97179836150141,3.0831188119329056,1.4223761434511653,0.032073836172780645,222.7787405718118,0,0
2020,5,36.0,-117.0,0.1338328125,32.35329466789001,2.2219429879761776,1.6070414518195064,0.022875761473050638,251.6595561755821,0,0
2020,5,36.0,-116.0,0.174465625,28.952531371578115,0.923216917303904,1.9587511910273137,0.028710621659473655,264.9041705299169,0,0
2020,5,36.0,-115.0,0.1795078125,31.747999186669652,0.2910721737272581,1.709101414735107,0.027478200453583873,276.5324030769989,0,0
2020,5,37.0,-123.0,0.6258375,19.876397797369222,24.164878173483118,3.3092459307279625,0.17168021714815523,371.45607033744454,0,0
2020,5,37.0,-122.0,0.54320625,24.474046984539257,18.49453798501462,2.711792684779028,0.17056939913807798,363.9454816778501,0,0
2020,5,37.0,-121.0,0.439875,30.731843020839097,14.570568098438486,2.4229279012751017,0.1501344304571869,403.46243290696293,0,0
2020,5,37.0,-120.0,0.465009375,22.98962510324296,44.548611032528385,2.165053622861236,0.2921234298777836,630.3904665401205,0,0
2020,5,37.0,-119.0,0.2181765625,16.16485153782755,16.734723110435112,1.575347011218752,0.26321631253406563,289.35393784195185,0,0
2020,5,37.0,-118.0,0.153478125,26.056715891438163,7.533959687439307,0.7108805949424516,0.03308612781186253,228.6528543336317,0,0
2020,5,37.0,-117.0,0.1828765625,26.124676884374335,8.929870665756567,1.5401713712839382,0.035894734244192754,264.2003191867843,0,0
2020,5,37.0,-116.0,0.1693796875,27.260385908619075,3.513162831527694,1.5678045961218183,0.03236692470888933,252.5634216144681,0,0
2020,5,37.0,-115.0,0.2274890625,28.722864730896518,1.1850794467456183,1.720855183817373,0.04801552622548989,279.24272103700787,0,0
2020,5,38.0,-124.0,0.6530400000000001,19.33879575831918,56.07639821252495,3.4066409520051004,0.2504606913494807,823.9560881008705,0,0
2020,5,38.0,-123.0,0.5904781250000001,24.203171794645268,34.90242186629544,3.24596649166247,0.20118490822853574,601.0414222255349,0,0
2020,5,38.0,-122.0,0.4685734375,28.723114585876488,25.578913853255614,2.8783468701579795,0.16544201297144734,379.1656440589577,0,0
2020,5,38.0,-121.0,0.577075,23.90022461952704,79.97044279867183,1.3652549125820952,0.29909040786886726,733.7736083427444,0,0
2020,5,38.0,-120.0,0.36907812500000003,15.197609704540653,43.4108475379027,1.6075430645208029,0.3492466810569968,393.77785800024867,0,0
2020,5,38.0,-119.0,0.17218125,22.135804387061842,10.203633566138848,1.647977182930476,0.055231297849326955,207.3277875315398,0,0
2020,5,38.0,-118.0,0.14090468750000001,23.269637418562393,18.13852145963679,1.5586802637579693,0.0547731284813214,242.66440444625914,0,0
2020,5,38.0,-117.0,0.1888703125,22.234172208847557,12.462992562664255,1.516593923112369,0.04789741193094557,236.4516652887687,0,0
2020,5,38.0,-116.0,0.1693609375,24.41750796687221,5.087283315820201,1.0794749853085706,0.06601712460158969,260.2280821884051,0,0
2020,5,38.0,-115.0,0.231890625,24.020227804491626,4.5442051410056195,1.7302306106222622,0.08093328469543043,264.2304894980043,0,0
2020,5,39.0,-124.0,0.748459375,21.77037490106401,97.50042983026574,1.602681614262584,0.2943220830732776,773.5946644097567,0,0
2020,5,39.0,-123.0,0.534534375,25.51303003218869,46.767161569309934,1.2569434862625604,0.22609377868713867,726.881121750921,0,0
2020,5,39.0,-122.0,0.4946109375,28.56755155440302,62.5551337066419,1.2045614439512096,0.22013691099741126,506.4995758002624,0,0
2020,5,39.0,-121.0,0.6080390625000001,19.45152489908283,112.93974762478243,1.376725129374294,0.41231137097522774,868.0603448301554,0,0
2020,5,39.0,-120.0,0.3123703125,21.136881985202937,17.446053323087796,1.73480620086649,0.14586023040997081,331.28376223612577,0,0
2020,5,39.0,-119.0,0.1381203125,25.249318595086393,10.652033022356733,1.778687155484976,0.0378719206138323,230.3630803944543,0,0
2020,5,39.0,-118.0,0.202646875,21.0766403244388,34.25045042925845,1.2964046035995422,0.09312685619118388,218.7736218329519,0,0
2020,5,39.0,-117.0,0.212046875,20.51395598842253,27.564721057874664,1.5665317322078902,0.08041696747144059,222.02802659012377,0,0
2020,5,39.0,-116.0,0.2236671875,21.560418524280692,14.445631640715106,1.4318171657291416,0.07191413224384345,241.1549419630319,0,0
2020,5,39.0,-115.0,0.2333,21.668423317324752,13.658370232892736,1.3699961722520402,0.0868671523627414,266.8410021578893,0,0
2020,5,40.0,-125.0,0.7989583333333333,15.804972954206619,118.4577028474669,1.9854050551611016,0.3226523530383549,424.18865528371606,0,0
2020,5,40.0,-124.0,0.7519390625,18.8724867328521,116.72120715187262,1.895133288002368,0.3683709816266131,654.6301430789754,0,0
2020,5,40.0,-123.0,0.5567125,24.555326826341712,91.73847047307859,0.6801769837272029,0.3365290155333857,694.6685787988827,0,0
2020,5,40.0,-122.0,0.6095640625000001,21.144578829119308,90.55125328407954,1.1214776189810964,0.3488829228826748,737.5208075391129,0,0
2020,5,40.0,-121.0,0.41997656250000004,19.353294429471433,39.69208907031785,1.793209304547868,0.2691888193930349,571.8962962273508,0,0
2020,5,40.0,-120.0,0.198003125,22.530740464118235,13.47735767879854,2.0401946472565293,0.05178502939080675,204.52965761069208,0,0
2020,5,40.0,-119.0,0.159309375,23.281655206987956,17.26719841056834,1.870564647873038,0.04211863074251397,221.2665780680254,0,0
2020,5,40.0,-118.0,0.19144375,22.478536470474754,28.665758778092965,1.2937668894964702,0.06440821930926327,201.46130654029548,0,0
2020,5,40.0,-117.0,0.2256453125,21.75589429486185,32.6254811293758,1.5359619585811874,0.08466166065585223,206.99485705699772,0,0
2020,5,40.0,-116.0,0.2687515625,20.255158004453133,28.45205330917011,1.3507420473813396,0.17749849410467247,250.05321763455868,0,0
2020,5,40.0,-115.0,0.2183640625,22.04579585136908,13.80188191936682,1.370781191916382,0.061626582376418534,218.4346382273361,0,0
2020,5,41.0,-124.0,0.7448150000000001,17.521111789826445,123.29752988498679,1.1432550635650436,0.38561645881534334,594.1061926384767,0,0
2020,5,41.0,-123.0,0.5790703125,19.446543289,109.50505395115684,0.5084226713831718,0.38423407686653954,707.9665791243315,0,0
2020,5,41.0,-122.0,0.5730921875,20.31562217127894,73.64786869542073,1.4430335734109243,0.3239382399666694,638.5636924533173,0,0
2020,5,41.0,-121.0,0.4165671875,19.191599164470578,42.45506540567945,1.5437545818277787,0.21641831148055288,388.7228221865371,0,0
2020,5,41.0,-120.0,0.2830578125,19.221463068069973,24.26088705354701,1.9755519190563344,0.08404197808234917,197.02525972388685,0,0
2020,5,41.0,-119.0,0.191284375,22.122221303755257,16.957789302555426,1.810608313571672,0.042739594815879696,206.890020519495,0,0
2020,5,41.0,-118.0,0.234790625,21.88711209758637,25.720005963680848,1.3779961793310056,0.06842817478282473,220.41115420870483,0,0
2020,5,41.0,-117.0,0.28259375,19.82433714712822,38.24168547683726,1.5647888296599142,0.12168950034726045,220.9361850982532,0,0
2020,5,41.0,-116.0,0.3337515625,18.732832257978398,41.12401918203901,1.4528973607218203,0.17830163464751292,249.1116962628439,0,0
2020,5,41.0,-115.0,0.2765,20.41806878889763,25.585941147742375,1.37798830495193,0.0970620730871795,234.76768704131246,0,0
2020,6,32.0,-117.0,0.336121875,28.43485765457156,4.8307009939030365,2.7402418225555687,0.07073937720722617,452.1566948387772,0,0
2020,6,32.0,-116.0,0.21813749999999998,39.26875820159914,0.1023669693545059,2.412639608792691,0.05591786172654889,416.6701913345605,0,0
2020,6,32.0,-115.0,0.19609374999999998,39.86892568270367,0.0471842441633896,2.11788062825034,0.05356232391463381,403.0632399953902,2,1
2020,6,33.0,-119.0,0.359875,22.644173812866235,4.0992686491385655,3.0620505070461284,0.07128917376200355,218.44421513378614,0,0
2020,6,33.0,-118.0,0.367625,25.571890123155413,4.353242053705012,2.274574166300833,0.08048560972566954,330.5907756090164,0,0
2020,6,33.0,-117.0,0.282871875,32.115187040964784,3.23420851155376,2.322323403168772,0.06708376738760201,478.148783557117,0,0
2020,6,33.0,-116.0,0.1506328125,37.8351469755173,0.04292414187645474,2.2958050213337664,0.030637929836908936,331.5570952836424,0,0
2020,6,33.0,-115.0,0.149128125,39.33214163780214,0.04450226797914066,2.790985495984485,0.021833045283953308,376.8340591341257,0,0
2020,6,34.0,-121.0,0.44921875,20.36367235183718,1.5728646234845673,4.472356504567735,0.13347647499155113,356.2069662536184,0,0
2020,6,34.0,-120.0,0.4491522727272727,24.571935603594568,6.130278970734017,4.82316649274291,0.13193649924564035,714.9443602132978,0,0
2020,6,34.0,-119.0,0.37672500000000003,28.505087143335608,3.22398093598991,2.762816862887824,0.09019023142648894,526.6189423318093,0,0
2020,6,34.0,-118.0,0.3287859375,30.598908392588314,2.4201757706627802,3.312899934081336,0.05681988530688811,396.07338432688266,0,0
2020,6,34.0,-117.0,0.205909375,32.47450435161593,1.4103122021928982,2.905957031569165,0.05114029943943019,432.72847088519484,0,0
2020,6,34.0,-116.0,0.105375,37.08186693191531,0.3120698466823057,1.6562654535445374,0.016875136229726955,277.322419336997,0,0
2020,6,34.0,-115.0,0.129325,38.68593175411226,0.1251799486503557,2.5509379111401267,0.025062781241204955,360.41439906693995,0,0
2020,6,35.0,-122.0,0.469825,23.143680127461778,0.7381943952218251,2.312025556668104,0.16017693148718934,616.2974322214723,0,0
2020,6,35.0,-121.0,0.37153846153846154,26.391994003556754,0.9397242423455091,3.090013875535045,0.1408318784501817,354.0762215375137,0,0
2020,6,35.0,-120.0,0.3247,32.79802458286288,0.7514911204502539,1.7417340896423197,0.10989272859361433,428.5026286961511,1,1
2020,6,35.0,-119.0,0.3440859375,30.34270493984225,3.3753755934462504,3.0421513094762123,0.10170437230004202,446.30730035714805,0,0
2020,6,35.0,-118.0,0.161196875,33.36261807282767,1.641804069645758,3.95156207337615,0.02393680744700957,272.5379135226831,0,0
2020,6,35.0,-117.0,0.1132765625,35.80608859062198,0.9988697212115483,3.697067769354976,0.020995587441656294,282.8475512797013,0,0
2020,6,35.0,-116.0,0.1378015625,34.23714525699617,1.0707387201414065,2.050827274004942,0.020631228552924225,275.3010919550434,0,0
2020,6,35.0,-115.0,0.1764125,35.62303218841556,0.3377636395320848,2.44650936825367,0.02563535471757248,309.0424071997404,0,0
2020,6,36.0,-122.0,0.5049136363636364,25.008111129144254,0.5345342985873069,2.6933733281421786,0.13527169901915267,417.3258114041704,0,0
2020,6,36.0,-121.0,0.30991562500000003,32.40826744238537,0.44567971154307884,2.361671644926348,0.1337695694632,512.4612932559103,0,0
2020,6,36.0,-120.0,0.4028046875,35.464206520716374,0.9601097054705576,2.5752455554767404,0.13187270065148668,549.2146407486871,0,0
2020,6,36.0,-119.0,0.437046875,24.120457983016994,18.164396003253813,0.9166655334208492,0.18628807763258612,552.1074982825667,0,0
2020,6,36.0,-118.0,0.15738125,31.363964955012026,1.478719242282267,1.3209479516997986,0.023485707574420464,236.53905629180372,0,0
2020,6,36.0,-117.0,0.1194140625,35.78931580384574,0.46266959644114536,1.5705756947396308,0.01946902142630678,262.785961269401,0,0
2020,6,36.0,-116.0,0.160446875,32.44110312461856,1.0730414152071432,1.7987363954725102,0.02717235618167449,278.91455974895507,0,0
2020,6,36.0,-115.0,0.16214375,35.21982324123384,0.2916894819513515,2.1161051749365902,0.02648892766899528,292.00279468204826,0,0
2020,6,37.0,-123.0,0.6037375,21.418899408976273,0.6686637144461827,3.801693495095944,0.12492208215925425,414.38770294189453,0,0
2020,6,37.0,-122.0,0.49886718750000003,27.494788490401397,0.49827887030199725,3.3478931583453644,0.1395882466325053,413.7791904698436,0,0
2020,6,37.0,-121.0,0.4115375,34.770496924718245,0.8193307522610382,2.691259238638305,0.13233763509326507,457.90292869787663,0,0
2020,6,37.0,-120.0,0.44115,27.621570022900922,9.546718044571634,2.508074031843745,0.21541991366280447,765.0513434782624,0,0
2020,6,37.0,-119.0,0.25756406249999997,20.453701647122724,16.325814832367058,1.1815720949385913,0.16575962636205882,362.2678570682183,0,0
2020,6,37.0,-118.0,0.14169375,29.652040489514686,1.9615608699545817,0.7951494972555339,0.025207373499870258,241.9219866860658,0,0
2020,6,37.0,-117.0,0.166871875,29.759469207127907,2.6994710288867907,1.4867735935574211,0.0289039231008953,274.6902120998129,0,0
2020,6,37.0,-116.0,0.1537140625,30.73916403452558,2.4230761419907765,1.475287640815408,0.030850265092319862,265.8378346823156,0,0
2020,6,37.0,-115.0,0.20596406250000002,32.177801728248625,1.388336249060984,1.8955554102266865,0.047052153613832234,293.5334605863318,0,0
2020,6,38.0,-124.0,0.601325,22.8515437910292,1.3960852564549007,5.234650508712836,0.1765731119226526,1095.5743415902057,0,0
2020,6,38.0,-123.0,0.5200421875,28.48637348016106,2.029137403138037,4.16674447942214,0.1537062479390038,775.0365211395547,0,0
2020,6,38.0,-122.0,0.4267390625,33.17119410832725,0.6816088654026942,3.277253379094718,0.13737663626670835,457.894095685333,0,0
2020,6,38.0,-121.0,0.557628125,28.700154821078005,7.451310471065398,1.75500288111274,0.23321337567435368,925.6193084875122,0,0
2020,6,38.0,-120.0,0.4080015625,20.492539310455346,20.490191594131346,1.2545354457506457,0.2718152966764238,551.4549716608599,0,0
2020,6,38.0,-119.0,0.170303125,26.225044337908447,8.260636540494914,1.485729052765652,0.047859379980299155,227.08162001799792,0,0
2020,6,38.0,-118.0,0.1352484375,27.62133471965792,5.789012598238941,1.6858821638470125,0.03269174827469715,265.7602863619104,0,0
2020,6,38.0,-117.0,0.18430312499999998,26.62205124696098,3.7014216151014523,1.5008205672120096,0.03330060409175021,257.72723089903593,0,0
2020,6,38.0,-116.0,0.1626125,28.328714895248446,4.305416901029702,1.180729654364018,0.06385873059431707,275.07028135005385,0,0
2020,6,38.0,-115.0,0.2240421875,27.602708697319052,11.815981191016789,1.922935465475653,0.08490210241741598,280.333842150867,0,0
2020,6,39.0,-124.0,0.725365625,26.592062044143688,3.41916381976759,2.795575782269775,0.21506224473317462,1053.237249609083,0,0
2020,6,39.0,-123.0,0.5079859375,30.952038844426493,5.916611940033789,1.42295103297766,0.1931132978863186,916.9934896053746,0,0
2020,6,39.0,-122.0,0.5380578125000001,34.107925216356946,4.569737889237757,1.131754590333023,0.17658817734983226,629.0556698804721,0,0
2020,6,39.0,-121.0,0.64790625,24.631363956133548,18.735651109732743,1.1394876354568388,0.3464752154217826,1132.4021990876645,0,0
2020,6,39.0,-120.0,0.314203125,25.52413410345716,10.553128501765485,1.5618718391437962,0.12462430000305173,388.25290370732546,0,0
2020,6,39.0,-119.0,0.1303328125,29.469216966629045,4.928684044994469,1.6655963905538913,0.030332440137863112,256.9531606277451,0,0
2020,6,39.0,-118.0,0.1961296875,25.972229083379133,10.255993061132784,1.5107098917727904,0.04730424152480227,251.74323585815728,0,0
2020,6,39.0,-117.0,0.20770625,25.471783455212943,6.755777351923342,1.7601841682853097,0.04073176483313237,250.02125767059624,0,0
2020,6,39.0,-116.0,0.2190609375,25.967114019393946,7.339881683133598,1.7564431780407548,0.05680008927981055,260.058528278023,0,0
2020,6,39.0,-115.0,0.22895625,25.902748640378338,18.36823690346634,1.6866437586120098,0.07500298685497704,295.46861723065376,0,0
2020,6,40.0,-125.0,0.7841,17.498441145155216,23.7300559223866,4.57735094683366,0.29052125083075625,468.24822450677556,0,0
2020,6,40.0,-124.0,0.7479265625,22.794322975476604,17.012855220951195,4.297330922757516,0.31738789147800867,832.1999214822426,0,0
2020,6,40.0,-123.0,0.5219109375000001,30.09772829214734,17.038431201495285,1.167726128146821,0.2972662842935986,884.6270452486351,0,0
2020,6,40.0,-122.0,0.5977046875,26.45012152989708,23.298788765810485,0.822337616699034,0.293683601087994,929.552630870603,0,0
2020,6,40.0,-121.0,0.40437968750000003,24.573315127690652,16.249862682439442,1.683674385509852,0.21959513889418705,714.5528929540887,0,0
2020,6,40.0,-120.0,0.176628125,27.02503230571749,8.505766695730443,1.8310810779915103,0.044139445821444155,230.06078670732677,0,0
2020,6,40.0,-119.0,0.1444921875,27.598786012331665,7.0429825656042055,1.965453845249851,0.02952467136912872,250.0271104509011,0,0
2020,6,40.0,-118.0,0.176409375,27.237087861696903,10.362927519150134,1.585620661438518,0.030951379405127585,233.42029948253185,0,0
2020,6,40.0,-117.0,0.20845625,26.67581543127698,9.255438527457471,1.732074924457627,0.03660648365815477,239.12725469563156,0,0
2020,6,40.0,-116.0,0.266028125,25.062822246551537,12.208750188715811,1.7619495594989611,0.12124661240312784,299.8515717918053,0,0
2020,6,40.0,-115.0,0.2134359375,26.411965060234092,16.691016681857462,1.825740697933926,0.052607649895879904,246.31759733892977,0,0
2020,6,41.0,-124.0,0.7568983333333335,21.15193453470868,28.755704993126347,2.83749134823136,0.3409932203646059,715.6125534325838,0,0
2020,6,41.0,-123.0,0.5864875,24.458961288134276,29.81771709992742,1.117433342442836,0.34105653464794156,895.8642289508134,0,0
2020,6,41.0,-122.0,0.56414375,25.73762087821962,21.8805444393233,2.096363258416165,0.27274223996533287,815.3360156575218,0,0
2020,6,41.0,-121.0,0.39153125,24.41604977448784,23.268613914392944,2.118773333555076,0.14787117011017265,477.73975832387805,0,0
2020,6,41.0,-120.0,0.2657765625,24.183931914965328,19.02232314123964,2.2178677825191944,0.04616101549731355,226.76250070799142,0,0
2020,6,41.0,-119.0,0.1723859375,26.694843705495224,15.01989941708004,1.9210499747055865,0.0342249727911419,230.02619855105877,0,0
2020,6,41.0,-118.0,0.22091875,26.595241618156464,20.822416475407834,1.6884000464499973,0.04882145391570193,247.11380747612566,0,0
2020,6,41.0,-117.0,0.27434375,24.768099069595362,31.009525942049976,1.9883895441113235,0.07669338981310522,253.46877134870738,0,0
2020,6,41.0,-116.0,0.3298875,23.45784645875297,34.39802764578914,1.88029595604724,0.12100270191828406,292.49111213721335,0,0
2020,6,41.0,-115.0,0.2608796875,24.68908495903017,33.668901721380706,1.990175567301219,0.0863082259893417,265.39210590999573,0,0
2020,7,32.0,-117.0,0.31134375000000003,31.951579773810614,0.8928126577494311,2.6185560246765984,0.06725851374287754,514.058890286833,0,0
2020,7,32.0,-116.0,0.20521250000000002,43.02311186944287,0.2087082635817694,1.9983558349301749,0.04759975274403885,441.8189774733037,0,0
2020,7,32.0,-115.0,0.17924375,43.32540598530925,0.05355178529597989,3.178414604574872,0.04371978582874416,428.56010189279914,0,0
2020,7,33.0,-119.0,0.3393875,23.890100343765766,0.7910712544081377,4.159438759974892,0.06849687330184434,226.20802745223045,0,0
2020,7,33.0,-118.0,0.346815,28.21139098957023,0.5396260801909136,2.676152510684462,0.07723701384759715,368.28975317378837,0,0
2020,7,33.0,-117.0,0.266596875,35.96447007425372,0.21341051126100294,2.1364348364123944,0.06191608630200863,556.1935072764754,0,0
2020,7,33.0,-116.0,0.139390625,41.40283987906673,0.13502900639750234,2.127112270065484,0.020804492696638976,351.9531658384949,0,0
2020,7,33.0,-115.0,0.1420328125,42.819978517101674,0.20216176437415354,3.185538808849292,0.010158229258752588,401.16760379169136,0,0
2020,7,34.0,-121.0,0.42284375,20.84117434922085,1.0787124046641356,4.762455398750353,0.12667826213289757,332.563128011922,0,0
2020,7,34.0,-120.0,0.42425,26.77353588488329,0.24327928210330227,5.630179172618366,0.11799767165744911,788.5932146261134,0,0
2020,7,34.0,-119.0,0.3483788461538462,31.494445547099165,0.16575777982634587,3.365821556153973,0.08631694208402291,601.7216311719937,0,0
2020,7,34.0,-118.0,0.31299062499999997,34.22542778445831,0.15878494980015032,3.754420889760262,0.05462721310636045,468.1566004874185,0,0
2020,7,34.0,-117.0,0.198675,36.16406289531342,0.6738542966751027,2.880074681122835,0.04535167704346354,489.4713828107342,0,0
2020,7,34.0,-116.0,0.102534375,40.41051373481753,0.10061919840254059,1.954249801360337,0.0064370465534989,291.5727983927354,0,0
2020,7,34.0,-115.0,0.1251515625,42.052144176729286,0.5174014173654484,2.7152312671784795,0.015813020288303288,375.5564084276557,0,0
2020,7,35.0,-122.0,0.439225,23.737308736001324,0.5459024492857623,2.1726968313137336,0.14170723320335465,575.5086969584227,0,0
2020,7,35.0,-121.0,0.35124230769230774,27.17108044052441,0.44019313417528666,3.1749898317816787,0.13660353065555927,339.38654115757885,0,0
2020,7,35.0,-120.0,0.30854375,35.720043831486876,0.028450779264943476,2.0051301425283943,0.10875244390579956,459.7622061846778,0,0
2020,7,35.0,-119.0,0.3205328125,33.929331874847435,0.14347493799604644,3.3572558204659697,0.09623622125194915,502.22830625716597,0,0
2020,7,35.0,-118.0,0.1537015625,37.115884099468126,0.029254044985549326,4.003085797825751,0.02165537143266325,300.7625261088833,0,0
2020,7,35.0,-117.0,0.1089765625,39.43075707189501,0.03235884161867369,3.8445266795206816,0.012404438628945256,302.33598314225674,0,0
2020,7,35.0,-116.0,0.132834375,37.4751397901966,0.15129315817929972,2.462648288071822,0.011745040455172075,287.20116266049445,0,0
2020,7,35.0,-115.0,0.16889218749999999,38.981614923477196,0.979600280171411,3.031163983754341,0.022291278967293313,319.9830404482782,0,0
2020,7,36.0,-122.0,0.48209090909090907,26.31452399782423,0.5622604247614781,2.175342770894937,0.12540013209815595,437.931563422987,0,0
2020,7,36.0,-121.0,0.2944484375,34.82342972601616,0.033118568008916265,2.039499804840487,0.13221965521894471,540.3905607527122,3,1
2020,7,36.0,-120.0,0.4164109375,38.4157644656397,0.1344934959170984,2.277576821296709,0.1278952356948647,612.428511842154,0,0
2020,7,36.0,-119.0,0.43179375000000003,28.290858371796165,9.408988562991993,1.0969244257835802,0.15538832737553498,704.8159895930439,0,0
2020,7,36.0,-118.0,0.14897968749999999,35.069008914886005,0.05992505850471725,1.9692446010435665,0.01938849142802653,257.3067679768428,0,0
2020,7,36.0,-117.0,0.114734375,39.124719792027655,0.18407641129769553,2.960045982594936,0.010652036115687324,280.692357220687,0,0
2020,7,36.0,-116.0,0.1549828125,35.75943761025707,1.4615811329541373,2.44788821249278,0.02427413130319242,293.4433842310682,0,0
2020,7,36.0,-115.0,0.15606875,38.59939706248624,0.4537182782051729,2.628945431131632,0.024048691154808087,298.59706468414515,0,0
2020,7,37.0,-123.0,0.59145,21.232130745918553,1.652058485543506,3.783125642949004,0.10976376841145173,401.8440549261868,0,0
2020,7,37.0,-122.0,0.48599843750000005,28.47519539299834,0.5399162182169922,3.0430444273470845,0.13035264162607085,405.9019576913367,0,0
2020,7,37.0,-121.0,0.41749375,36.75080796518636,0.03531206550277938,2.588911640791697,0.12917418697828884,480.2974262274802,0,0
2020,7,37.0,-120.0,0.4269265625,31.301437942443386,6.274588444849627,2.3134005679444494,0.17722509240591394,923.5813431441784,0,0
2020,7,37.0,-119.0,0.267803125,25.12043981705944,11.730589709824102,1.3973599538706412,0.13373303669755174,456.3012480502948,0,0
2020,7,37.0,-118.0,0.132775,33.26128666939276,0.1940434254912304,1.9449859780742995,0.021515713904493538,262.01152498833835,0,0
2020,7,37.0,-117.0,0.157125,33.256480027783326,0.6610716615078616,3.040801134416036,0.02492010593414304,296.08924221247435,0,0
2020,7,37.0,-116.0,0.14534375,34.32374796867373,0.284997086620109,2.909719496245627,0.025587131579716954,278.98150216788054,0,0
2020,7,37.0,-115.0,0.1954328125,35.62297414502792,0.7711514286903309,3.059672079612829,0.04526725924143222,300.19851005636156,0,0
2020,7,38.0,-124.0,0.559905,23.03858603200606,1.0077376151042945,4.056370329086387,0.13997862039928363,1099.2426864802837,0,0
2020,7,38.0,-123.0,0.48412187500000003,29.323952462596303,0.48134945484079594,3.242614202023967,0.133378352208804,800.3170266747475,0,0
2020,7,38.0,-122.0,0.4107515625,34.30707985662647,0.0563240997699665,3.4739435876742086,0.1292806123533556,454.61982826236635,0,0
2020,7,38.0,-121.0,0.5418015625,31.688177334877775,1.5418532226441073,1.8583430832641343,0.18172996178750064,1115.3376871952787,0,0
2020,7,38.0,-120.0,0.4127484375,25.576785036825388,18.101329953989165,1.3404050635687303,0.21306583413513755,699.3368641706184,0,0
2020,7,38.0,-119.0,0.1663109375,30.993461658108643,1.2984625451473164,1.2680677001449117,0.04100642345284899,248.35120630450547,0,0
2020,7,38.0,-118.0,0.1277375,31.612440950639808,0.6023841366378235,1.03343099882483,0.02729397435342107,289.9846553336829,0,0
2020,7,38.0,-117.0,0.179,30.541822782639557,1.0022088341621327,2.1858265687650285,0.03126470696541566,276.4078541658819,0,0
2020,7,38.0,-116.0,0.1562640625,32.43172562045439,1.3767776932773756,2.5431421079488663,0.05998597702672401,294.94338924996555,0,0
2020,7,38.0,-115.0,0.2173875,31.867425729382443,2.3906147495118546,3.206434068530521,0.07608485542317868,303.2553846715018,0,0
2020,7,39.0,-124.0,0.704640625,30.027632024211286,0.5564892586527037,2.105222825490184,0.14583933866152196,1333.4331091027707,0,0
2020,7,39.0,-123.0,0.485484375,34.96870228859688,0.2386211805252003,1.2153769026362122,0.15350149427690812,1119.662691024132,0,0
2020,7,39.0,-122.0,0.5562046875000001,36.90729635300177,0.1855872493443655,2.300741770223108,0.14880862639796347,694.6206995053217,0,0
2020,7,39.0,-121.0,0.6572890625,29.13705160848558,6.815357172509806,1.297068830070428,0.25863002256680556,1459.3767561018467,0,0
2020,7,39.0,-120.0,0.310478125,30.811056816962473,5.806926210990326,1.6683299092458013,0.11203201451609208,458.83216115180403,0,0
2020,7,39.0,-119.0,0.1282625,33.910084442938555,0.5124546975103783,1.6482823363716892,0.02503785330762139,280.33429535571486,0,0
2020,7,39.0,-118.0,0.1862015625,30.28508053595022,1.172817350944655,1.2564396117172605,0.039752789722975815,272.93114736676216,0,0
2020,7,39.0,-117.0,0.200159375,30.029113818753174,2.3540640637484955,1.4857861249187956,0.03682768216697114,271.702237194404,0,0
2020,7,39.0,-116.0,0.208809375,30.499985913307462,2.112520198917167,1.8259802146315376,0.05237081935328818,284.9110383540392,0,0
2020,7,39.0,-115.0,0.22179375,30.54065484692976,4.028527570536511,1.808621899547352,0.06355232288760519,326.83992094825953,0,0
2020,7,40.0,-125.0,0.758225,18.802901259118112,2.238850277393172,4.760977269794771,0.16776856270884666,528.668423079782,0,0
2020,7,40.0,-124.0,0.738503125,26.991008369384296,2.094496778791921,4.081983540665999,0.21180281972372403,1158.209096523933,0,0
2020,7,40.0,-123.0,0.4972671875,35.48069680429276,1.1039546612856554,1.0427070550921778,0.2188099359953275,1168.9821840263903,0,0
2020,7,40.0,-122.0,0.5849109375,31.594829231692923,6.776519158503191,1.0440224657614712,0.20968282350929832,1205.9665523702279,0,0
2020,7,40.0,-121.0,0.3962359375,30.02575426255505,8.784130021577852,1.9245388664912628,0.18050476908683774,896.168728126213,1,1
2020,7,40.0,-120.0,0.1621140625,32.18406113040065,3.0230190992561745,2.06618461979388,0.03897464756042723,262.5291036674753,0,0
2020,7,40.0,-119.0,0.138646875,32.50406640883418,1.0031469088254141,1.7572117777795695,0.025576343779922756,274.00845009833574,0,0
2020,7,40.0,-118.0,0.167503125,32.01062703440269,1.8179009590504336,1.1090375478809809,0.02530671159426367,254.52421396039426,0,0
2020,7,40.0,-117.0,0.19133125,31.672428403362172,2.1123092543540167,1.293921677399365,0.030984414200628904,261.32727845106274,0,0
2020,7,40.0,-116.0,0.2409484375,30.292396579250234,2.7949577585069107,1.0892705977525678,0.10901581888557757,341.0450047813356,0,0
2020,7,40.0,-115.0,0.2001265625,31.48103148245044,4.886315242966788,1.1121255863934616,0.04343026427812469,268.31578160636127,0,0
2020,7,41.0,-124.0,0.7658633333333335,25.58833937559505,2.6047718012290964,3.156302387328785,0.21466899903729253,1084.0427804324363,0,0
2020,7,41.0,-123.0,0.5877109375,30.697836632882417,2.934032391404884,0.9972193277309638,0.23617365251305278,1312.681264593266,0,0
2020,7,41.0,-122.0,0.5527859375,31.281064467276316,5.421652963033097,1.910943344537755,0.2098049518241677,1097.7835326921195,2,1
2020,7,41.0,-121.0,0.3539359375,29.874861951028166,5.8994158558753895,1.9325747256257264,0.10649004514499373,603.814899455756,0,0
2020,7,41.0,-120.0,0.2367125,29.69790790465573,5.5773070004043745,1.8796616384225244,0.02884046108491955,264.9681164184585,0,0
2020,7,41.0,-119.0,0.1553109375,31.866565046002805,2.9413653925267624,1.4988940382828546,0.023276615527368313,263.49456317257136,0,0
2020,7,41.0,-118.0,0.2021859375,31.832005373124183,2.4607836190817522,1.084014210299477,0.031911259697329566,288.05639455094934,0,0
2020,7,41.0,-117.0,0.236953125,30.2900641687455,3.1296199109611678,1.1917797134355708,0.050233249061851046,307.1904060197994,0,0
2020,7,41.0,-116.0,0.2781484375,29.21939948604955,4.103956317177193,1.1922114272798532,0.0850553711255391,371.2291381089017,0,0
2020,7,41.0,-115.0,0.2289140625,30.492360141200425,5.333920513859169,1.1546825272966186,0.05835937652536612,316.60434848163277,0,0
2020,8,32.0,-117.0,0.30336875,33.52788650143534,8.662322035903003,2.1145809911657643,0.07052344852878197,490.06817606277764,0,0
2020,8,32.0,-116.0,0.199709375,43.79712035886704,6.766841712320115,1.6073718979750662,0.05274327980574735,414.7288384847343,0,0
2020,8,32.0,-115.0,0.16818125,44.054699962369874,6.453289150172736,2.6459818933394934,0.052084929840539036,399.0999711677432,0,0
2020,8,33.0,-119.0,0.3299625,25.707401694020945,0.6282250051441451,3.2892081157251325,0.06764518060991835,215.3392769396305,0,0
2020,8,33.0,-118.0,0.335845,30.22912193216306,0.9034511908633173,2.314022432660479,0.07656204469742309,352.9199559241533,0,0
2020,8,33.0,-117.0,0.262284375,37.17375658712082,8.088805445382263,1.7229421560249645,0.06509001953627469,519.6113446727395,4,1
2020,8,33.0,-116.0,0.13528125,42.30583584231717,3.5704043348374626,1.941568818606876,0.0230020541016773,328.2459845067933,0,0
2020,8,33.0,-115.0,0.1400765625,43.49849558953318,5.911106674844291,2.8703221126725094,0.0178092192578059,368.54452348779887,0,0
2020,8,34.0,-121.0,0.41212499999999996,23.286127631895027,0.6832208449386219,4.180773293878136,0.12488718913020196,342.0666215630869,0,0
2020,8,34.0,-120.0,0.40984318181818186,28.622390263054978,4.627393566407663,4.488997317206895,0.12212321345757177,755.2183154180194,0,0
2020,8,34.0,-119.0,0.33219230769230773,33.36441925907058,4.035265472773211,2.854278385124784,0.0882597003786367,573.6607586344084,0,0
2020,8,34.0,-118.0,0.30015000000000003,35.81754539397458,6.396014907309677,3.2496176927493616,0.056640807659395234,453.166036400944,0,0
2020,8,34.0,-117.0,0.1958109375,36.99192877277253,8.048716432327296,2.7395543438012284,0.049231187310270035,451.34801766835153,0,0
2020,8,34.0,-116.0,0.10320625,41.19330999466683,4.313058418134119,1.775817360367461,0.008520884219036262,271.32114476989955,0,0
2020,8,34.0,-115.0,0.1255421875,42.758806693169404,3.5119079639258644,2.5114683720632835,0.015881990232775242,347.8533453308046,0,0
2020,8,35.0,-122.0,0.4243875,27.34062642743513,0.8193789635839721,2.131162527081826,0.13828589070227834,672.4824020639062,0,0
2020,8,35.0,-121.0,0.34415961538461537,30.460961074766015,0.6913818574995153,2.727030811363341,0.13598541520599625,347.15181799271164,0,0
2020,8,35.0,-120.0,0.3015171875,36.888213452985234,1.18020592528012,1.542008827457011,0.10886259777571562,424.40076207276434,0,0
2020,8,35.0,-119.0,0.313178125,34.5058525331559,2.008107456290986,2.940332935977979,0.0968681814209107,456.60068024881184,0,0
2020,8,35.0,-118.0,0.15170625,37.990022777741984,0.9448018045219443,3.638720302509531,0.019075468342791262,275.3467296715826,0,0
2020,8,35.0,-117.0,0.10888125,40.25925532771697,1.727586344728138,3.570653797536271,0.007798003573571431,278.3711199881509,0,0
2020,8,35.0,-116.0,0.133403125,38.19202523385327,4.641202942380573,2.0545559308114503,0.010150488986763863,264.01776005513966,0,0
2020,8,35.0,-115.0,0.1681484375,39.62097344398501,6.34328668276396,2.5396650903555766,0.021306505767247963,294.4777625380084,0,0
2020,8,36.0,-122.0,0.46031590909090914,28.650722627462674,1.280114457572674,2.2285601351583204,0.12494287121058982,435.27166680856186,2,1
2020,8,36.0,-121.0,0.2830265625,36.07175435096988,0.9300759648027679,2.066188158826182,0.1325452209159892,513.513790210709,0,0
2020,8,36.0,-120.0,0.3930796875,39.19736695597251,0.3479974930229445,2.359568544492161,0.12724880537679115,580.5922674480826,0,0
2020,8,36.0,-119.0,0.4177625,28.91358730408455,13.875446946272518,0.9658447273590842,0.15861960188035037,663.4975364431739,0,0
2020,8,36.0,-118.0,0.1463265625,35.669207022267024,0.7607144889476558,1.5399397929457377,0.01463467908161938,234.4955033622682,0,0
2020,8,36.0,-117.0,0.114178125,39.83768766464728,0.7726112035157939,2.211702153564818,0.0035532805868373936,254.24769311212003,0,0
2020,8,36.0,-116.0,0.1538859375,36.33740227760809,5.908562534401085,1.8519145801800712,0.022516135566977992,266.9504948426038,0,0
2020,8,36.0,-115.0,0.155440625,39.23105170188415,4.394449724728133,2.117037820989818,0.02237890997240615,272.970499121584,0,0
2020,8,37.0,-123.0,0.56355625,23.69199548536733,0.9832591404261848,3.2503883481247944,0.1067459416645829,403.9424299262464,0,0
2020,8,37.0,-122.0,0.460746875,30.557523238274385,0.7045244607818782,2.7632615017596427,0.12951365027803668,397.8962511367475,3,1
2020,8,37.0,-121.0,0.3968859375,37.772135368470245,0.15446516955819328,2.483939878395692,0.1291771005558711,450.8547141449526,3,1
2020,8,37.0,-120.0,0.4087515625,32.155637144273356,7.294029428535964,2.2868643718632726,0.17544980459315798,875.6497788708657,0,0
2020,8,37.0,-119.0,0.264690625,25.374294430209765,17.048393574455645,1.2589063428683411,0.13897702418347838,426.8315584631637,0,0
2020,8,37.0,-118.0,0.130740625,33.87256444192703,0.7554271378609201,1.3224049922300556,0.016818531738814438,239.47528726421297,0,0
2020,8,37.0,-117.0,0.1555,33.975417209440685,0.45584581131663526,2.245246273185986,0.019772395331372438,270.58859006501734,0,0
2020,8,37.0,-116.0,0.1435671875,34.939926058246265,1.1899964538457652,2.1767094222322045,0.01880101170591124,255.18705265130848,0,0
2020,8,37.0,-115.0,0.1931734375,36.34884263930785,2.2337818172815105,2.1727689373871835,0.043514690091533005,272.5090733729303,0,0
2020,8,38.0,-124.0,0.54048,24.889752008581706,0.780223803196615,3.769311567651098,0.13621934562601065,1056.064835563302,0,0
2020,8,38.0,-123.0,0.4697328125,31.16999731832937,0.5959127684178611,3.056327933472237,0.13280170290700846,765.4338718857616,0,0
2020,8,38.0,-122.0,0.3933421875,36.03333338152981,0.2630087201538344,3.008466733261717,0.12924063109582468,425.7495685014874,0,0
2020,8,38.0,-121.0,0.5316421875,32.98678598403933,3.523567424068119,1.6585516882281603,0.1828677513266122,1052.8837738092989,0,0
2020,8,38.0,-120.0,0.40787968750000003,26.252768350416634,13.73055294426706,1.1799933685733248,0.19859276888191055,668.8771330518648,0,0
2020,8,38.0,-119.0,0.1669578125,31.259237969306227,3.4041371782365104,1.2479837699907117,0.040080272382305465,229.4353946344927,0,0
2020,8,38.0,-118.0,0.1247,32.16152406815562,0.6472975601496955,1.2948168762265613,0.02212873710099082,268.8826377270743,0,0
2020,8,38.0,-117.0,0.17780625,31.196547072933587,0.24773922088172637,1.714184183994138,0.029807039806919667,257.818499696441,0,0
2020,8,38.0,-116.0,0.1557015625,32.96121723728798,0.6246757348122856,1.9030517828125573,0.05639255719800145,272.34832546673715,0,0
2020,8,38.0,-115.0,0.2192,32.45648673580541,1.5400496431681177,2.292362555945109,0.0750227179578555,277.0154532045126,0,0
2020,8,39.0,-124.0,0.6904875,31.553941006814306,1.0381848205867072,1.88075594864024,0.14192715511527107,1236.255302093923,0,0
2020,8,39.0,-123.0,0.45025156250000004,35.4564629939295,1.7835788548978826,0.92005952098901,0.153658874252791,1013.5948952520266,2,1
2020,8,39.0,-122.0,0.510609375,37.494479205531476,0.6794333112480899,1.6741292232088822,0.14883589167748723,625.7306603947654,0,0
2020,8,39.0,-121.0,0.64556875,29.768655034034502,13.50176470624831,1.1125297197347097,0.26743016223753646,1326.8628235673532,2,1
2020,8,39.0,-120.0,0.302178125,31.084139996190245,9.065027779811885,1.5765095340788216,0.11394397001112656,418.40810724534094,0,0
2020,8,39.0,-119.0,0.1274765625,34.353920047513924,2.1603970908614656,1.540319279247564,0.02322913241642774,257.0995349669829,0,0
2020,8,39.0,-118.0,0.1828625,30.949088538077593,1.5844793179127237,1.2684063228056242,0.03945467581031139,253.76801774837077,0,0
2020,8,39.0,-117.0,0.19676875,30.611042125763447,0.8299750861766597,1.2983037144475,0.03599929969797847,252.21609987784177,0,0
2020,8,39.0,-116.0,0.207534375,30.982711210558513,0.33989754776087006,1.5659615278013912,0.05104252535809749,264.8327620700002,0,0
2020,8,39.0,-115.0,0.2198484375,31.313504722041493,1.6694783353301546,1.545370538036213,0.060387834746350476,304.1862047975883,0,0
2020,8,40.0,-125.0,0.7287666666666667,20.50511704858489,2.409797489451964,4.52057906033142,0.1392153428874135,552.3440341154734,0,0
2020,8,40.0,-124.0,0.718371875,28.283625159725087,2.3351346262785455,3.956272178839337,0.2000980066355838,1082.2625393047929,0,0
2020,8,40.0,-123.0,0.4797921875,35.43971691900688,2.6827717320117017,0.6704593139087237,0.21840807763479086,1026.7868424998596,1,1
2020,8,40.0,-122.0,0.5826953125000001,31.651490645254835,10.313500615680482,0.9218453268030994,0.2128004341997126,1057.4073895113543,0,0
2020,8,40.0,-121.0,0.390978125,29.99415504855497,12.98684018003371,1.5942913227010418,0.1846694869379843,809.2322984011844,0,0
2020,8,40.0,-120.0,0.1556640625,32.22809048929524,6.655431550839808,1.7661544999524357,0.04057351491784532,233.5159395588562,0,0
2020,8,40.0,-119.0,0.137340625,32.99278748727616,4.281801137054231,1.6348136649003264,0.0267428076395424,250.12368126772344,0,0
2020,8,40.0,-118.0,0.166828125,32.76707171163254,2.2104200561585685,1.3235003663998082,0.025263398244816725,236.0504139214754,0,0
2020,8,40.0,-117.0,0.18490625,32.43085973801154,2.207747858861353,1.35141975072722,0.030593687488186694,243.5132993850857,0,0
2020,8,40.0,-116.0,0.2258015625,31.134726881211826,2.6420291633399984,1.2737855791204988,0.10710782389486985,319.9264492141083,0,0
2020,8,40.0,-115.0,0.1936265625,32.280184287409654,2.1220550061258336,1.167034675321425,0.040396199111015524,252.909213071689,0,0
2020,8,41.0,-124.0,0.758925,26.70517791693358,4.0103476045604545,2.750080861462428,0.20234803617926336,1031.884992412395,0,0
2020,8,41.0,-123.0,0.5818359375000001,30.78552007213718,8.206179330969121,0.77363901462732,0.23882115816557276,1163.7889194535092,1,1
2020,8,41.0,-122.0,0.553971875,31.316761919759966,8.521272999146845,1.3642726586659235,0.21214525449660515,962.744434713386,0,0
2020,8,41.0,-121.0,0.3368578125,29.87913309681802,12.889591011131074,1.423393650359399,0.1129279707067756,528.8349369075149,0,0
2020,8,41.0,-120.0,0.2171421875,29.81788913203826,10.416950297454264,1.6527977457457383,0.03106289557231365,235.76500616036355,0,0
2020,8,41.0,-119.0,0.14795625,32.40013512026882,3.925372811877992,1.52974170106961,0.0234439606948565,240.19539705477655,0,0
2020,8,41.0,-118.0,0.1924828125,32.50631231954023,2.1156533275785705,1.3288916336286714,0.03095832242760602,266.8006820604205,0,0
2020,8,41.0,-117.0,0.2097984375,31.23401201463517,3.1590861854198238,1.710178759817634,0.04504647402353178,294.53527368605137,0,0
2020,8,41.0,-116.0,0.239940625,30.34874851780555,5.198697292158272,1.42899962822368,0.0743832687536875,358.50076866336167,0,0
2020,8,41.0,-115.0,0.21108125,31.510341055162517,4.123662563884523,1.4211609547342865,0.05261003554508246,298.16466837655753,0,0
2020,9,32.0,-117.0,0.29620625,32.82507836023969,0.28534366161281355,1.5822447460353342,0.0657540274990929,428.31188067793846,0,0
2020,9,32.0,-116.0,0.19724375,40.53479984601341,0.04117789090329889,0.8175836032629155,0.052173617813322234,337.20499090850353,0,0
2020,9,32.0,-115.0,0.16241875,41.059184646606475,0.10296881542259934,0.879645077764275,0.052249025636249065,333.7357467971742,0,0
2020,9,33.0,-119.0,0.3235,26.27754618326827,0.5823633854156185,3.283391912879618,0.067590316136678,186.16541847586632,0,0
2020,9,33.0,-118.0,0.3381825,30.85174805535214,0.2538243218824713,1.958706257380904,0.07625864594070995,325.52405651658773,0,0
2020,9,33.0,-117.0,0.267965625,35.631323464711535,0.2397954684560943,0.8548231135462587,0.06018457313378647,458.70069635566324,0,0
2020,9,33.0,-116.0,0.1369140625,39.13635069529218,0.0535581947183061,0.989008670864746,0.020614508125517045,259.32001625187695,0,0
2020,9,33.0,-115.0,0.14249062499999998,40.15581890741987,0.19314132974201922,0.8424448476063496,0.01680652201175685,295.75928626582026,0,0
2020,9,34.0,-121.0,0.40325,23.677270666758233,0.9109510639871606,4.297264042800216,0.1242282130100109,300.6606496249636,0,0
2020,9,34.0,-120.0,0.40309469696969696,28.212602754072734,0.17590983013510642,4.577830018125044,0.11667700696874544,694.5749635836393,0,0
2020,9,34.0,-119.0,0.32692884615384615,32.83791707030731,0.11150121077017011,1.2507922693120004,0.0855961544221622,513.5825562935609,0,0
2020,9,34.0,-118.0,0.28473906250000003,34.85830303033195,0.08921387948745971,1.1199090602074524,0.0535502112574047,395.81267535686493,6,1
2020,9,34.0,-117.0,0.1896296875,34.11080505053204,0.10694416583234552,1.0220790560878457,0.042202565405103844,387.9431689856574,0,0
2020,9,34.0,-116.0,0.104875,37.70633757909142,0.01982825220281367,0.8833988912697444,0.006066922677887756,218.11721450649202,0,0
2020,9,34.0,-115.0,0.1277921875,39.185741782188444,0.0335973908072162,0.7342369220648781,0.015344618426428857,279.00737151503563,0,0
2020,9,35.0,-122.0,0.42695,27.24349397023522,0.4364419017797161,1.9112803302386088,0.13696989483303496,529.1654942557216,0,0
2020,9,35.0,-121.0,0.34255,30.190166916806504,0.4577678992148457,2.7010753473983065,0.13574043176113026,286.51499251524604,0,0
2020,9,35.0,-120.0,0.297846875,34.571344065666224,0.03387818456346277,1.13614666416517,0.1078172703584035,340.98557149991393,0,0
2020,9,35.0,-119.0,0.3119015625,32.24881289005282,0.06627587013596777,1.1251283648993915,0.09578084482087025,380.5912515381351,0,0
2020,9,35.0,-118.0,0.1547609375,34.83252902825676,0.034918239048664604,1.1857610504700666,0.015412783291604743,208.0460477154702,0,0
2020,9,35.0,-117.0,0.109146875,36.619063313802116,0.020375869876687568,1.049233692383842,0.006351916988690653,209.61037545930594,0,0
2020,9,35.0,-116.0,0.1341546875,34.73131593068444,0.028454394719545882,0.6254446988825789,0.009705511728922462,210.48360725399107,0,0
2020,9,35.0,-115.0,0.1662453125,35.82459354400637,0.16421771020347362,0.7059236593749754,0.019358570045894995,234.93239283561707,0,0
2020,9,36.0,-122.0,0.4430840909090909,28.308056108879338,0.6104871823048946,2.2082161501587847,0.1240819046392986,356.85423485031635,2,1
2020,9,36.0,-121.0,0.276878125,33.86742796103162,0.2185389620130706,1.7479204014902652,0.13229942023754115,398.3403977472335,0,0
2020,9,36.0,-120.0,0.35000625,35.669638586044336,0.1203633599793363,1.8255305187535715,0.12665480242835145,445.41881524492055,0,0
2020,9,36.0,-119.0,0.396675,27.00599270661674,2.119800936139171,0.4629163189825364,0.14391214483314085,569.6760675637051,5,1
2020,9,36.0,-118.0,0.1482625,32.04764641920728,0.0812811066275287,0.2768501063702841,0.012971971763504835,185.91222155373544,0,0
2020,9,36.0,-117.0,0.1139625,35.967846783002244,0.0197216157680202,0.5629819000603483,0.002949412663777639,198.9296890096739,0,0
2020,9,36.0,-116.0,0.1568703125,32.60867512226106,0.044173722795193236,0.4168287488227755,0.020927110976642994,217.81770326197145,0,0
2020,9,36.0,-115.0,0.15606875,35.062456337610904,0.08105619222575906,0.606092190078061,0.0224583569500181,220.0459244195372,0,0
2020,9,37.0,-123.0,0.51455625,24.205836359659855,1.1576739360457111,2.78188185219048,0.10613625049591059,344.37467250972986,0,0
2020,9,37.0,-122.0,0.42793593750000003,29.830046619309343,0.36709112148140355,3.0972022112514663,0.128803284742214,327.070236671716,0,0
2020,9,37.0,-121.0,0.3627921875,34.78537279764814,0.1606498134201217,2.111960856542879,0.12927969561682803,336.4381823921576,0,0
2020,9,37.0,-120.0,0.389671875,29.929476221402506,1.7115670942580152,1.674611873202916,0.16781464119752246,739.85491739586,5,1
2020,9,37.0,-119.0,0.262625,23.513181042671224,3.806206559470837,0.5276988958359156,0.12329944206608662,359.7303511342034,26,1
2020,9,37.0,-118.0,0.1328859375,30.087475951512673,0.1688284554397512,0.2210213697005418,0.015155891908539627,189.7244374267757,0,0
2020,9,37.0,-117.0,0.1526453125,30.206245271364878,0.02232279971892122,0.23525603567975,0.01505116191175244,215.52619989961386,0,0
2020,9,37.0,-116.0,0.1458015625,30.933695308367433,0.021748406521027133,0.4342649610643862,0.016820537712838857,203.10818927828223,0,0
2020,9,37.0,-115.0,0.1975625,32.16031046708427,0.06670055322999242,0.5717745199987408,0.04300008250607379,221.1576827103272,0,0
2020,9,38.0,-124.0,0.5380516666666667,24.48756518046064,0.6987980787521053,3.274919854589856,0.1355991384718153,869.4984022527933,0,0
2020,9,38.0,-123.0,0.4503703125,30.24499236742658,0.3959538170015264,2.99123332080854,0.13261814945273925,644.6243963437155,0,0
2020,9,38.0,-122.0,0.365878125,34.072758229573594,0.10099464439505819,2.386323709007912,0.12921285099453392,347.42238954640925,0,0
2020,9,38.0,-121.0,0.5251609375,31.156165432930013,0.7246312905913044,1.3817752390326654,0.17840109103255797,958.039797609672,0,0
2020,9,38.0,-120.0,0.39615625,24.523327779769925,1.6597285156016994,0.5341323299423592,0.17887685696283975,583.6770826717839,4,1
2020,9,38.0,-119.0,0.166815625,27.632951649030076,3.347910171083157,0.4687651250830945,0.042071078221003165,179.47302444372326,0,0
2020,9,38.0,-118.0,0.123653125,28.041945695877097,1.3585304130678821,0.5015811134135155,0.023263812065124474,208.70461710728705,0,0
2020,9,38.0,-117.0,0.1799453125,27.04408502578738,0.8293198642199684,0.3877115404740389,0.02963916361331935,198.23592773173004,0,0
2020,9,38.0,-116.0,0.157878125,28.569642353057883,0.7532845937525678,0.5514426139839546,0.055237545900874624,208.8006139965728,0,0
2020,9,38.0,-115.0,0.2260203125,27.89187665780387,0.5544670146768738,0.3482576956710617,0.0751065290636486,208.32406973931938,0,0
2020,9,39.0,-124.0,0.66396875,29.90885710716249,1.0416884195869613,1.5194125699367815,0.14189261727862884,1032.1824816055596,0,0
2020,9,39.0,-123.0,0.4094875,33.01891806125643,0.4913312603598285,0.7178607771010915,0.15301365951697027,865.3709494974464,8,1
2020,9,39.0,-122.0,0.426575,34.797343150774665,0.029677919751946957,0.7054121341683761,0.14840391510062745,541.9635770376772,0,0
2020,9,39.0,-121.0,0.6217078125000001,28.261899248758972,0.21684162662083392,0.6358198372123257,0.24556634094980023,1228.1029970617965,6,1
2020,9,39.0,-120.0,0.28830625,28.204419247309392,0.3355920069729734,0.5128957122284458,0.10756367279423602,344.5030258735642,0,0
2020,9,39.0,-119.0,0.12507812499999998,30.300632516543093,2.0283797510778356,0.5236433936699164,0.026838248305850507,191.65226980112493,0,0
2020,9,39.0,-118.0,0.1815609375,26.740428900718708,4.083031018904393,0.2637843975341245,0.04212711420324109,195.2356928959489,0,0
2020,9,39.0,-117.0,0.1961359375,26.103482365608247,2.2203590941494156,0.6027080764654101,0.03724045919047456,194.76526672951877,0,0
2020,9,39.0,-116.0,0.2069234375,26.30733931859337,2.336431689268892,0.5560058083566937,0.05263267358144119,200.6699505727738,0,0
2020,9,39.0,-115.0,0.21738437500000002,26.26083079179131,2.5539800279652525,0.4707253880469023,0.06178283161587181,229.83340825885534,0,0
2020,9,40.0,-125.0,0.7098416666666667,21.658876348424844,7.618516612506454,1.200717860244657,0.14093808892332474,429.48590425981416,0,0
2020,9,40.0,-124.0,0.7004609375,27.189197405179364,5.154590051329677,1.2986933062607176,0.20375234915150534,896.5827595675364,2,1
2020,9,40.0,-123.0,0.4773421875,32.57750186920168,0.5842488479679275,0.4964941805018507,0.21711911857128138,862.4087912030518,6,1
2020,9,40.0,-122.0,0.571584375,29.48030773798627,0.08003802382106069,0.6758017187732304,0.19828810592492419,953.851891332306,0,0
2020,9,40.0,-121.0,0.391390625,27.396190063158688,0.027414340234344026,0.7031276608577683,0.17105719546476997,687.0066880946979,0,0
2020,9,40.0,-120.0,0.1522453125,28.942593026161216,0.321456858596747,0.4720067579211299,0.03811446097162031,181.12224724609405,0,0
2020,9,40.0,-119.0,0.137240625,28.913215812047348,2.6828515563970257,0.5557996240614874,0.02723798884285815,183.33747296128422,0,0
2020,9,40.0,-118.0,0.1640671875,28.122609225908942,3.2805450481241394,0.4342894338964975,0.027166151007016463,171.75012698862702,0,0
2020,9,40.0,-117.0,0.1794265625,27.681074937184675,2.587031967646425,0.5408970259462069,0.03184651997354291,180.12832454405725,0,0
2020,9,40.0,-116.0,0.21560625,26.282517345746385,2.1802398131107736,0.5216168059433908,0.10811271634366773,241.10253667458892,0,0
2020,9,40.0,-115.0,0.188340625,26.795136292775503,2.398473139560764,0.6786169431972665,0.042239019936985395,185.72349357418716,0,0
2020,9,41.0,-124.0,0.7467183333333334,25.51460298043713,17.217028318302376,0.8362155519232098,0.2220548251823142,820.7950239380201,0,0
2020,9,41.0,-123.0,0.5807625,28.387023989359562,3.4237175003504206,0.4509901775046426,0.2343388219674428,956.0095972847193,2,1
2020,9,41.0,-122.0,0.54775,28.765766461690294,1.0423957590823818,0.6751183784671357,0.2050094942251841,819.4149604532868,0,0
2020,9,41.0,-121.0,0.3231921875,27.453558317820256,0.17477099195772888,0.6655435792671114,0.10106082028812828,447.68691901117563,0,0
2020,9,41.0,-120.0,0.205040625,26.762209296226523,0.671681178442185,0.8533582876700255,0.026645268665419632,183.3609496243298,0,0
2020,9,41.0,-119.0,0.1431015625,28.573550995190956,0.8585936610465694,0.6350290971023143,0.022763151261541523,177.20563802868128,0,0
2020,9,41.0,-118.0,0.1814,28.154660065968855,1.425421958497708,0.7101246168808796,0.03155992229779558,199.8628427973017,0,0
2020,9,41.0,-117.0,0.1979125,26.688861107826263,1.8938031733846117,1.0850991569441435,0.04549828237957419,211.791587411426,0,0
2020,9,41.0,-116.0,0.2238984375,25.690068236986818,2.4662762169604946,0.9523061004092288,0.07381838924354973,266.0854971036315,0,0
2020,9,41.0,-115.0,0.2027578125,26.19444636503858,2.2989699371969152,0.9575243954876064,0.052952228320969436,216.61032910924405,0,0
2020,10,32.0,-117.0,0.2917125,28.24861605244301,1.9485243428825072,1.4184942575763697,0.06592179434273826,344.7603937238455,0,0
2020,10,32.0,-116.0,0.197434375,34.54968921907489,0.023643096941583452,1.555537521249144,0.04348316436172808,265.1677690446377,0,0
2020,10,32.0,-115.0,0.16188125,35.43910499080537,0.03705460767733365,1.227336271915047,0.041158753697590096,250.57498598471284,0,0
2020,10,33.0,-119.0,0.3194125,24.572894853161245,1.817681437390917,2.247997482712061,0.06895697501397895,152.05180644989014,0,0
2020,10,33.0,-118.0,0.35812999999999995,27.538946110715177,2.891595334468159,1.3535461622916896,0.07864989020918431,266.94555804133415,0,0
2020,10,33.0,-117.0,0.284109375,30.324860191345234,1.9847302064626149,1.4086439414440513,0.059256974727876666,365.6448863912374,0,0
2020,10,33.0,-116.0,0.14054375,33.26820725317927,0.02343168671714574,1.6149161400341985,0.0164017952898497,195.47635584603995,0,0
2020,10,33.0,-115.0,0.1449765625,34.26413519459389,0.023201650041215712,1.3596754197500356,0.007025027467358464,221.65025188587606,0,0
2020,10,34.0,-121.0,0.3929375,23.526066572948153,0.6157500502048663,3.12983322926356,0.12380415478914865,311.6077651890615,0,0
2020,10,34.0,-120.0,0.39495681818181816,25.39252601765236,0.737168662677805,3.2335391402869824,0.11721631454388218,598.7421133640138,0,0
2020,10,34.0,-119.0,0.3311480769230769,28.386739945707518,0.8726970770078096,0.8380737100324652,0.08637830288836798,422.4406998986617,0,0
2020,10,34.0,-118.0,0.2719828125,29.460000325787473,1.0839980859636,1.0560293531756515,0.05455820342545864,307.10040987469256,0,0
2020,10,34.0,-117.0,0.1784640625,28.577117276960827,0.25991963412153035,1.746681045831783,0.037093425309786196,297.2649704897776,0,0
2020,10,34.0,-116.0,0.105565625,31.842619391410608,0.0210596081196001,1.752508273340474,0.0003469884395599257,163.1480292417109,0,0
2020,10,34.0,-115.0,0.12999375,33.320726689984745,0.0210596081196001,1.3161441765930832,0.008668294196487715,214.09605885855854,0,0
2020,10,35.0,-122.0,0.43981250000000005,25.307863100113423,0.6069583651004962,1.2092606092324971,0.13738346612581645,440.63237868249416,0,0
2020,10,35.0,-121.0,0.3408,27.21685806981192,0.5173480352952198,1.8943459366461584,0.13599677003051147,254.47933108378678,0,0
2020,10,35.0,-120.0,0.2988,29.281926481185447,0.10822721015202315,0.7057995050477028,0.10837038037597488,258.8234911672771,0,0
2020,10,35.0,-119.0,0.31270312499999997,27.064837512662354,0.10142902101861746,1.3035781341399055,0.09606537799681383,292.3337686806917,0,0
2020,10,35.0,-118.0,0.16141875,29.327892383452404,0.021304778787367633,1.262117840834399,0.014392740623925275,147.37020689062774,0,0
2020,10,35.0,-117.0,0.1093390625,30.498538612550327,0.0210596081196001,1.3981132471722235,0.002695172063765947,150.80023545306176,0,0
2020,10,35.0,-116.0,0.13403437499999998,28.869586770765263,0.0210596081196001,1.5130686130479265,0.0024535101588053993,153.97216123528779,0,0
2020,10,35.0,-115.0,0.16403281249999999,30.00244286291063,0.09436074833857327,1.6272284759100006,0.016157339016596425,179.5003084698692,0,0
2020,10,36.0,-122.0,0.43376136363636364,26.016527812432003,0.3136646794764024,1.6871070123233445,0.12370818008542171,320.8310240597436,0,0
2020,10,36.0,-121.0,0.279565625,29.13532926497923,0.07199783067690642,1.2978865297246391,0.13241280439079445,311.2262198701501,0,0
2020,10,36.0,-120.0,0.32436875,30.141332183345696,0.3341029696493081,1.2900941573407,0.12706869968803977,334.92560393642634,0,0
2020,10,36.0,-119.0,0.384115625,22.342575314737157,0.6349439099757603,0.6909397152813835,0.14185974226203013,473.25033240485936,0,0
2020,10,36.0,-118.0,0.1545359375,26.53914973351266,0.021944131734841155,0.5441098061549006,0.012976222461269714,132.9181269975379,0,0
2020,10,36.0,-117.0,0.1149375,29.72983432892832,0.021160656618945888,0.9714555435386724,0.0010525564993581237,142.94352941215038,0,0
2020,10,36.0,-116.0,0.1674109375,26.877745839088213,0.033530948716275995,0.8355839825145724,0.016398024815385007,158.12976437155157,0,0
2020,10,36.0,-115.0,0.15916249999999998,28.899781514752316,0.21025592650758537,1.1616977555941652,0.021154768364403786,157.71325340028852,0,0
2020,10,37.0,-123.0,0.46773125000000004,23.780704578276627,0.5485812034784487,1.5420564080657049,0.10550564976148705,345.2262063510716,0,0
2020,10,37.0,-122.0,0.4121953125,27.110442705564626,0.1867177573669683,2.2491192871874124,0.1285295135017791,297.26977956791717,0,0
2020,10,37.0,-121.0,0.348196875,29.725110787730088,0.026207260820143526,1.5022950048368862,0.1292733998708827,250.60954806394875,0,0
2020,10,37.0,-120.0,0.38294375,25.035990810394303,0.03605553138541491,1.06132609879922,0.16508901023095648,617.7626658463851,0,0
2020,10,37.0,-119.0,0.2587875,18.82008701293701,0.10607562217401774,0.5193691523621904,0.11914000620124156,287.8494265023619,0,0
2020,10,37.0,-118.0,0.137953125,24.26805834154931,0.0210596081196001,1.3357604471750653,0.015297987448271846,132.4224106501788,0,0
2020,10,37.0,-117.0,0.1480796875,24.39425371846847,0.026834040912859736,1.545581695839968,0.014234366275930872,151.89706906676292,0,0
2020,10,37.0,-116.0,0.153959375,25.164351581758083,0.06345131624030383,1.2744343258189592,0.01381300053288855,142.71807961631566,0,0
2020,10,37.0,-115.0,0.2104875,26.025592037939276,0.13019501421140942,1.2755269336124453,0.042365195610189914,158.5861104540527,0,0
2020,10,38.0,-124.0,0.565745,23.586750038721256,0.9296877142368487,2.9162977487354467,0.1354938175515889,966.5428554018338,0,0
2020,10,38.0,-123.0,0.4415984375,27.939502719140844,0.4438292999147109,1.9212906394984648,0.13277087865337245,591.0904245683923,0,0
2020,10,38.0,-122.0,0.33994375,30.073249127787946,0.07362229007767945,1.3542182962625144,0.12923918776614687,297.3397843306884,0,0
2020,10,38.0,-121.0,0.5174171875,26.74040479352399,0.036455301600568604,0.9973276092458868,0.17735262167069216,868.8357406063005,0,0
2020,10,38.0,-120.0,0.36619843750000003,19.501845462860622,0.03924251723574908,0.6652239926273763,0.17586620488474444,473.57945749536157,0,0
2020,10,38.0,-119.0,0.1607984375,21.191291919831336,0.031309977206461725,0.9402861436782006,0.041437188784281355,116.66822922416031,0,0
2020,10,38.0,-118.0,0.1244796875,21.542150154421428,0.02232643965172082,1.6543583034513587,0.024785864737725982,139.47950687725097,0,0
2020,10,38.0,-117.0,0.1887625,20.993914861063825,0.07768588330137044,1.4888220587009835,0.03005172712828519,131.641895044595,0,0
2020,10,38.0,-116.0,0.1641921875,22.12013999415984,0.12678753774153503,1.3276229991065882,0.05722659794233175,142.33599219005555,0,0
2020,10,38.0,-115.0,0.2418890625,21.33789711152356,0.2997464798717431,0.9784480312724114,0.07570684789329442,143.06772698182613,0,0
2020,10,39.0,-124.0,0.6286343750000001,27.62073732499156,1.3378719631909064,1.347932898397609,0.14283151652223317,956.8808870390058,0,0
2020,10,39.0,-123.0,0.3923671875,28.954502924027,0.1666087955563,1.5109949132618157,0.15271981204709695,747.7475390769541,0,0
2020,10,39.0,-122.0,0.37708281250000003,29.95342975585693,0.24022914658772263,1.3133473709244634,0.14879124908037078,465.8888526028022,0,0
2020,10,39.0,-121.0,0.5869515625,23.767001631952127,0.8898096457450322,1.0400572045640222,0.24387473829330933,1053.9372490020469,0,0
2020,10,39.0,-120.0,0.2680796875,21.877697340134667,0.08657652142929345,0.4218176769193211,0.10759765230199339,251.66366947814822,0,0
2020,10,39.0,-119.0,0.12338281250000001,22.50427767076802,0.022220501708858306,0.5947321657058748,0.027718821520446406,122.05927085597068,0,0
2020,10,39.0,-118.0,0.18644375,19.8030678026138,0.027603779020779432,0.8057179903072997,0.0398417666394223,129.5423088595271,0,0
2020,10,39.0,-117.0,0.2050359375,19.35169862470321,0.07314545291947633,1.4855350667213911,0.03660398946013497,128.161599393934,0,0
2020,10,39.0,-116.0,0.21301718749999998,19.576096383986954,0.08549781705724507,1.565776921202784,0.052140686781175644,132.13944050949067,0,0
2020,10,39.0,-115.0,0.21886250000000002,19.452839692946426,1.86052809658932,1.0443702122612275,0.06263350575200968,154.58821959327906,0,0
2020,10,40.0,-125.0,0.707,19.071347166218647,4.043818476125141,3.823116216750584,0.1422481958441694,487.7983261313703,0,0
2020,10,40.0,-124.0,0.6994265625,23.711080584987535,5.016680417615049,3.325780749551196,0.21139854096597238,788.791749975644,0,0
2020,10,40.0,-123.0,0.4938921875,28.08097868888611,0.9206431750534705,1.4615431922860136,0.21780026856289114,715.2064220281318,0,0
2020,10,40.0,-122.0,0.55233125,24.71706025369707,1.6137951352028779,1.2274993096602045,0.19851988329682294,773.0515685398132,0,0
2020,10,40.0,-121.0,0.3875,21.431597712732152,1.1883034203528098,0.5358437518151877,0.1718621388558418,495.41329056955874,0,0
2020,10,40.0,-120.0,0.1531375,21.821368628163516,0.4497026857315234,0.7168728683633616,0.03912450036694922,111.72727146185935,0,0
2020,10,40.0,-119.0,0.1407296875,21.35138949578811,0.3085269891052178,0.685431475241665,0.026176765721331312,115.4919333057478,0,0
2020,10,40.0,-118.0,0.16138906249999999,20.507082711496686,0.5609913096158436,0.7394660184643407,0.025847392697488057,108.82373945787549,0,0
2020,10,40.0,-117.0,0.17309687499999998,19.873999852518903,1.593876007977002,1.0315767784629877,0.03226523245534585,113.64713171496987,0,0
2020,10,40.0,-116.0,0.2037140625,18.356035643239203,3.4160598479537896,1.2697440266775766,0.1138275063806964,158.02592155523598,0,0
2020,10,40.0,-115.0,0.1859296875,19.542873331808295,3.354496398973339,1.4491995234091353,0.04561365740273584,124.08146180678159,0,0
2020,10,41.0,-124.0,0.733245,21.571047916207274,14.72112044260688,2.4746337084992445,0.24646904089687258,710.3739916036526,0,0
2020,10,41.0,-123.0,0.5768015625,22.900032723334547,5.626954214680069,1.1408089436693352,0.24541442176347134,731.5282209310681,0,0
2020,10,41.0,-122.0,0.5325421875,22.920320537013417,4.391682876306646,1.1725584417366093,0.21354481834237293,614.9896633578464,0,0
2020,10,41.0,-121.0,0.303515625,20.847469525183424,3.870039556208127,0.8494677759489543,0.10841039912675013,299.0907180355862,0,0
2020,10,41.0,-120.0,0.1968015625,19.754921154822092,1.4353388287453583,1.2499305593144112,0.02967153633794472,110.93221290502697,0,0
2020,10,41.0,-119.0,0.1440671875,20.822907458582257,0.6455891598342589,1.0573192989510345,0.02361877310660572,107.84724284894764,0,0
2020,10,41.0,-118.0,0.1722515625,20.05069133850838,2.0141399763851098,1.3999647065943053,0.03357227739467411,124.28218428976834,0,0
2020,10,41.0,-117.0,0.1862734375,18.581217092083374,4.809552181544774,2.045863756899325,0.0527503375084169,135.48365619499236,0,0
2020,10,41.0,-116.0,0.20103437500000002,17.612566443412565,6.1273955107061795,1.8794641221017137,0.08458625052564885,174.19242404866964,0,0
2020,10,41.0,-115.0,0.196328125,18.429634251133105,3.7974327169685296,2.015988667092869,0.05815905108246748,144.38856346532702,0,0
2020,11,32.0,-117.0,0.3032875,21.280728054046655,16.535758388556587,1.277400421683281,0.09954933789041301,227.0389455370605,0,0
2020,11,32.0,-116.0,0.20596666666666666,25.243463818232243,0.5202068699077245,1.611387620559643,0.045306381914350685,174.85674563795328,0,0
2020,11,32.0,-115.0,0.1784833333333333,26.740565188725803,0.13189751035724837,1.9712095810125565,0.04068039589458036,184.26937446929514,0,0
2020,11,33.0,-119.0,0.3191,20.016551081339543,4.326408611007082,2.684377331786893,0.0763233184814453,110.54140888154507,0,0
2020,11,33.0,-118.0,0.35582,22.17507856580948,11.727804572649347,1.0721144603502482,0.10200070434146453,190.81420488655567,0,0
2020,11,33.0,-117.0,0.29116458333333334,22.08604097366336,15.636937574811327,1.3753936367906134,0.09488006896442831,232.28755639865994,0,0
2020,11,33.0,-116.0,0.14615416666666664,24.067263436317464,0.1083923255578156,1.683521313896062,0.016863667633798356,124.24112379085273,0,0
2020,11,33.0,-115.0,0.14555833333333332,25.085953044891372,0.164131981648552,2.2725756986906704,0.007484021451738105,151.55234758276492,0,0
2020,11,34.0,-121.0,0.39071666666666666,18.76660687128708,11.332171230283922,3.9710763970595138,0.15912519781677809,290.7648041533927,0,0
2020,11,34.0,-120.0,0.38912727272727266,18.924609444358147,8.419746640861307,4.016741100256838,0.141270992972634,422.9307310712157,0,0
2020,11,34.0,-119.0,0.33267692307692304,20.723184712727882,7.216885042609169,1.1687341377789071,0.1040275842715532,284.79202263630356,0,0
2020,11,34.0,-118.0,0.27644583333333334,21.251532689730347,9.85902256644522,0.8676562204550546,0.07655104928546477,204.95304139330983,0,0
2020,11,34.0,-117.0,0.18172291666666665,19.33319513797763,4.775169886045205,1.6767343048636838,0.056066274974081204,179.02741744183004,0,0
2020,11,34.0,-116.0,0.10568749999999996,21.979062342643765,1.1490847667232629,1.677337099089928,0.008965856830278975,99.24722439609468,0,0
2020,11,34.0,-115.0,0.1301270833333333,23.820093234380106,2.869646412648308,1.581235149961612,0.02374608781602642,139.65550903230906,0,0
2020,11,35.0,-122.0,0.4329666666666666,19.012362543741887,12.989755601950037,1.9130668016150951,0.18430073791080043,336.2497640773654,0,0
2020,11,35.0,-121.0,0.3354128205128205,19.790862975161335,9.368825347108576,2.5443754209725595,0.16566896520109253,194.77916346528593,0,0
2020,11,35.0,-120.0,0.29484374999999996,19.42289587656659,9.050489983849275,0.8506949635537259,0.1346011595593558,147.3773093894124,0,0
2020,11,35.0,-119.0,0.31333958333333334,17.642959411939007,12.616407473899471,1.214344705468147,0.1360712067948447,161.5905308863148,0,0
2020,11,35.0,-118.0,0.16189999999999996,19.0294794559479,1.4123023705110427,1.0935926984931772,0.02159787250889666,85.78826847951859,0,0
2020,11,35.0,-117.0,0.1103583333333333,20.212883853912373,1.9820517612174626,1.2911722635714546,0.01741251283221772,88.33520510233939,0,0
2020,11,35.0,-116.0,0.13580416666666664,18.968502330780055,2.324254832558381,1.4036662521606698,0.018546530935499357,92.26542676333338,0,0
2020,11,35.0,-115.0,0.16579375,20.08863154252373,4.909696405150044,1.7321910900616244,0.030767153037918896,111.98813223745674,0,0
2020,11,36.0,-122.0,0.4198,18.2920211869057,11.43278062514672,2.2343716292396296,0.15936794297060974,217.0162499515396,0,0
2020,11,36.0,-121.0,0.2739395833333333,19.181561183929468,8.73565056673442,1.1663196149525588,0.15834240615367887,179.69809542410076,0,0
2020,11,36.0,-120.0,0.30752291666666665,19.89525749683382,17.49129348746692,1.0618688375296867,0.17897429731157086,181.09826045110822,0,0
2020,11,36.0,-119.0,0.38958333333333334,12.305765795707721,23.262840112067806,0.8100573826624741,0.2280375560124715,226.60901432391256,0,0
2020,11,36.0,-118.0,0.15486666666666662,15.814017915725739,7.9769451388642665,0.5749189173793902,0.04636217620637676,65.88432297576219,0,0
2020,11,36.0,-117.0,0.11682916666666665,19.22051633199058,3.4353969370499726,0.738159799559834,0.019975245661205655,80.91363369021565,0,0
2020,11,36.0,-116.0,0.17086874999999996,16.568631164232908,6.6654096575007316,0.6557610656655021,0.038121713863478714,85.6606001034379,0,0
2020,11,36.0,-115.0,0.1610270833333333,18.867888943354313,3.6291837444082375,0.969951946954156,0.031427548991309215,93.20352680515498,0,0
2020,11,37.0,-123.0,0.47526666666666667,17.05032256444298,16.232013584442484,2.0466290316885054,0.1581685768233405,226.38181177899241,0,0
2020,11,37.0,-122.0,0.41055,18.49529639614955,12.736474511541473,3.013938288392093,0.16374910286179292,190.14103330361345,0,0
2020,11,37.0,-121.0,0.34198124999999996,19.468306454022745,13.725052004076588,1.102460203042272,0.1678695291280746,137.6212736358866,0,0
2020,11,37.0,-120.0,0.38516875,14.535362052917502,40.875495759166824,0.880632143547286,0.26102650529808463,309.97534561902285,0,0
2020,11,37.0,-119.0,0.2502083333333333,8.381409382820145,20.872140883795964,1.108021270832506,0.19426276054647232,121.94563704542816,0,0
2020,11,37.0,-118.0,0.13971666666666663,12.881258257230147,13.657730653278577,0.7710613174875364,0.076743600765864,56.91470706369728,0,0
2020,11,37.0,-117.0,0.15239999999999998,13.59959193070732,10.331587282337296,0.8344361051458768,0.052396731244193154,78.45579308923334,0,0
2020,11,37.0,-116.0,0.15721666666666664,14.302836346626304,7.521999416269409,0.8805146291392614,0.0455166422658496,74.19749989639968,0,0
2020,11,37.0,-115.0,0.21465625,15.314435315132165,8.278367224477279,1.221027844104801,0.06981389489438794,83.15641980152577,0,0
2020,11,38.0,-124.0,0.5673866666666667,15.858037363688187,33.393277482457506,2.9123788269629105,0.20845344931991008,501.7492299278577,0,0
2020,11,38.0,-123.0,0.44435416666666666,18.27413686116539,20.89852967611705,2.4529996609903804,0.1864853117201063,294.7024810127914,0,0
2020,11,38.0,-122.0,0.32615625,19.028914316495282,25.47840296602999,0.933453419662117,0.1882803956667582,141.61570521537215,0,0
2020,11,38.0,-121.0,0.512775,15.865912350018842,68.40823183148359,0.8534527572620232,0.2915094670322206,427.2183411521837,0,0
2020,11,38.0,-120.0,0.34513125,7.771545290946982,51.41810246124123,1.258205306610616,0.275668904516432,187.60264141019434,0,0
2020,11,38.0,-119.0,0.16156249999999997,10.404151550928777,18.449249093748676,1.1610547652735013,0.12399825917349919,47.238767496310174,0,0
2020,11,38.0,-118.0,0.12701041666666663,9.242607720692977,18.82896164744352,0.925295128071211,0.10611022015412645,49.1622748086229,0,0
2020,11,38.0,-117.0,0.19427916666666664,9.15274089972181,14.508681021027314,0.6125331568791211,0.09386660456657406,52.75704595260322,0,0
2020,11,38.0,-116.0,0.1670708333333333,10.761020676294986,10.462538454078185,0.5601871982578853,0.10531628065639068,64.12661797367036,0,0
2020,11,38.0,-115.0,0.25176666666666664,9.475286014874793,16.138443372540223,0.8488163159456464,0.14932872388097973,60.015921015292406,0,0
2020,11,39.0,-124.0,0.6333333333333334,16.422271696726504,54.51815097904955,1.2467600095554234,0.24326227903366088,425.72738719172776,0,0
2020,11,39.0,-123.0,0.39440416666666667,17.642214886347475,21.66069543301319,0.9505361112349108,0.20729890068372087,342.98122278414667,0,0
2020,11,39.0,-122.0,0.3514333333333333,18.509169928232847,46.65469156890367,0.8907065208330035,0.22667510211467737,215.48377419821918,0,0
2020,11,39.0,-121.0,0.5731083333333333,11.842617297172566,102.73478051959728,0.8645425045573396,0.3744393358627955,439.93468163535,0,0
2020,11,39.0,-120.0,0.25980416666666667,10.15093100865684,35.48890969096874,0.8505127525413881,0.223088522752126,100.82940058782697,0,0
2020,11,39.0,-119.0,0.11880208333333331,11.597278745969163,21.013296556986916,0.7085421956587011,0.1206782738367716,49.55143481492996,0,0
2020,11,39.0,-118.0,0.19130624999999998,7.611526807149271,28.67182798064505,1.015853739608798,0.15181511110729637,38.134176982566714,0,0
2020,11,39.0,-117.0,0.21093541666666665,6.937391646703116,22.005031000219333,1.0382393453949843,0.13473984036180703,41.376746259629726,0,0
2020,11,39.0,-116.0,0.21829374999999998,7.757197705904662,18.60385725586866,1.0834622581462754,0.13932404153876832,50.71440583560616,0,0
2020,11,39.0,-115.0,0.22704166666666664,7.17393817901614,21.463157258324372,1.1537932011921386,0.16381355093585118,57.72257363423705,0,0
2020,11,40.0,-125.0,0.7063777777777779,13.067106091534697,80.6618644193817,1.3257218539724067,0.2709728641274534,252.40529204408327,0,0
2020,11,40.0,-124.0,0.69786875,13.375655277570104,79.56283434606348,1.337952167522412,0.32867734299765694,314.5128999603912,0,0
2020,11,40.0,-123.0,0.4900583333333334,15.920326670010908,47.86343581355368,0.948652847502268,0.308345220486323,291.62812151480466,0,0
2020,11,40.0,-122.0,0.5497854166666667,12.467100183169066,69.85536881103371,0.8631529265899661,0.31041478315989174,305.70350936613977,0,0
2020,11,40.0,-121.0,0.3733625,8.039799912770611,57.99190432145451,0.7721140042829849,0.2940766281551785,166.86981974635273,0,0
2020,11,40.0,-120.0,0.15211041666666664,9.382273960113555,29.01453396617626,0.9213872464416,0.15224742955631676,43.069446459412575,0,0
2020,11,40.0,-119.0,0.14034999999999997,9.551895737648032,26.783959356464493,1.055718936154527,0.1457997401555379,44.01011054869741,0,0
2020,11,40.0,-118.0,0.16171458333333333,8.6732655366262,29.411749563507783,0.869229073516039,0.15982828636964158,35.23274464532733,0,0
2020,11,40.0,-117.0,0.17186875,8.049156085650154,24.95205437145387,1.0555704309100034,0.14937080376678039,36.5167394047603,0,0
2020,11,40.0,-116.0,0.19718541666666664,6.551565059026103,25.1337242064551,1.2410454554234829,0.2146881090270148,53.79827902652323,0,0
2020,11,40.0,-115.0,0.1874458333333333,8.881356485684737,9.491804170750129,1.5023091522863867,0.08042100767294562,53.57460584491491,0,0
2020,11,41.0,-124.0,0.7274733333333334,11.706318543045628,145.05325515031902,0.8597382177961327,0.3607718691413785,273.27615751160516,0,0
2020,11,41.0,-123.0,0.5740729166666667,10.798579152425148,81.80960814780747,0.6740399354537865,0.36180550290478597,265.53583319764584,0,0
2020,11,41.0,-122.0,0.54015625,10.341216603914916,80.4943667010889,0.9243449769712804,0.34779035780164924,216.48687357082963,0,0
2020,11,41.0,-121.0,0.30173333333333335,7.558767215410896,60.59396557822083,1.118857247902986,0.24080229004224138,102.3599449545145,0,0
2020,11,41.0,-120.0,0.19337916666666666,6.661131334304827,36.38689766950165,1.6353060613945825,0.15785248246457836,36.04467224795371,0,0
2020,11,41.0,-119.0,0.14384999999999998,8.394748528798445,32.49987249574815,1.1023150919790332,0.16397367947631408,36.964352475479245,0,0
2020,11,41.0,-118.0,0.1669395833333333,7.8064895709355895,36.24522208548342,1.4572376261411384,0.17499951223532353,38.98808138910681,0,0
2020,11,41.0,-117.0,0.17469583333333333,6.57829402287804,30.372815787188756,2.535499842262754,0.15270838671260406,44.69314019661397,0,0
2020,11,41.0,-116.0,0.17627291666666664,5.779989226659161,29.39998882203554,1.397351130193068,0.16240795751412704,57.6783362776041,0,0
2020,11,41.0,-115.0,0.1933208333333333,7.334215124448161,15.120876602225053,1.3953988532455008,0.11307718190881938,55.61506235972047,0,0
2020,12,32.0,-117.0,0.3130375,17.62599733106554,17.69294900930163,1.484566623926737,0.08528175469367728,206.06976468116045,0,0
2020,12,32.0,-116.0,0.216534375,20.116074749731276,0.9537910494827884,1.4092194193396634,0.04819126282968826,132.29635311290622,0,0
2020,12,32.0,-115.0,0.193634375,20.966459169695476,0.6386268336200374,2.389904088619133,0.043898146639588,155.51219158805907,0,0
2020,12,33.0,-119.0,0.32053750000000003,18.528218841552757,24.542549011471237,2.436197011696253,0.09446686057634246,90.18923342227936,0,0
2020,12,33.0,-118.0,0.34972,19.93732562731674,26.303902648252613,0.8199193615099776,0.10308564965442941,170.40199140707654,0,0
2020,12,33.0,-117.0,0.292771875,18.02382927863831,15.427482632162537,1.1448953694145891,0.08020426252836818,196.14013831596822,0,0
2020,12,33.0,-116.0,0.1523453125,19.089674991177002,1.0025911882394212,1.880550454863837,0.019138101928977518,93.1839068653062,0,0
2020,12,33.0,-115.0,0.1478078125,19.386426967190182,2.0789495587223428,2.857864973984499,0.013544195121334394,122.4028073484078,0,0
2020,12,34.0,-121.0,0.3902875,16.937133971593724,41.17397343850371,3.687029090573296,0.1602201782247072,248.02789775033796,0,0
2020,12,34.0,-120.0,0.3988136363636363,16.732905898555654,28.320560972888003,3.5298182172813948,0.14477599455658485,371.54296170355695,0,0
2020,12,34.0,-119.0,0.3341596153846154,17.57943272050304,18.22395633013667,1.7587137675253184,0.10759276452391868,258.23973630292295,0,0
2020,12,34.0,-118.0,0.2812765625,17.54945427679249,18.39574667735633,1.2583830455131575,0.0762375926458707,181.79982586298138,0,0
2020,12,34.0,-117.0,0.1862296875,14.89085586917017,7.916380736219253,1.8455486282861413,0.05786845504596665,136.3110465463251,0,0
2020,12,34.0,-116.0,0.106959375,16.994282010293805,1.9256634089970248,2.00607528405955,0.014052243001999363,73.11001955531538,0,0
2020,12,34.0,-115.0,0.131153125,18.234149974392327,2.6133166078352588,2.453042079710258,0.028400873625150244,109.91289943922311,0,0
2020,12,35.0,-122.0,0.43895,16.592060692079627,26.524569225671257,1.6509151576965289,0.19168293860650826,265.6289665028453,0,0
2020,12,35.0,-121.0,0.33282115384615385,17.32406918673206,26.761255497023903,2.440024877563038,0.17035636318134215,158.6633573453396,0,0
2020,12,35.0,-120.0,0.2909984375,16.559307939775554,18.375272714706625,1.0343140480480306,0.14714561835412052,109.83111546374857,0,0
2020,12,35.0,-119.0,0.3159,14.343948951844272,19.51472725829717,1.3822324459124855,0.14741148070622512,127.92046868707985,0,0
2020,12,35.0,-118.0,0.1616359375,14.443053256311742,6.4346525736027615,1.2625960988591112,0.02979052066802975,60.763013432733715,0,0
2020,12,35.0,-117.0,0.1114921875,15.222498296922282,4.482967165472473,1.244827461763653,0.025798646673079406,59.111990383826196,0,0
2020,12,35.0,-116.0,0.137725,13.919484510729397,2.9750646475577014,2.411671776599789,0.025152430739453994,65.87638088967651,0,0
2020,12,35.0,-115.0,0.1666265625,14.478447340380779,1.521926923828687,2.881610873574601,0.028278686026091175,82.65152550302446,0,0
2020,12,36.0,-122.0,0.42666136363636364,15.886577155746222,25.94611263916222,1.7859092461359016,0.18899911030296704,169.8703926733949,0,0
2020,12,36.0,-121.0,0.2689640625,16.362378546499464,17.131842524918284,1.0691624292608883,0.1781113676486476,132.8786959638819,0,0
2020,12,36.0,-120.0,0.308203125,16.408553349587248,29.836605853574838,0.8358331321189841,0.21232392614887602,124.13116754032671,0,0
2020,12,36.0,-119.0,0.37134375,8.995202298318201,43.70073866209623,1.0597369011612343,0.26453905079954415,169.75551785435528,0,0
2020,12,36.0,-118.0,0.1499109375,11.418177038623462,11.678118576469387,1.04090607793977,0.03870266740040107,40.88170814793557,0,0
2020,12,36.0,-117.0,0.1175484375,14.1200943023928,4.099098584788408,1.7604699279758074,0.025283561278414912,49.57186954561621,0,0
2020,12,36.0,-116.0,0.1713265625,11.663623959018363,5.1509298767769,1.5401452960523154,0.033124166470701925,55.60065945610404,0,0
2020,12,36.0,-115.0,0.1615171875,13.32732310141289,1.8975314136469024,1.9568673866609263,0.030096702357774095,59.95530996005982,0,0
2020,12,37.0,-123.0,0.50280625,14.641816003860981,40.7488116446757,1.5802844565090288,0.23002008212509972,164.81026075780392,0,0
2020,12,37.0,-122.0,0.4302765625,15.470853813745666,30.833027643325295,2.454495402277037,0.22160829341967045,140.31524777722856,0,0
2020,12,37.0,-121.0,0.36530625,16.05211190562097,32.78172676562008,0.8537463370513968,0.22062990646208483,91.90005937125534,0,0
2020,12,37.0,-120.0,0.38391875000000003,11.297124235091697,58.589675548660125,1.2415555109115433,0.31897467663211204,217.74487814400345,0,0
2020,12,37.0,-119.0,0.2085125,4.706984838362683,40.00512076652285,0.9704525739082138,0.24775651513889266,79.45184165146202,0,0
2020,12,37.0,-118.0,0.1415015625,8.683520266317576,11.421121508988108,1.44179616755665,0.04633784582537985,38.250209763646126,0,0
2020,12,37.0,-117.0,0.1569015625,8.83243653389718,9.113711622717346,1.9446602064225529,0.03736341993014014,50.66191800870001,0,0
2020,12,37.0,-116.0,0.157559375,9.279420801901068,8.243153655143942,1.8363127682150204,0.04102019500988781,48.12336678151041,0,0
2020,12,37.0,-115.0,0.2122125,9.956079339981105,9.912918872373666,2.162118941178424,0.06479925301767159,52.66179540194571,0,0
2020,12,38.0,-124.0,0.5780900000000001,13.901375637259559,64.07718261814352,2.1499363911476745,0.28306073116999797,400.904775907596,0,0
2020,12,38.0,-123.0,0.480340625,15.45188317298891,41.00846461130914,1.5564215813147588,0.25241847672770096,216.91033977549523,0,0
2020,12,38.0,-122.0,0.345321875,15.648262134675075,40.3414287987971,0.8671208487210018,0.24818846519275375,100.51122156437486,0,0
2020,12,38.0,-121.0,0.52151875,12.785035482529693,85.68645277171072,1.336148537638997,0.3629138575446221,305.6418935302645,0,0
2020,12,38.0,-120.0,0.2918015625,4.190725229632491,60.60459892376002,1.357103212377084,0.3643518933044967,118.36648068856447,0,0
2020,12,38.0,-119.0,0.1594125,6.332306057407031,18.535473236056532,1.1189527707360256,0.13761228931847436,29.296382213942707,0,0
2020,12,38.0,-118.0,0.1218921875,5.02871736711073,17.904953883203234,1.355242965670279,0.10643391231054898,33.509279950521886,0,0
2020,12,38.0,-117.0,0.19055624999999998,4.5688762541740395,16.546193828048672,1.2572888090492678,0.08873156097627449,33.357276930473745,0,0
2020,12,38.0,-116.0,0.1612421875,5.209964178454513,15.85868288873371,1.316491235630742,0.11327153412244649,37.63269120827317,0,0
2020,12,38.0,-115.0,0.24488125,3.954171860602621,20.888510943564143,1.3399646935331684,0.17020705630702354,33.73548714444041,0,0
2020,12,39.0,-124.0,0.65841875,13.600192211520316,85.64805084949967,0.8825240782511403,0.32400398677395237,283.7289988528937,0,0
2020,12,39.0,-123.0,0.40902499999999997,14.404453219136911,43.92161345219847,1.23062845331291,0.26968141300703885,248.877162928693,0,0
2020,12,39.0,-122.0,0.343453125,15.326457395861247,65.4831380501264,1.4773070352660629,0.28721498225324893,157.19871071632951,0,0
2020,12,39.0,-121.0,0.5329546875,8.768802876626317,112.34119403286513,1.3837638955435327,0.44371704613008806,305.78089877963066,0,0
2020,12,39.0,-120.0,0.2408828125,6.110044551664803,30.36873982398447,0.6565290284969165,0.2892017652911524,59.21416508499533,0,0
2020,12,39.0,-119.0,0.117175,6.622233017029327,17.907024911778535,0.7862387971268712,0.12847801722506036,28.51433213800192,0,0
2020,12,39.0,-118.0,0.152915625,2.5624026513869005,31.150733205663528,1.0307404560586664,0.19291112628034363,17.708842060528696,0,0
2020,12,39.0,-117.0,0.1501625,1.168638932320409,26.683682893576588,1.0086011530343937,0.14979230332118204,17.99600024241954,0,0
2020,12,39.0,-116.0,0.1631953125,1.5785133561780604,22.048849231737222,1.274825172952767,0.16694225386906691,24.47052311617881,0,0
2020,12,39.0,-115.0,0.2066,2.1080083339445252,24.476747346284355,1.0253398183266544,0.21846877118592617,32.51585841644555,0,0
2020,12,40.0,-125.0,0.7056916666666667,12.016604455653939,124.66211700508565,0.7381358897741171,0.35628026531588636,191.07887728346716,0,0
2020,12,40.0,-124.0,0.693290625,10.701521415095208,120.78063966816899,1.0494021679217445,0.4025610598825639,196.3653938146308,0,0
2020,12,40.0,-123.0,0.4875671875,12.418932479427735,69.41876871621844,1.1828291340774946,0.38380346150808436,187.5394219532609,0,0
2020,12,40.0,-122.0,0.5300953125,8.934330874104674,76.26883670798179,1.391598981180111,0.38510480843564515,216.8092830106616,0,0
2020,12,40.0,-121.0,0.30193593750000003,3.710237221564036,44.964703583332266,1.044846082836581,0.38330805686212355,99.67262449208647,0,0
2020,12,40.0,-120.0,0.1391875,4.392568329841886,24.947474562736716,0.8718443311916992,0.20596671681250292,20.91559476684779,0,0
2020,12,40.0,-119.0,0.1337609375,3.702152893620184,24.25285460537907,0.9898762150507384,0.1647047201792399,19.6153256110847,0,0
2020,12,40.0,-118.0,0.130565625,1.543352699279815,26.192570190119113,0.977023239772414,0.17380137949861502,13.795671053230762,0,0
2020,12,40.0,-117.0,0.1223515625,0.49307937314434724,23.89384535251793,0.9735396147167358,0.1767552578321067,13.43755074776709,0,0
2020,12,40.0,-116.0,0.121734375,0.1310329083473647,26.25800258590516,1.0822894205067826,0.29971727408388604,23.02172710187733,0,0
2020,12,40.0,-115.0,0.15636250000000002,1.8952041164521454,14.615498335274424,1.2482099915546077,0.10748343570258022,25.73750668670982,0,0
2020,12,41.0,-124.0,0.6867383333333333,9.372472931236375,155.96355672415334,1.6340348635012234,0.4242096268575251,184.1862503853109,0,0
2020,12,41.0,-123.0,0.523309375,7.077471090132221,91.17717094829914,1.0630708450288966,0.43494208365358333,152.77059492655098,0,0
2020,12,41.0,-122.0,0.5065921875,6.173243917957453,63.70495943463084,1.2711243114150814,0.4155499428831121,136.36396976653486,0,0
2020,12,41.0,-121.0,0.23015625,3.198908147504273,47.18464924133059,1.4179256824981632,0.3224828957870442,53.3656784100458,0,0
2020,12,41.0,-120.0,0.1388390625,1.152721831106394,31.934695403265323,1.2643883265913862,0.23627887425884123,12.496359995566308,0,0
2020,12,41.0,-119.0,0.12460312500000001,2.9464997276183276,22.82056686578926,0.7192465688867103,0.1925250426415474,17.18808722216636,0,0
2020,12,41.0,-118.0,0.1396765625,1.3649792240512184,24.231617889540757,0.8010102235243226,0.21266153262507526,16.33227861020714,0,0
2020,12,41.0,-117.0,0.1135390625,0.13795496109996108,24.486877109097804,2.122623834513534,0.21748599217784018,17.3724836204201,0,0
2020,12,41.0,-116.0,0.09089375,-0.06571117216537913,21.201476772489514,1.025243389100965,0.2674647976634323,27.0726946182549,0,0
2020,12,41.0,-115.0,0.1498046875,1.1432036769005727,14.048992973926033,1.1138492554717965,0.16096143280306166,28.688761172816157,0,0
2021,1,32.0,-117.0,0.32415625,16.834522604173245,62.35131366833002,1.0689949580325906,0.16523743765328516,181.24601221643388,0,0
2021,1,32.0,-116.0,0.23354687500000001,19.754634475708038,23.954482066471883,1.5019447407296322,0.1095015438654089,131.24447828158736,0,0
2021,1,32.0,-115.0,0.210053125,20.40906984882973,31.11440899505169,1.769354651429884,0.11739178947223126,138.49008735269308,0,0
2021,1,33.0,-119.0,0.3317625,17.68839293449156,43.57250991000683,2.1659531772480003,0.1718875464572701,96.74444608390331,0,0
2021,1,33.0,-118.0,0.3577175,18.799972407023127,59.336967518269525,0.645271686056683,0.18155797442227706,168.58535247544447,0,0
2021,1,33.0,-117.0,0.30195,17.335316268859387,42.203658741925665,1.1853467489687186,0.1444507215612678,180.03395630512387,0,0
2021,1,33.0,-116.0,0.1575203125,18.92708571034095,15.925624656517812,1.468549898264003,0.06267168573153913,96.75519773736596,0,0
2021,1,33.0,-115.0,0.152609375,19.215693976802232,15.984028128002592,2.163132408372461,0.05869608252279216,118.26276825740933,0,0
2021,1,34.0,-121.0,0.42010625,16.207914288838722,122.99183656805707,3.17950344709071,0.2479820148919218,262.2567187063396,0,0
2021,1,34.0,-120.0,0.4210159090909091,15.727950830543524,79.37924052537704,3.4298129799018966,0.2185478612863112,354.64394916639185,0,0
2021,1,34.0,-119.0,0.3427269230769231,16.932018783607223,48.40732787124726,1.270129859565023,0.16424112856338788,243.9153638119117,0,0
2021,1,34.0,-118.0,0.2817296875,17.041176329889627,41.64455832636804,1.0571854005491708,0.1380203347052297,167.35346149653196,0,0
2021,1,34.0,-117.0,0.1820078125,14.540048187009777,24.36843492745311,1.4295814404263736,0.0995506926249432,132.48816970735788,0,0
2021,1,34.0,-116.0,0.1073640625,17.035232131711915,13.706490646143266,1.547138973335887,0.04862726984485498,79.89659113809466,0,0
2021,1,34.0,-115.0,0.1321734375,18.307849517945336,14.095884065170594,2.012751884467262,0.05332938093011092,113.95973095204681,0,0
2021,1,35.0,-122.0,0.46757499999999996,16.02540107234836,193.17952382101566,1.090544424429955,0.2542601041896368,260.8250379562378,0,0
2021,1,35.0,-121.0,0.3505826923076923,16.51099245120319,134.8122550416767,1.918948467619429,0.24408961696535356,159.97648640320853,0,0
2021,1,35.0,-120.0,0.2963625,15.98885821065598,51.54653430639655,0.7557584991424554,0.20069414825849632,114.4610206829384,0,0
2021,1,35.0,-119.0,0.3156109375,13.730869050179784,41.07635539679677,1.0331300800343646,0.18300341982995305,122.97190388198942,0,0
2021,1,35.0,-118.0,0.15811406249999999,14.962886690324375,10.941435598795124,0.9732976615196228,0.04738600215604223,68.2023122208193,0,0
2021,1,35.0,-117.0,0.1100984375,15.763866719891965,7.074618727926918,0.899304308749907,0.035909877669426646,70.63828746322542,0,0
2021,1,35.0,-116.0,0.136984375,13.940700326427354,13.19874335734994,1.913028216192994,0.04414368573055467,70.45069825835526,0,0
2021,1,35.0,-115.0,0.164728125,14.092231476691484,24.65207596964092,2.3689317912756174,0.07118769294472145,80.73346805758774,0,0
2021,1,36.0,-122.0,0.44372045454545456,15.307325429161297,143.8540600356491,1.435899616293107,0.23626178761342712,171.30216002238518,0,0
2021,1,36.0,-121.0,0.2687625,15.95684151803296,128.7780220313266,0.856288378030281,0.22310572446033514,131.52866228483617,0,0
2021,1,36.0,-120.0,0.32766875,16.562199618739488,82.38330368607194,0.7976193141154291,0.24015157966203585,127.24970118142664,0,0
2021,1,36.0,-119.0,0.32763125,7.547748268804266,98.14558901547343,1.0355342910367016,0.32877445477311323,143.13257881440222,0,0
2021,1,36.0,-118.0,0.1446546875,10.932478730909317,24.992162144769736,0.7940247316098521,0.08937041253171936,41.76828230265528,0,0
2021,1,36.0,-117.0,0.1160546875,14.496045192595474,11.527612122733899,1.2613340080803204,0.04403796888166854,58.16677084658295,0,0
2021,1,36.0,-116.0,0.1694953125,11.020255591792466,25.41446501112432,1.1362527148326655,0.06165898455086571,54.556389222852886,0,0
2021,1,36.0,-115.0,0.157475,12.822364779441607,22.424024312783786,1.4987082517046657,0.06715268441425853,61.618133215233684,0,0
2021,1,37.0,-123.0,0.52813125,14.24188646501112,73.50449288918526,1.08610349896547,0.2920545826676071,176.34360259398818,0,0
2021,1,37.0,-122.0,0.47190468750000003,15.220226472936673,95.3793510332351,1.9016613304171188,0.2600790825155046,152.0189206736783,0,0
2021,1,37.0,-121.0,0.4158296875,16.06959025629108,120.46180247983784,0.8705648597696647,0.250845314994935,99.8657540185377,0,0
2021,1,37.0,-120.0,0.38495625,10.38231665395923,181.23513624726684,1.103428210928421,0.3443860985258574,194.20477387029678,0,0
2021,1,37.0,-119.0,0.1561109375,3.1748184880902954,116.67122111379058,1.0870885660397145,0.30813523037459256,62.782216002233326,0,0
2021,1,37.0,-118.0,0.138246875,8.155684366533855,33.04333520776481,0.8326722690535562,0.082234231374597,35.31698416918516,0,0
2021,1,37.0,-117.0,0.1515578125,8.161168516835883,21.521331292603918,1.3902752095451951,0.07097515656102085,48.03947836626321,0,0
2021,1,37.0,-116.0,0.1523625,8.10214815908865,27.170608301673838,1.3882327681623898,0.07075195158681558,42.7822225028649,0,0
2021,1,37.0,-115.0,0.20022500000000001,8.669352119199708,32.59590130022616,1.8242996538157863,0.11854190339324293,46.451767324469984,0,0
2021,1,38.0,-124.0,0.6293150000000001,13.141820378457373,99.01539869640223,0.9748630254454717,0.3433917438684826,373.1129029144844,0,0
2021,1,38.0,-123.0,0.5461359375,14.799995940731442,79.84690136930794,0.8173621864482202,0.3123064435297443,203.35208077449352,0,0
2021,1,38.0,-122.0,0.3969296875,15.49980845297539,93.11961849874706,0.8038149565134403,0.2979378767551914,110.14147812966257,0,0
2021,1,38.0,-121.0,0.535221875,11.833704513119141,171.51592394060344,1.3109278877375137,0.39041658242543537,265.73538535740227,0,0
2021,1,38.0,-120.0,0.2265546875,3.2969779768297975,164.44125563560874,1.2009333549891916,0.38294956120111606,99.3434990523383,0,0
2021,1,38.0,-119.0,0.1396578125,6.193033559860741,53.52970540246815,1.151141083726788,0.16265884426332286,29.836798552423716,0,0
2021,1,38.0,-118.0,0.1079,5.158381757428593,28.377045427475878,0.9557210688828872,0.1351130406061808,33.15545350778848,0,0
2021,1,38.0,-117.0,0.17420625,3.61273169056064,24.318268538479515,0.9328588760523912,0.14246411253047245,29.42451648414135,0,0
2021,1,38.0,-116.0,0.1456375,4.08790704050374,18.03723677716107,1.018682629299323,0.18512270239091685,32.89182379376143,0,0
2021,1,38.0,-115.0,0.211115625,2.005818562353838,30.774636675630518,1.0410033221411188,0.2795928101385793,24.113174062222242,0,0
2021,1,39.0,-124.0,0.6776,12.71505469968244,121.10451447500736,0.546891406916076,0.37408326261787,240.26441806927323,0,0
2021,1,39.0,-123.0,0.4290125,13.404979032085812,89.54710514939279,0.7528972168901141,0.3307855648379172,210.47532779630274,0,0
2021,1,39.0,-122.0,0.3709125,14.68502911752272,118.67540168299229,1.2238862883848565,0.3300693096012197,148.09308492112905,0,0
2021,1,39.0,-121.0,0.4696796875,7.283758651056619,192.16773939973564,1.2407577860857084,0.4598705704494189,254.94109699502587,0,0
2021,1,39.0,-120.0,0.198725,6.166400427972135,92.47763130537123,0.7714562300866855,0.3117079327824295,56.3687541289255,0,0
2021,1,39.0,-119.0,0.1083453125,8.386240577697773,34.3508201344207,1.045251571431918,0.12018288207310497,35.43709439691156,0,0
2021,1,39.0,-118.0,0.12543437500000001,3.175159665076986,34.498346286852666,1.3743864461730153,0.2635700955826749,19.239814952015877,0,0
2021,1,39.0,-117.0,0.10384375,0.9855663576433926,25.577891401042052,1.2431745298774843,0.24968353490675646,16.789641231298447,0,0
2021,1,39.0,-116.0,0.122065625,1.2763785346862093,16.762004715417334,1.179482021009863,0.2825931615086012,24.20150302350521,0,0
2021,1,39.0,-115.0,0.1767203125,1.5199487701539312,20.03476188241393,1.1615243996275932,0.3292854252041027,27.635134058073163,0,0
2021,1,40.0,-125.0,0.724025,11.583431033336145,215.26977092889229,1.7235117404367202,0.3947072820993877,271.25299846132594,0,0
2021,1,40.0,-124.0,0.6933890625,10.329354558452504,194.95489589593262,1.5932590225558698,0.42971174979722626,210.79042658675462,0,0
2021,1,40.0,-123.0,0.5046859375,11.28769514176156,136.8222802570358,0.6500668792853879,0.4312913340906943,155.82191827706993,0,0
2021,1,40.0,-122.0,0.5041171875,7.8832320582482325,128.37727532445342,1.1536793067962725,0.4175064435569189,183.6041206261143,0,0
2021,1,40.0,-121.0,0.24705312499999998,3.5937681305793276,93.53807849532814,1.0013352903010977,0.413741224555559,93.91068888362497,0,0
2021,1,40.0,-120.0,0.11465,5.647567190662524,60.32924169397802,0.5810634673008711,0.24282598944120506,21.932553150691092,0,0
2021,1,40.0,-119.0,0.118278125,5.8164832622774405,41.52779957934172,0.8726817160839042,0.2159108484304079,26.293477276340127,0,0
2021,1,40.0,-118.0,0.1026453125,3.7730620630326115,31.528893408392378,0.7855021930796547,0.2686156941357479,17.873380449600518,0,0
2021,1,40.0,-117.0,0.0942734375,1.497714899432303,27.367780233760186,1.4548153059866304,0.28745248240809285,14.787212712690234,0,0
2021,1,40.0,-116.0,0.0734140625,-0.1668560012694087,22.578741439645,1.5725419653840305,0.3844835142935476,18.139151390641928,0,0
2021,1,40.0,-115.0,0.1346859375,2.655757837910823,14.734259356771418,1.406646883851819,0.19550828715806362,25.003651157021523,0,0
2021,1,41.0,-124.0,0.6664033333333333,9.005978508405814,246.94875342184258,2.461524516040095,0.4333802519448484,220.3236979742845,0,0
2021,1,41.0,-123.0,0.46800625,6.096580408465506,164.33506274319143,0.848440342866996,0.4583486687111598,126.2871460057795,0,0
2021,1,41.0,-122.0,0.45708906250000003,5.784955489250944,104.59757993652374,1.4934094203125226,0.44232336327593813,119.22872345894575,0,0
2021,1,41.0,-121.0,0.18939375,2.85376311425242,63.11757235511095,1.6330944054455436,0.3617357246337398,48.741279751993716,0,0
2021,1,41.0,-120.0,0.1044421875,1.5339136692785686,54.03721846363396,1.8479449757234896,0.304205415069416,11.583742685616016,0,0
2021,1,41.0,-119.0,0.085284375,4.294630161408477,43.634748567853876,0.972080661559438,0.24359756579963107,20.516115007922053,0,0
2021,1,41.0,-118.0,0.119421875,2.8391404028861977,31.63212399653048,1.0625274617648837,0.2916056356763327,18.807781278155744,0,0
2021,1,41.0,-117.0,0.0731734375,0.30465320156469033,30.915810742442318,2.314843154667712,0.2949725488821665,13.65169114433229,0,0
2021,1,41.0,-116.0,0.0309234375,0.008723085157345878,31.42687074563355,1.382187943250173,0.33367071805461757,20.834321854636073,0,0
2021,1,41.0,-115.0,0.10630625,1.4974217983984381,20.014368013505646,1.1022036937010564,0.24078308350296426,23.85148440953344,0,0
2021,2,32.0,-117.0,0.351071875,18.046579149791192,7.382074648738524,1.428369474178,0.17579886104379377,202.76298723183572,0,0
2021,2,32.0,-116.0,0.245221875,23.979652976989772,0.9699122032529317,1.5362858751437027,0.07535482517310547,183.41989046894014,0,0
2021,2,32.0,-115.0,0.2271375,24.69837184633529,0.7206008753186666,2.088579029985416,0.07546429407028922,201.14765572361648,0,0
2021,2,33.0,-119.0,0.3483,17.45627106257848,2.046604452878853,3.369220322059601,0.15839714095706026,103.26340422034264,0,0
2021,2,33.0,-118.0,0.37756500000000004,18.70461869012744,2.8747270488248473,0.7152034753279393,0.1829124988071502,168.5915154715379,0,0
2021,2,33.0,-117.0,0.309659375,19.462317851611573,4.8562493624544345,1.3153346898382814,0.14344288586151027,210.43760364409536,0,0
2021,2,33.0,-116.0,0.15836875,22.46183362347742,0.5193273986137115,1.9617098193450653,0.04099560245161959,136.3316779024899,0,0
2021,2,33.0,-115.0,0.1525765625,23.14600173234941,1.1759794300800763,2.5440058787168347,0.03382949353683557,171.66421271394938,0,0
2021,2,34.0,-121.0,0.49844375,15.809038053240101,3.037069736272713,5.24705477807939,0.2792991825512477,257.06925615668297,0,0
2021,2,34.0,-120.0,0.4574151515151515,16.111871792021272,2.2746712404540834,5.884070573444102,0.2557028726409868,383.5596226607308,0,0
2021,2,34.0,-119.0,0.35602115384615385,18.007996247539612,2.7791737156463023,1.7028158464081624,0.17737522841373202,266.02073715856443,0,0
2021,2,34.0,-118.0,0.29314375,18.84219968489241,2.6650364028668605,1.8859719855228685,0.1349382400512695,193.86121851857752,0,0
2021,2,34.0,-117.0,0.17973125,17.68832353353503,2.2421000043308936,2.489308548376431,0.09933318907306303,179.7383341472596,0,0
2021,2,34.0,-116.0,0.10303124999999999,20.33149385622572,0.31275283381404506,2.428167336414308,0.02857183097373867,113.21239394601434,0,0
2021,2,34.0,-115.0,0.127696875,21.609950799601442,0.6075238792604409,2.319375031358863,0.03762039967945639,159.25702243112028,0,0
2021,2,35.0,-122.0,0.5165,16.03371636526927,2.8251547349995576,2.313880794540032,0.31758317209425424,281.52894135564566,0,0
2021,2,35.0,-121.0,0.41265384615384615,17.093664867275393,2.9293845845000916,3.4830749688166653,0.2913561771204183,170.32022119905702,0,0
2021,2,35.0,-120.0,0.3242140625,17.43313885756904,6.626061441600939,1.313847011414716,0.23767251556827904,141.0184893757105,0,0
2021,2,35.0,-119.0,0.3250125,14.737959182262447,18.938965907544514,2.120663134173776,0.24255977180742078,139.46847547776997,0,0
2021,2,35.0,-118.0,0.1456890625,17.569294122287232,1.0795747379219733,2.0560946289577786,0.04288271388837265,92.48631238006055,0,0
2021,2,35.0,-117.0,0.10550781249999999,18.78617951869967,0.5327940902120076,2.1613359922047204,0.026779019052074023,102.98646497540176,0,0
2021,2,35.0,-116.0,0.1320890625,16.758166229724907,0.8619376907503806,2.254788232944172,0.03999633767775123,102.63811505865306,0,0
2021,2,35.0,-115.0,0.1601296875,17.57709405422213,1.9586626889562808,2.440267347010839,0.06811713356347306,116.77086201962084,0,0
2021,2,36.0,-122.0,0.47586363636363643,15.00779091888695,10.84051795817296,2.7646683902764604,0.2973207424557398,179.67734429420847,0,0
2021,2,36.0,-121.0,0.3243421875,16.60785065548763,7.243339017257711,1.6135915727908785,0.3080175682192757,162.25828020833433,0,0
2021,2,36.0,-120.0,0.36969375,17.62866401842664,15.381797494590899,1.495071842898671,0.2845467279354731,156.75536741036922,0,0
2021,2,36.0,-119.0,0.3179234375,8.033886928217775,31.59171975985231,1.1712330150641563,0.3824424094387463,132.2020839434117,0,0
2021,2,36.0,-118.0,0.137159375,13.80714447328025,3.7474807335442506,0.9830367014129006,0.12700980901718134,66.11410109326243,0,0
2021,2,36.0,-117.0,0.1127359375,17.46905608006889,1.7048421299463712,1.655401151734999,0.04100587609268365,88.39840441942215,0,0
2021,2,36.0,-116.0,0.1563375,14.044591002804921,2.2723027954256736,1.9468911627854928,0.10629592303718835,87.07745571155101,0,0
2021,2,36.0,-115.0,0.1506171875,15.96141436440606,2.6373425947880946,2.1648583667392414,0.07698040384621842,91.92586038261652,0,0
2021,2,37.0,-123.0,0.56775625,14.46109117099219,22.2725624202198,2.6701525380604414,0.3228346151965004,200.96438890323043,0,0
2021,2,37.0,-122.0,0.5268984375,15.81036133595877,13.656810669452568,3.4853370901420484,0.3019596708435861,175.19848537631333,0,0
2021,2,37.0,-121.0,0.4845109375,16.93486833742689,21.52506732218029,1.5152420989256734,0.30913289281583967,125.12635043822229,0,0
2021,2,37.0,-120.0,0.407053125,10.755051154749754,40.171458896473666,1.226249607582282,0.38068570267586477,191.33497204165906,0,0
2021,2,37.0,-119.0,0.1275234375,2.5292163423129708,26.202830763757845,1.4898842616779728,0.33268622983069646,55.683193379081786,0,0
2021,2,37.0,-118.0,0.1287859375,9.215983358451318,3.92547440551283,1.9582509527493448,0.16782307660295848,52.91540012694895,0,0
2021,2,37.0,-117.0,0.1462296875,10.3609016299248,5.1126769261813365,2.361479728329282,0.1262285063664118,77.812829753384,0,0
2021,2,37.0,-116.0,0.1419296875,10.607999462740786,4.471175650358816,2.2856806474838693,0.17196961989005405,67.57938268128783,0,0
2021,2,37.0,-115.0,0.18780156250000002,11.208903425080461,7.542007880509516,2.1383666632982306,0.21559226370993112,71.91332534421235,0,0
2021,2,38.0,-124.0,0.6423949999999999,13.865315237499454,54.63645582233928,4.0473884850740935,0.35645278976077127,469.06804417570436,0,0
2021,2,38.0,-123.0,0.6032703125000001,16.27556540455139,29.81304684490027,3.297272596666698,0.3300708702632359,270.8377183880657,0,0
2021,2,38.0,-122.0,0.47060625,17.305911040306118,30.85686550311806,1.4016280369985097,0.32609226483674275,147.41339127067477,0,0
2021,2,38.0,-121.0,0.5396359375,12.566598885399983,89.08207812182667,0.7575558006500996,0.4150717088154384,268.9880437683314,0,0
2021,2,38.0,-120.0,0.1924546875,3.1707241381917903,53.52583322510185,1.534954345940514,0.3810563488375573,114.1538101946935,0,0
2021,2,38.0,-119.0,0.12804375,4.803104163919194,10.312687417716404,1.6229087035380665,0.2337797507643699,22.667699959129095,0,0
2021,2,38.0,-118.0,0.1055390625,6.233437659059277,13.245926283524057,2.2348368106625145,0.21493358839125856,45.49677181057632,0,0
2021,2,38.0,-117.0,0.165540625,4.23387532745091,9.39118657097282,2.298648599321892,0.2173551015910648,41.3155157584697,0,0
2021,2,38.0,-116.0,0.14075000000000001,6.440245740754289,8.353035709113499,1.8794155679901527,0.2502864716308457,54.81739284005016,0,0
2021,2,38.0,-115.0,0.19319843750000001,3.807463724272612,12.220895195603987,1.8028113045722685,0.3805202639528683,38.026730762794614,0,0
2021,2,39.0,-124.0,0.7028593750000001,13.778317887442462,81.84652430772843,1.899314769211456,0.38328300132637927,344.35771498829126,0,0
2021,2,39.0,-123.0,0.4641109375,15.289599650246778,43.900580423176905,1.2448992347408614,0.3585958463095483,284.91831629071385,0,0
2021,2,39.0,-122.0,0.424990625,16.44768106256215,62.20407346099677,1.0778132542543577,0.3564477864475477,186.7555994540453,0,0
2021,2,39.0,-121.0,0.431428125,7.946306238855652,123.67057525388958,0.8712620118259404,0.4648844397493771,279.0531856007874,0,0
2021,2,39.0,-120.0,0.18336249999999998,6.7953067524092745,26.10056735411348,1.410473557029443,0.3825708578030268,62.46594525873661,0,0
2021,2,39.0,-119.0,0.102303125,10.243032951014413,15.25345519021215,1.131963686075503,0.2272701398247764,55.324820103123784,0,0
2021,2,39.0,-118.0,0.13540625,3.111552853243719,32.908609181866666,1.1403847338946966,0.32357540158998394,19.216926186345518,0,0
2021,2,39.0,-117.0,0.12764375,0.639118392126921,27.296930596456548,1.840101369068704,0.32336454732077463,17.969216452911496,0,0
2021,2,39.0,-116.0,0.1455578125,2.114418627534615,23.87338834650876,1.9162456846029043,0.3670101804392678,30.765305389650166,0,0
2021,2,39.0,-115.0,0.1717296875,1.7392043828964425,22.989434235022088,1.8289837261214288,0.37564223969266525,35.08756740484387,0,0
2021,2,40.0,-125.0,0.7541000000000001,10.540007103814029,132.98599330751495,2.935041869909134,0.38661915158468574,282.95960028966266,0,0
2021,2,40.0,-124.0,0.6786953125,10.1088087490627,131.8206242734945,2.6168385472738604,0.4351184080754008,265.48318890854716,0,0
2021,2,40.0,-123.0,0.5262578125,13.436973956653066,79.73048887051704,1.1829531996410354,0.44549940491006484,236.14445014391094,0,0
2021,2,40.0,-122.0,0.486584375,8.999323122841997,100.77681303791763,0.8243639006641821,0.43170065681139624,216.053205775097,0,0
2021,2,40.0,-121.0,0.2291453125,4.299947042124643,46.676541257873794,1.5070440496495556,0.4231361675830114,118.07933042291552,0,0
2021,2,40.0,-120.0,0.1081953125,6.56122133731844,19.325792601556202,1.7179525542749343,0.32471007073209396,28.181140311062336,0,0
2021,2,40.0,-119.0,0.11465625,7.157472280093625,22.128786238134524,1.784719736373097,0.29886366604339504,40.28372326865792,0,0
2021,2,40.0,-118.0,0.1216375,4.872785740239298,37.10269653074505,1.350533710344494,0.3383548121367182,26.894730981439352,0,0
2021,2,40.0,-117.0,0.1177625,2.163483084951153,44.757416283935925,1.516630870327968,0.35451426889215193,16.867731581442058,0,0
2021,2,40.0,-116.0,0.105934375,-0.4534802079200517,58.937038339898606,1.869272401579036,0.424170128646351,15.961584053002298,0,0
2021,2,40.0,-115.0,0.1459609375,3.2890238182885554,23.78156855538549,2.805615340974931,0.24876844279822843,40.69616331253201,0,0
2021,2,41.0,-124.0,0.66086,7.9527909142630655,189.60517528820432,1.890688014890892,0.44114098637192334,217.81658832397724,0,0
2021,2,41.0,-123.0,0.4257640625,6.476292433057534,103.9901173657185,0.9541036087983882,0.46771557700066335,184.1813346836716,0,0
2021,2,41.0,-122.0,0.4304171875,6.821848879541694,78.16151347778799,1.4354749129690871,0.45976690309388296,159.87362654414028,0,0
2021,2,41.0,-121.0,0.22560312500000002,3.4570595213345285,58.939136609659215,1.567960350789496,0.37585339979046867,61.81505159474909,0,0
2021,2,41.0,-120.0,0.1220828125,0.5307659608977424,35.70202416576507,2.196068702824715,0.3260241019583883,5.9181362157687545,0,0
2021,2,41.0,-119.0,0.0889859375,4.396313260282813,29.410552278385182,1.7291222901450096,0.3200217999872707,22.825002088211477,0,0
2021,2,41.0,-118.0,0.133790625,3.519660253184206,42.30644977487685,1.936977366897508,0.3468778019859677,23.941157152876258,0,0
2021,2,41.0,-117.0,0.08805,0.3213783689907821,56.319848213568946,3.541800953848721,0.33337462374142235,13.700769515708089,0,0
2021,2,41.0,-116.0,0.050915625,-1.324692426409019,58.79808594308855,2.370602540233231,0.36526250484443845,18.23240309022367,0,0
2021,2,41.0,-115.0,0.11409375000000001,0.713209213529332,33.30505643807413,2.7750977416788274,0.31591277321179706,28.566168155521154,0,0
2021,3,32.0,-117.0,0.374853125,17.187392914679762,51.266047254426184,2.5441380977653782,0.17982864636246873,245.56301976554096,0,0
2021,3,32.0,-116.0,0.24670625000000002,24.561706253790106,4.553187255037727,2.6139340368415245,0.06532243631219346,261.7895978037268,0,0
2021,3,32.0,-115.0,0.232328125,25.897340885285438,0.7613558212646865,2.8479332787554617,0.06198493639628086,265.6410848721862,0,0
2021,3,33.0,-119.0,0.33658750000000004,16.89551770610194,29.250547372026148,4.531882189707991,0.13735995241390755,150.12821927666664,0,0
2021,3,33.0,-118.0,0.3900475,17.774669639013172,60.28145547481667,1.7475867637779312,0.2024944011455795,205.85803346087536,0,0
2021,3,33.0,-117.0,0.3079453125,19.01037764087802,38.925221039203706,2.249549489505916,0.14575762325717553,254.3758051469922,0,0
2021,3,33.0,-116.0,0.1529234375,23.25308979249772,2.685230773163738,2.49090566635282,0.036882076532609956,201.62243454251438,0,0
2021,3,33.0,-115.0,0.1475140625,24.525540162671025,1.7857617589065455,2.74230799320325,0.02926100902659915,232.84875485114753,0,0
2021,3,34.0,-121.0,0.5693375,14.466144446916488,28.98588412277192,4.213111088367836,0.23564537878959407,277.97124488279223,0,0
2021,3,34.0,-120.0,0.4737977272727273,15.29163108221598,33.37681245261538,6.227743461427772,0.21975839996462188,454.87313305564004,0,0
2021,3,34.0,-119.0,0.35467307692307687,17.900766256251963,34.615763760178346,1.505133286739983,0.16427709762472273,327.1720385513244,0,0
2021,3,34.0,-118.0,0.3012703125,18.765703004406365,39.398203220439854,2.238087412663877,0.1347549967868353,232.111154939048,0,0
2021,3,34.0,-117.0,0.18154062499999998,17.936473734148105,18.219798419846,2.157203901923207,0.08942174494907415,234.34775334317237,0,0
2021,3,34.0,-116.0,0.0978125,21.765929025219354,3.8846119663098477,1.492825510369076,0.024445564516128993,163.29580708406866,0,0
2021,3,34.0,-115.0,0.120940625,23.257039303933446,5.7915955206730985,1.323093962703047,0.03253551997164239,219.07951077446342,0,0
2021,3,35.0,-122.0,0.5650375000000001,15.092668274910267,35.64211175612897,2.056756085288628,0.29506697962361,367.9388165473938,0,0
2021,3,35.0,-121.0,0.46496923076923075,16.68456929840267,34.201756870547754,2.741210807747505,0.25141946796809533,210.35631239796297,0,0
2021,3,35.0,-120.0,0.3468,19.14402296773851,29.042315053043666,0.9952392222626716,0.18093426894116144,221.2537406012416,0,0
2021,3,35.0,-119.0,0.3459640625,16.228449924530548,36.97563716046304,2.021798225564829,0.19721091722929346,221.86475270427763,0,0
2021,3,35.0,-118.0,0.133303125,18.61102219089387,5.517532432673278,2.52794142992616,0.02851733180784405,153.2444809563458,0,0
2021,3,35.0,-117.0,0.1006296875,20.358772442417784,5.375285249424877,2.506668739444074,0.026515032014539114,162.15685184579343,0,0
2021,3,35.0,-116.0,0.1263359375,18.305932878678863,8.035658940894308,1.422411749914582,0.03003895827518991,155.2722790511325,0,0
2021,3,35.0,-115.0,0.15156875,19.43172330548689,13.59384026214272,1.4271178458837657,0.041737803848840814,170.37217773031443,0,0
2021,3,36.0,-122.0,0.5152318181818182,15.104210288457063,37.46779576033823,2.13114303035892,0.2512998851280175,247.1672048171361,0,0
2021,3,36.0,-121.0,0.3956421875,18.246505102034565,28.868058545736375,1.3575612456382486,0.22160235367795467,252.82028748188168,0,0
2021,3,36.0,-120.0,0.4112234375,19.95230055932078,52.850629750860634,0.992023595370348,0.24696510549514522,248.8975579617545,0,0
2021,3,36.0,-119.0,0.3575546875,8.823745253778299,58.954357717407646,0.874011795703549,0.3670850104542189,219.08840024843812,0,0
2021,3,36.0,-118.0,0.1309984375,15.643050635245565,13.043171808345022,0.8075602915908667,0.056502874179552916,119.51991298701614,0,0
2021,3,36.0,-117.0,0.1094421875,19.472257263429714,6.305817364005151,0.5812725257256137,0.02749592963085375,145.0659662950784,0,0
2021,3,36.0,-116.0,0.1464703125,15.81576090012829,15.725281171722116,0.9491778275060758,0.05625953693543707,141.75031834747642,0,0
2021,3,36.0,-115.0,0.145,18.302193775484664,17.926219700125756,0.8109358419649677,0.05426623680258306,147.96890609432012,0,0
2021,3,37.0,-123.0,0.5876125000000001,14.710237583037369,46.35973841719121,2.620073776124371,0.27962043593006747,292.15548699721694,0,0
2021,3,37.0,-122.0,0.5525140625,16.708561320971437,35.09561554985533,2.7213772203672537,0.24386568693277227,251.44914902436236,0,0
2021,3,37.0,-121.0,0.534665625,19.34539879060564,41.86922506265134,1.5427375535981194,0.2458998708314793,198.78034107387066,0,0
2021,3,37.0,-120.0,0.45212656250000005,11.807503826387482,79.63562718428463,0.9246309709275056,0.35772137039451185,301.9026361871511,0,0
2021,3,37.0,-119.0,0.133621875,3.7173464175193836,39.62235486902088,1.0328531944999206,0.3417126654937703,102.48261829838157,0,0
2021,3,37.0,-118.0,0.1231890625,12.854059022472779,22.146508412657084,0.7486597557237145,0.09044599949672653,105.32315832097083,0,0
2021,3,37.0,-117.0,0.1454125,13.113415828827911,20.288883092103305,0.754833306940552,0.06702764027862133,133.25225887820125,0,0
2021,3,37.0,-116.0,0.1366328125,13.81363420640271,20.985931240243616,0.4373877803733068,0.07740111985514236,124.67137235216796,0,0
2021,3,37.0,-115.0,0.185271875,14.477024565973615,32.482035773096385,0.4755678652760119,0.140156719633328,129.5639508171007,0,0
2021,3,38.0,-124.0,0.6454500000000001,13.655020551784105,69.90836891802441,2.691483476888961,0.33846472531663896,619.5061781754096,0,0
2021,3,38.0,-123.0,0.6206640625000001,16.61942875308378,54.11831530578226,2.64720866403828,0.30095958004715617,407.61851239949465,0,0
2021,3,38.0,-122.0,0.5080015625000001,19.073376320254447,40.922531940264406,1.481373597317213,0.2608174207389995,232.32510185334831,0,0
2021,3,38.0,-121.0,0.553503125,13.802270923122304,98.29421372920066,0.6526152688770213,0.3904943440550117,408.2634501392022,0,0
2021,3,38.0,-120.0,0.2172203125,3.845239427012803,61.91768714993984,1.0856831513206342,0.39123430848121643,178.74276160728186,0,0
2021,3,38.0,-119.0,0.1408484375,8.695624954469764,26.0330451077202,1.183967368563537,0.2518321846121101,75.97912137862295,0,0
2021,3,38.0,-118.0,0.1136359375,9.533117258933302,23.86847961529881,1.0885040149548757,0.1296353378603535,99.07765220850706,0,0
2021,3,38.0,-117.0,0.16721250000000001,8.285006241644613,27.464176610333624,0.8240760293427376,0.1441813242691819,95.72034073062241,0,0
2021,3,38.0,-116.0,0.1436109375,10.35452849941871,24.18680497281045,0.8218373661605433,0.15106161179081085,110.5469164904207,0,0
2021,3,38.0,-115.0,0.2038265625,8.448192176511231,37.33284779660195,0.6894658502207583,0.2941045190698357,91.39381384011358,0,0
2021,3,39.0,-124.0,0.718778125,14.360215159385461,80.0539698342213,1.0594228805782762,0.36526038826152835,531.5268358681351,0,0
2021,3,39.0,-123.0,0.47778125000000005,15.97784885591079,52.53225968986541,0.6869330613864769,0.3223380045865171,454.9974665278569,0,0
2021,3,39.0,-122.0,0.45882812500000003,17.979442761021296,66.47994214504749,0.6988482409978347,0.3174927551900186,293.56639680918306,0,0
2021,3,39.0,-121.0,0.45366875,8.754126636443615,101.3603446429947,0.6965037468066327,0.4531056108654186,464.1772686736658,0,0
2021,3,39.0,-120.0,0.217646875,9.103299443952526,29.330067185906472,0.9872010551562728,0.3330420556888785,140.76048706192523,0,0
2021,3,39.0,-119.0,0.110271875,12.9222733389947,24.0847005864957,0.8482192631166331,0.09871874156818591,106.20062297675759,0,0
2021,3,39.0,-118.0,0.1464921875,6.634268171556549,33.30061592928857,0.4019204821454064,0.28920734537545073,66.5878881700337,0,0
2021,3,39.0,-117.0,0.1504375,5.3463614171551335,35.162736045418086,0.832537736726099,0.3046184589145004,67.7184717496857,0,0
2021,3,39.0,-116.0,0.163746875,6.595187974745247,31.629638595727982,0.8478970848136733,0.30687998155111906,82.80157716944814,0,0
2021,3,39.0,-115.0,0.1756203125,5.677355884736606,47.28972477674276,0.9889431326918932,0.36423367902796755,72.79907446354628,0,0
2021,3,40.0,-125.0,0.7640583333333334,11.287969276127436,116.12278645176646,1.738839824645552,0.37339439984575673,421.89281682173413,0,0
2021,3,40.0,-124.0,0.662640625,11.722734062133316,104.06272540636152,1.45128445525118,0.4228054272231235,457.8627838054672,0,0
2021,3,40.0,-123.0,0.5367703125000001,14.793825037248698,82.04826790675313,0.5102639604536398,0.4233944198136688,409.1401024488732,0,0
2021,3,40.0,-122.0,0.4985640625,10.36133684189091,82.84705815672666,0.6060560943912207,0.4149767596234557,399.8023454332724,0,0
2021,3,40.0,-121.0,0.2673265625,6.911642469898371,39.49204025625974,0.8554552109005515,0.4247726996739705,244.7685617953539,0,0
2021,3,40.0,-120.0,0.1292234375,10.8714654784049,22.05549700952858,1.0481924863677323,0.21318437239175198,89.06500448938459,0,0
2021,3,40.0,-119.0,0.1317375,11.32460642168601,25.272406487015786,1.0242406910036868,0.16099114603893727,97.99306513741612,0,0
2021,3,40.0,-118.0,0.1535859375,9.36506193991633,31.752251170797052,0.5416000629586083,0.25335053955354997,78.4225343959406,0,0
2021,3,40.0,-117.0,0.1456984375,7.164193956313621,36.85652985073418,0.6552066852016383,0.3370766889664435,66.10450358130038,0,0
2021,3,40.0,-116.0,0.14510625,4.080791022700673,34.848573466984334,0.6820129828551388,0.44682181842865476,55.43697893153876,0,0
2021,3,40.0,-115.0,0.151871875,8.00418904058397,26.046846376953425,1.161723905329453,0.2026605186282947,82.9123177099973,0,0
2021,3,41.0,-124.0,0.6502533333333333,10.03297415839304,117.68985787966805,1.222118565777725,0.4325818064107405,432.44673233065345,0,0
2021,3,41.0,-123.0,0.4193296875,8.669959563593732,93.92027495264799,0.4515212427473346,0.45602134639217007,357.9667838057503,0,0
2021,3,41.0,-122.0,0.43577656249999996,9.782083752847505,67.57997892632872,0.8859168877408709,0.43894882323921364,328.99795414414257,0,0
2021,3,41.0,-121.0,0.261375,6.776336865271318,38.25159751646012,0.8081650622159484,0.37068723190215325,151.78682445548475,0,0
2021,3,41.0,-120.0,0.1484765625,5.425908960834647,23.37479995399505,1.1707992654204162,0.336470869920587,45.27692077681422,0,0
2021,3,41.0,-119.0,0.1259046875,10.157218505490235,19.040524576080742,1.0477982938326302,0.22463212410608924,84.7520581446588,0,0
2021,3,41.0,-118.0,0.1577671875,9.25368420847003,29.25959843046755,0.8474056196176636,0.28338801251944673,84.74854996893555,0,0
2021,3,41.0,-117.0,0.13211875,5.0907339695961475,35.482545465452375,1.559554948668018,0.3364640230773598,54.76327671203762,0,0
2021,3,41.0,-116.0,0.11410625,3.199642822819392,35.06128102376849,1.1406359624782494,0.3879767589030727,59.4507756177336,0,0
2021,3,41.0,-115.0,0.150040625,6.006606628048832,29.088506324438157,1.2969653802671637,0.29857301167262496,76.86002901755273,0,0
2021,4,32.0,-117.0,0.358240625,23.256607405344674,7.0236768324498655,2.979214946379151,0.07838555243280194,372.0097648911178,0,0
2021,4,32.0,-116.0,0.237928125,32.64964178403221,0.4009716895048143,2.9080770150408366,0.056602712472279826,362.64950269833207,0,0
2021,4,32.0,-115.0,0.226903125,33.43554155031842,0.04982675729436889,2.9752886805726937,0.05599038534694243,347.2573244944215,0,0
2021,4,33.0,-119.0,0.31977500000000003,19.441868209838873,4.671796293241215,4.368773303184201,0.07281653616163465,177.9370941221714,0,0
2021,4,33.0,-118.0,0.37231749999999997,21.757182502746605,7.763209324262969,2.155436290872142,0.08837371702547421,273.8167526821295,0,0
2021,4,33.0,-117.0,0.2906796875,25.945387792587308,7.004849215281439,2.6012635815704863,0.07566541102197429,377.37885024398565,0,0
2021,4,33.0,-116.0,0.1480640625,31.049743541081764,0.5559607625578167,2.7884102196470057,0.02837030523353148,273.3614317839965,0,0
2021,4,33.0,-115.0,0.1439109375,32.156505028406805,0.30555163813872355,2.99047468464186,0.019673600130610938,304.41510782111436,0,0
2021,4,34.0,-121.0,0.56126875,16.691265032026493,1.1197869416896822,6.230888209102479,0.15367769753491434,324.8238801024854,0,0
2021,4,34.0,-120.0,0.4593659090909091,20.367405947290305,2.7752129591781762,7.957983725049647,0.13591383812002056,679.6823530599023,0,0
2021,4,34.0,-119.0,0.3396096153846154,23.67696607540817,5.19677623765374,2.3938977531669825,0.09440328103524662,458.33218135894873,0,0
2021,4,34.0,-118.0,0.2950890625,24.830330793062867,6.000961478111577,3.237632366073596,0.0621069964435365,325.5614169174805,0,0
2021,4,34.0,-117.0,0.1788671875,25.228503394126918,3.3241201408777954,3.180198321252848,0.055761840939521745,342.0710106147453,0,0
2021,4,34.0,-116.0,0.0951375,29.57734255790713,1.2065075088862898,2.4816713744370524,0.01576222413116027,221.1050553014502,0,0
2021,4,34.0,-115.0,0.1171640625,31.015501983960498,1.1229853362415554,1.8308472868016048,0.023270449042320205,291.3439201656729,0,0
2021,4,35.0,-122.0,0.5742375,18.97649408976241,1.4191708278481485,3.146866703624644,0.197094448407491,538.7765858322382,0,0
2021,4,35.0,-121.0,0.4456634615384616,21.495913295256805,1.8997556280915262,3.98620349212476,0.15714060750781977,280.1890840801673,0,0
2021,4,35.0,-120.0,0.3367875,25.851042564710003,2.61706679431839,1.1873827862408728,0.11459060609340664,326.80542138405144,0,0
2021,4,35.0,-119.0,0.343234375,22.910151163737005,5.553136880752874,3.0617644745638004,0.11504354841179312,342.22859470173717,0,0
2021,4,35.0,-118.0,0.1270078125,26.07068803310397,0.31883043540759104,3.852704693182482,0.02064693735705477,216.1522222450003,0,0
2021,4,35.0,-117.0,0.097396875,27.997068293889388,0.2552665055368663,3.710267828453435,0.015274793571895975,224.239707342349,0,0
2021,4,35.0,-116.0,0.122365625,26.047475051879903,1.74006174622221,2.166668697644317,0.018662839465671082,217.47662965208292,0,0
2021,4,35.0,-115.0,0.143434375,27.33623399734499,2.791338901278806,2.004955320720006,0.025944262411859258,237.08220035769045,0,0
2021,4,36.0,-122.0,0.5247068181818182,18.98528510970301,2.1789382527278005,3.617256760924517,0.15475756391531686,327.5637431352427,0,0
2021,4,36.0,-121.0,0.3835609375,25.173625771204648,3.4710285936121466,1.982271490899008,0.14032032191753385,388.275099452585,0,0
2021,4,36.0,-120.0,0.40961875,27.08220916589103,9.883218280283046,2.0780373474355844,0.16106035378244185,388.9262154698372,0,0
2021,4,36.0,-119.0,0.391696875,15.542370120684328,23.71217759629829,1.212359910439451,0.2873970720503065,371.2227517971769,0,0
2021,4,36.0,-118.0,0.1300296875,23.291656064987205,7.919877602962089,1.1333295883889594,0.02845716112189818,176.1755143525079,0,0
2021,4,36.0,-117.0,0.1074109375,27.268185790379864,1.9450959034834625,0.8811071207196423,0.016387769911024263,198.38496332522482,0,0
2021,4,36.0,-116.0,0.14576875,23.548193891843177,5.750498104152513,1.4490505689148885,0.03111125727494553,207.85879669710994,0,0
2021,4,36.0,-115.0,0.14011875000000001,26.077036031087257,8.032069376913142,1.2520949571493227,0.03240917225678758,212.4612438492477,0,0
2021,4,37.0,-123.0,0.5821125,16.234971014658626,6.795439006072712,3.813713737773585,0.15885634157392708,313.78093315288424,0,0
2021,4,37.0,-122.0,0.520490625,21.136046393712377,2.96854568328205,3.699252189230636,0.1513222511167879,307.4880763112257,0,0
2021,4,37.0,-121.0,0.4866234375,26.46689359347028,2.297354697493148,2.3063651246627663,0.1445071313116285,318.6259565409273,0,0
2021,4,37.0,-120.0,0.45935156250000003,18.503775652249672,20.93506727671368,2.036708761572501,0.2983078016175164,487.36835084855556,0,0
2021,4,37.0,-119.0,0.17739375000000002,10.666422271728532,16.8689918455307,1.2525461930061843,0.3158041374550925,188.7820827541873,0,0
2021,4,37.0,-118.0,0.121946875,20.970600668589302,13.293581151646805,1.7347559373863444,0.038188852204216805,174.7818529838696,0,0
2021,4,37.0,-117.0,0.1457734375,20.948896535237655,9.282640948203635,1.8820714372319067,0.034819403621885466,204.10710165742785,0,0
2021,4,37.0,-116.0,0.1387015625,21.694127257665016,7.762800737527442,1.2705250445738872,0.035690222183863286,191.93475262727588,0,0
2021,4,37.0,-115.0,0.1836859375,22.784124279022237,15.203612226304841,0.8378052667630719,0.06340941952334504,207.90479111019522,0,0
2021,4,38.0,-124.0,0.64285,16.880774315728093,7.679245254578623,4.87198192831644,0.22491475034643096,790.9842729568481,0,0
2021,4,38.0,-123.0,0.5792015625,21.621650822957378,7.999312200826836,4.346772551750502,0.1865818040238486,564.2607155023143,0,0
2021,4,38.0,-122.0,0.45833125,25.785703357060775,4.852770663109851,2.903009508790516,0.15151154365804456,321.6085461899638,0,0
2021,4,38.0,-121.0,0.562028125,20.37996950944267,13.857681372446251,1.3122333461852491,0.27953810791174566,649.5482666650787,0,0
2021,4,38.0,-120.0,0.294521875,10.202516563733447,23.94153231127305,1.3100760216915042,0.3921399060222837,297.70136740989983,0,0
2021,4,38.0,-119.0,0.15731562500000001,16.686107095082622,8.738505023774934,1.5897004755550688,0.08761234449015719,154.66958738397807,0,0
2021,4,38.0,-118.0,0.1210890625,17.681520732243882,9.963069877830577,2.1913243603667536,0.05007332728968721,183.61488659866154,0,0
2021,4,38.0,-117.0,0.1679921875,16.590538589159667,14.603982747775746,1.9710768631682711,0.052258908086352834,170.52018106915057,0,0
2021,4,38.0,-116.0,0.1474390625,18.323965144157437,12.44033763488872,1.599369039809052,0.078075650996632,184.1335556237027,0,0
2021,4,38.0,-115.0,0.2124109375,17.275748960177136,15.042690861282182,1.0240358545966433,0.12198635240395861,180.8078761678189,0,0
2021,4,39.0,-124.0,0.719815625,19.72077093124392,19.971472279411984,2.3180141033988626,0.2560811042785644,783.7002677842975,0,0
2021,4,39.0,-123.0,0.4596953125,23.353192186355617,11.603173635212016,1.0640971585259242,0.2114979575077692,707.0877662627026,0,0
2021,4,39.0,-122.0,0.443815625,25.524344285329207,9.732490473670197,1.1042165894741314,0.19601154062483042,441.73076329752803,0,0
2021,4,39.0,-121.0,0.5174015625,15.64513200124108,23.187368245107365,0.6903707022584886,0.41494225230481885,764.0540236607194,0,0
2021,4,39.0,-120.0,0.2657171875,16.32486075560254,12.151290497985912,1.3929909704676795,0.1865982115268707,248.55755676981062,0,0
2021,4,39.0,-119.0,0.12313281250000001,20.00148232777916,3.8946441591356518,1.648012351169568,0.034968801339467316,181.12227809615433,0,0
2021,4,39.0,-118.0,0.1767859375,15.07261232535047,13.81265239162488,1.3385526961062175,0.11714665657944145,159.71884550526738,0,0
2021,4,39.0,-117.0,0.1864078125,13.79114420413973,21.589156541285348,1.8367086716861056,0.11659405264589519,150.06786456797272,0,0
2021,4,39.0,-116.0,0.191515625,14.439212369918842,24.92963925307734,1.9330388801418743,0.126149199075169,154.87759374082088,0,0
2021,4,39.0,-115.0,0.1972765625,13.667263547579466,26.965854990539384,1.1490215034059663,0.2072479165262646,161.63687780499458,0,0
2021,4,40.0,-125.0,0.7783583333333334,13.1201924076787,25.448199740233452,3.6484421605763706,0.2766579875239619,405.0131651262443,0,0
2021,4,40.0,-124.0,0.6760375,17.146410703659082,24.17272731965525,3.224583245380216,0.3210878292719523,710.8845849288628,0,0
2021,4,40.0,-123.0,0.5295953125,22.49523361523948,16.385830774215293,0.6127497479785551,0.30421713723076715,701.4766967622563,0,0
2021,4,40.0,-122.0,0.5443796875,18.121487561861688,26.35392413778348,0.4598230241176522,0.34970409075419107,677.1664787083864,0,0
2021,4,40.0,-121.0,0.3484859375,15.354360127449056,14.648446182963681,0.9378804053823062,0.3226803299453523,470.19131714478135,0,0
2021,4,40.0,-120.0,0.158465625,17.990282789866153,6.252467467692924,1.292441855227786,0.057761720816294305,161.23182885348797,0,0
2021,4,40.0,-119.0,0.15541093749999998,18.10250325997673,7.04554382084055,1.5264745198670857,0.0388897683885362,175.53001001942903,0,0
2021,4,40.0,-118.0,0.1848453125,16.702564056714394,8.000340846610499,0.9417823015202212,0.06091488136185534,156.1700728489086,0,0
2021,4,40.0,-117.0,0.198225,14.988083783785527,20.132013897654844,0.9630446070078575,0.12868200176291994,144.24053754191846,0,0
2021,4,40.0,-116.0,0.2072671875,12.019857915242529,34.659933367056084,0.919954620451242,0.32403836084736715,140.37053077481687,0,0
2021,4,40.0,-115.0,0.1698609375,13.980533655484539,35.770105033424926,1.409706612231813,0.1272148211797078,139.1655032057315,0,0
2021,4,41.0,-124.0,0.6888299999999999,15.695951950638403,27.631773184917797,2.535584105453014,0.34441246856877833,670.7987975329161,0,0
2021,4,41.0,-123.0,0.4923375,17.136257028579735,21.011427578759623,0.7012101792351084,0.3916627612378862,706.57664607279,0,0
2021,4,41.0,-122.0,0.49055,17.870742774009727,23.132227196601463,0.7732833418589312,0.31962778303358286,629.9473001854494,0,0
2021,4,41.0,-121.0,0.3233921875,15.312971591949488,23.18727813964827,0.7271810321418952,0.2611976852019628,319.90153167862445,0,0
2021,4,41.0,-120.0,0.200025,14.266672786076885,15.991161645633412,1.2958965034841636,0.15567730367183683,146.01998904254287,0,0
2021,4,41.0,-119.0,0.15635625,17.060432275136336,12.488640447390509,1.188766589290658,0.05562693675359086,158.0260299379006,0,0
2021,4,41.0,-118.0,0.19399375,16.249797606468224,16.067424391639662,1.0919408881052886,0.08746109637949198,166.82941804174334,0,0
2021,4,41.0,-117.0,0.2081046875,13.064553229014098,20.202961585727763,1.359522691935248,0.19599017269081537,146.6561269480735,0,0
2021,4,41.0,-116.0,0.202478125,10.621585742632565,26.379697791544032,1.3766561659797236,0.27974221805731453,144.21465364284813,0,0
2021,4,41.0,-115.0,0.193446875,12.884196289380412,24.254253668022585,1.5899933787270484,0.15619327657752563,155.3526206407696,0,0
2021,5,32.0,-117.0,0.3136125,24.807176469987468,2.9958360668373984,2.801044669380383,0.06890054479722049,415.7217242754996,0,0
2021,5,32.0,-116.0,0.21946875,35.157944420845304,0.0444413002682608,2.54872475938532,0.0499431535761843,401.8015458714217,0,0
2021,5,32.0,-115.0,0.21166562500000002,35.7455930125329,0.028396940614072663,2.338811044180209,0.046916659801237,387.5530662480742,0,0
2021,5,33.0,-119.0,0.3131,19.87641074888171,4.33252610528001,3.357220739761217,0.07006124270859579,201.11956819891932,0,0
2021,5,33.0,-118.0,0.3401275,22.356395147180063,4.471859164670397,2.4525466385578536,0.0807554545795618,297.7584716553489,0,0
2021,5,33.0,-117.0,0.2610671875,28.38962714441363,2.3848966069621724,2.4156143027531254,0.06478362282117205,439.89300774410367,0,0
2021,5,33.0,-116.0,0.143128125,33.805388845935965,0.029874018217412805,2.5164900881113867,0.020710318319259086,314.96799329761416,0,0
2021,5,33.0,-115.0,0.1406625,35.08773520992651,0.027535700063196968,3.0221595304817845,0.008764968443942275,358.4113816032186,0,0
2021,5,34.0,-121.0,0.489775,17.469404454385113,1.1859751767270645,5.881824503678184,0.13298236383759415,343.12304280077416,0,0
2021,5,34.0,-120.0,0.42319545454545454,22.043767402179103,1.8905181644530165,6.082396742213408,0.12166124619191532,731.7990473838466,0,0
2021,5,34.0,-119.0,0.3155788461538461,25.64450928188734,1.881571745204524,2.855164667118389,0.08792790980059016,512.9043427892984,0,0
2021,5,34.0,-118.0,0.2810234375,27.474778447612668,3.0663455676389617,3.5474880560020488,0.05663417071424501,370.46827748417854,0,0
2021,5,34.0,-117.0,0.1735625,28.66847266227971,1.202895755703537,3.262901493215636,0.04649853610223336,412.7314139623195,0,0
2021,5,34.0,-116.0,0.0928734375,32.99731978601027,0.08994618692526042,1.7796256528012129,0.009267208717202574,264.64137074071914,0,0
2021,5,34.0,-115.0,0.11445156249999999,34.453122418926625,0.08593754173347173,2.6470348180797902,0.014948742043587425,340.1872847462073,0,0
2021,5,35.0,-122.0,0.5192625,21.121504679033848,0.36151752137669746,3.2253299073560275,0.15088288245662565,680.7247987017035,0,0
2021,5,35.0,-121.0,0.3883673076923077,23.731007766408137,0.819841849441616,3.898198588895253,0.1396008249087737,345.2126243366645,0,0
2021,5,35.0,-120.0,0.3089109375,29.849506273577315,0.7804098844630403,1.7576309107234078,0.10980425246300232,416.77964688278735,0,0
2021,5,35.0,-119.0,0.3142671875,27.03054670672265,1.1966875594211501,3.342606030705954,0.10005526517027163,440.05486322566867,0,0
2021,5,35.0,-118.0,0.1225046875,29.777755948035978,0.589850109825818,4.235095563947611,0.016865264664414056,266.93097327370197,0,0
2021,5,35.0,-117.0,0.0948796875,31.895752686838968,0.43167568073698703,3.867504867459979,0.0064640529053185064,274.0535280900076,0,0
2021,5,35.0,-116.0,0.1184296875,29.948414267263125,0.4948945555938167,2.0910178492462594,0.014760846412309988,262.6049246173352,0,0
2021,5,35.0,-115.0,0.1379734375,31.23706368015661,0.24416435771712486,1.8688603040798208,0.021398782409647404,284.6834884257987,0,0
2021,5,36.0,-122.0,0.49314772727272727,21.364059128299854,1.1395131867932706,3.993046695755599,0.1308506140300294,401.1615418236364,0,0
2021,5,36.0,-121.0,0.3303953125,28.787770912724174,0.8301359906894845,2.556815159213833,0.1338526263672818,498.807251220569,0,0
2021,5,36.0,-120.0,0.38668437499999997,31.6254755789234,0.7699478723210973,2.700773722785439,0.1367395718892415,539.6727349143475,0,0
2021,5,36.0,-119.0,0.394584375,20.00890822102949,19.28889656701216,1.1138010875850228,0.2225248736719931,514.6295446902514,0,0
2021,5,36.0,-118.0,0.1287296875,27.268815905048022,2.4116404660148305,0.9993816913983782,0.0214656200460208,218.6920214444399,0,0
2021,5,36.0,-117.0,0.104909375,31.442322334166516,2.1948064517332,1.2003414067102596,0.01472348583641868,242.59599985089153,0,0
2021,5,36.0,-116.0,0.1418515625,27.795035911375503,5.222999241958348,1.7027340227118466,0.0289417998765104,254.18822781648487,0,0
2021,5,36.0,-115.0,0.1354,30.499301698130964,1.220079588527767,1.471404297131344,0.025350778013147286,263.01436265930533,0,0
2021,5,37.0,-123.0,0.5653875,18.43436762902047,1.239482763047306,4.615361715275049,0.12218950128042565,405.721053481102,0,0
2021,5,37.0,-122.0,0.46963593750000004,24.16099867564377,0.9100502972903731,4.385876342830054,0.13466163091762087,396.9818839104846,0,0
2021,5,37.0,-121.0,0.4097984375,30.881771990560733,0.15741631650456606,2.8167397832934253,0.13043540652080246,440.36813161801547,0,0
2021,5,37.0,-120.0,0.4307875,23.26267518843376,11.84276745916435,2.616845485336835,0.2514297366142273,708.6619645124301,0,0
2021,5,37.0,-119.0,0.2229859375,15.4648354699535,25.277439023192017,1.1728055830722508,0.24444366302541504,298.91344683710486,0,0
2021,5,37.0,-118.0,0.1201703125,25.052704821863504,7.90655238815674,1.9285170672660896,0.02917208402387552,222.18978416640311,0,0
2021,5,37.0,-117.0,0.1433390625,24.984783937085087,11.45460827537903,1.836294224258792,0.03525310850912519,247.00078135356307,0,0
2021,5,37.0,-116.0,0.1370515625,25.822916410815353,8.907261754210083,0.9932648306847705,0.03589375397210474,237.14871355332434,0,0
2021,5,37.0,-115.0,0.1778125,27.267690046371982,4.359015014777867,1.1042562035279888,0.05085549527598962,260.5779629666358,0,0
2021,5,38.0,-124.0,0.5893600000000001,19.893502528693116,0.5658259765657665,6.683765415396938,0.16341189962134134,1165.9071753422418,0,0
2021,5,38.0,-123.0,0.5033828125,25.724306817208582,0.39800138474532787,5.585229978890333,0.14291999641285144,796.5861295815557,0,0
2021,5,38.0,-122.0,0.40023125,30.12297347591772,0.13943247758874117,3.019993946605549,0.13161744898365385,460.94660891685635,0,0
2021,5,38.0,-121.0,0.5483921875000001,25.27938730024525,6.322594110677926,1.7919841549891389,0.21603985659537772,922.1090964274481,0,0
2021,5,38.0,-120.0,0.3700375,15.091333684613648,25.921458595256297,1.239141655724743,0.3391089016391385,439.90024749655277,0,0
2021,5,38.0,-119.0,0.16438906250000002,21.02067986149945,14.227694815780012,1.972926874542706,0.05555020673300625,205.49190300516784,0,0
2021,5,38.0,-118.0,0.1227671875,21.909707010945983,15.853818722824542,2.542120255974506,0.043539203623289655,237.05935024190694,0,0
2021,5,38.0,-117.0,0.166625,20.714008280538764,22.1385739117963,2.093020579863714,0.05518565895736853,216.62552701309323,0,0
2021,5,38.0,-116.0,0.1493734375,22.47306949400135,18.476017036299197,1.4992565721772984,0.08529399992317277,234.4189555151388,0,0
2021,5,38.0,-115.0,0.214396875,22.30849679362392,12.55293398426005,1.0195793424708213,0.09090192535872096,241.35692813433707,0,0
2021,5,39.0,-124.0,0.7066156250000001,23.48226598308935,3.606102413321821,3.412327558855847,0.1896290471476893,1070.3380412887782,0,0
2021,5,39.0,-123.0,0.43750625000000004,27.87944998587334,2.6405337106538695,1.5589724098215685,0.16989366117344104,954.2616752441972,0,0
2021,5,39.0,-122.0,0.4383734375,30.52265832808711,1.9030733805251998,1.0969932388133476,0.1591030067654066,642.4943674355745,0,0
2021,5,39.0,-121.0,0.5773828125,20.83366846576816,17.877489545206515,0.5255311954810316,0.3568574693254245,1090.6586518976837,0,0
2021,5,39.0,-120.0,0.2952578125,20.77853042387195,18.89978603721687,1.5387366910598994,0.14521227857118008,342.95869793277234,0,0
2021,5,39.0,-119.0,0.1282921875,24.04084918114449,15.011768306429474,1.8724627949361528,0.04025087273249059,230.35940539557487,0,0
2021,5,39.0,-118.0,0.1923140625,19.572825965573728,31.143560291091887,1.7727389249168073,0.0794530139174512,212.0972767006606,0,0
2021,5,39.0,-117.0,0.20968124999999999,18.151706421759847,45.66287317575046,1.75187850064589,0.11095535178338324,192.74037482682616,0,0
2021,5,39.0,-116.0,0.2114734375,18.68936315967193,40.76143678539523,1.7945058604080095,0.12754053358108763,199.30359302088618,0,0
2021,5,39.0,-115.0,0.21566875,19.3419876898489,31.949375972907035,1.1598025065528603,0.12069062263734875,235.6735219946131,0,0
2021,5,40.0,-125.0,0.7788333333333334,14.479588821028338,5.889074084793815,5.412464838078748,0.22213743635972905,497.938902841674,0,0
2021,5,40.0,-124.0,0.6849046875,19.953704321769,4.5830763250691575,5.05931375707663,0.26022321146021604,893.5088780708611,0,0
2021,5,40.0,-123.0,0.49886406250000004,27.409270035836027,2.4190856915069503,1.260209717156503,0.24161317271571,966.6627203114331,0,0
2021,5,40.0,-122.0,0.5648703125000001,23.27220291783735,9.447601607824652,1.2335108053511898,0.2750887255514821,965.4965868685395,0,0
2021,5,40.0,-121.0,0.3825,20.199796895057947,16.351907032365887,1.6171180578482536,0.2359112453076147,659.348369226791,0,0
2021,5,40.0,-120.0,0.1698265625,22.062918727628666,18.821370306248753,1.5536524158571667,0.056078313178913534,206.63114811759442,0,0
2021,5,40.0,-119.0,0.16090625,22.132584690278595,20.295718203122703,1.666820089179634,0.045580936375484625,221.15915070753545,0,0
2021,5,40.0,-118.0,0.19298437499999999,21.00450603731219,34.35756497346887,1.208941891910244,0.0657531712003933,199.33304842561483,0,0
2021,5,40.0,-117.0,0.22775937500000001,19.891992587427957,41.27253031619915,1.4121799210316492,0.09157345403907115,196.43923279363662,0,0
2021,5,40.0,-116.0,0.2554734375,17.806894759208944,43.484413281838386,1.266637653007924,0.22254018565659878,221.41769423615187,0,0
2021,5,40.0,-115.0,0.1891171875,19.613874284682762,25.828005497167794,1.4831973816791872,0.09438225274444903,199.61024983786047,0,0
2021,5,41.0,-124.0,0.7213433333333333,18.627546412970453,10.096464134887148,3.902811460277458,0.27686866101683105,826.2720528576109,0,0
2021,5,41.0,-123.0,0.547584375,21.68951516305248,8.27634007000455,1.3598596249205106,0.29974361837551156,984.0162874897942,0,0
2021,5,41.0,-122.0,0.524625,22.3523240658545,11.473821227262704,2.47833935509888,0.25470816384079636,842.1600816072896,0,0
2021,5,41.0,-121.0,0.358090625,19.87582822307466,19.34757221751937,2.4416021726586856,0.16779267916115376,436.5451412741095,0,0
2021,5,41.0,-120.0,0.2316375,18.834816635808657,22.713085620488016,2.0373989909286787,0.07465801636377965,198.10059026349336,0,0
2021,5,41.0,-119.0,0.17629999999999998,21.07629820915963,23.66532779560515,1.754457494288035,0.05520065978009209,201.44157658796757,0,0
2021,5,41.0,-118.0,0.2219671875,20.678452317945442,25.10823028423914,1.738788466503835,0.06313539032013182,219.3748221034184,0,0
2021,5,41.0,-117.0,0.25293125,18.73204399231944,32.7116544198347,2.0970595918208104,0.1072319678721889,219.30862683802843,0,0
2021,5,41.0,-116.0,0.2656953125,17.23652674613463,39.509396751235215,1.5979126760938622,0.18112340665632673,240.32316484954208,0,0
2021,5,41.0,-115.0,0.21946875,18.971793593129824,25.401175471778004,1.9095823960044296,0.09096596670407117,229.79388339444995,0,0
2021,6,32.0,-117.0,0.2826625,30.54839927355451,1.851074894130278,1.98656831500696,0.06464615265528359,474.06262112781405,0,0
2021,6,32.0,-116.0,0.20469375,42.05281497637433,0.6539384212196353,1.568164680704984,0.040400507715013245,423.2323665637523,0,0
2021,6,32.0,-115.0,0.19314375,42.11036874453229,0.7916521590054515,2.822999647983324,0.041225919458601164,420.1362666208297,0,0
2021,6,33.0,-119.0,0.302225,21.755226771036806,1.5411773074269774,2.97068300221682,0.0676474253336588,210.8901422470808,0,0
2021,6,33.0,-118.0,0.319685,26.15512175242109,1.0449101526141646,2.400883504916192,0.07657873224329062,335.50142540285987,0,0
2021,6,33.0,-117.0,0.2426953125,35.021943322817506,3.9503842435628655,1.6480949071072588,0.05937435593869945,510.5296145193279,0,0
2021,6,33.0,-116.0,0.1368828125,40.64734445412956,2.7943265467733625,1.8190361981292087,0.018852002090877912,333.21168133988976,0,0
2021,6,33.0,-115.0,0.1376609375,41.95842554569248,1.6202361166328672,2.832017049009054,0.0084414833121829,383.15157720353454,0,0
2021,6,34.0,-121.0,0.433925,20.566428195105644,1.2049527837435883,4.7823057880104,0.1267356757764463,338.621709185342,0,0
2021,6,34.0,-120.0,0.38735227272727274,26.279004846438035,1.00920923943416,4.954066815204525,0.1173109386906479,773.6532880049763,0,0
2021,6,34.0,-119.0,0.2929365384615385,30.75918418362613,1.6377529748877369,2.9689081445933616,0.08615025142658804,573.9020382364591,0,0
2021,6,34.0,-118.0,0.26493125,33.38052670955659,4.866931152701426,3.4110105487034854,0.054742497536871125,437.65927851200104,0,0
2021,6,34.0,-117.0,0.1729734375,35.510943055152914,5.843044988051105,2.8006992051417394,0.040786891513400564,458.1343827303499,0,0
2021,6,34.0,-116.0,0.0929125,40.00739478270216,4.5336205821335795,1.6515406555248389,0.005496842662493337,284.7436114680022,0,0
2021,6,34.0,-115.0,0.1141171875,41.52664200464886,3.04112167394166,2.4776122775685545,0.011042480336295181,364.0126558020711,0,0
2021,6,35.0,-122.0,0.449425,24.135615666707366,0.547707577407408,2.252059037791103,0.14018930064307314,649.9912915751338,0,0
2021,6,35.0,-121.0,0.3487730769230769,27.39597113519654,0.5060415904629404,3.2060161986561506,0.13644229516684153,357.00007972235863,0,0
2021,6,35.0,-120.0,0.29078125,34.95530546506249,0.2899370465279105,1.7936628310638898,0.10800076391961835,443.6431733192876,0,0
2021,6,35.0,-119.0,0.2958703125,33.174994691213,0.5951996736079934,3.211396279595573,0.0956920779413647,481.019789702259,0,0
2021,6,35.0,-118.0,0.1218640625,36.76061683495841,1.387465077623773,3.92608626120692,0.011196156342824243,291.4275553775951,0,0
2021,6,35.0,-117.0,0.0949171875,39.04322420756025,1.9978427171558621,3.6110106785464486,0.0037456373373666875,290.5955702299252,0,0
2021,6,35.0,-116.0,0.118340625,37.04168481826784,3.0708238791525844,1.895772391741555,0.007673629787233087,278.6130108870566,0,0
2021,6,35.0,-115.0,0.13779375,38.37889781792961,4.050219928085852,1.874128642112184,0.013877570629119824,304.6065440867096,0,0
2021,6,36.0,-122.0,0.4541909090909091,25.17673349862149,0.789196077933865,2.702650908470729,0.12544654981054437,421.779727281043,0,0
2021,6,36.0,-121.0,0.2998,33.939919837315905,0.034444297835278755,2.356180373858197,0.1322595056560304,529.9744541989639,0,0
2021,6,36.0,-120.0,0.3849296875,37.500900260607416,0.18853534309570813,2.6534782192340383,0.1279737446043226,599.567569908686,0,0
2021,6,36.0,-119.0,0.3932453125,27.190876793861413,10.883732496932197,1.1858180298983865,0.16038895017570914,650.5872207926586,0,0
2021,6,36.0,-118.0,0.128478125,34.591236551602705,2.1413688391298535,1.7349984801586382,0.01407924923631875,246.48119683843106,0,0
2021,6,36.0,-117.0,0.10382187500000001,38.69490284919741,1.5895024716705564,2.0104780333928085,0.0054384009705648936,269.2626070929691,0,0
2021,6,36.0,-116.0,0.13960625,34.99232559204104,3.364838923499036,1.7457717026160358,0.021211384402380993,280.43811791576445,0,0
2021,6,36.0,-115.0,0.1337765625,37.860495448112516,1.9331027597040418,1.6643727885049375,0.016562903920809387,287.15266194194555,0,0
2021,6,37.0,-123.0,0.53778125,20.091489410400428,1.7844536650777343,4.031959006598854,0.10916055308447938,389.2270573414863,0,0
2021,6,37.0,-122.0,0.4429078125,27.34917947186366,0.5983788984368724,3.4711317780291853,0.13004346037352524,401.15478506777436,0,0
2021,6,37.0,-121.0,0.39819375,35.79330616792046,0.03488900436465763,2.8177949458482185,0.12921828693813744,470.7816037116572,0,0
2021,6,37.0,-120.0,0.4150703125,30.15491598447166,5.595100608825732,2.667607336525091,0.187655371427536,873.9319551968947,0,0
2021,6,37.0,-119.0,0.249540625,23.477468895912196,15.506234050899792,1.5371003600939126,0.14851935340298544,407.6798304449767,0,0
2021,6,37.0,-118.0,0.1190359375,32.830304384231596,0.9196801420152667,1.124642665681468,0.019910692506366262,252.6651470689103,0,0
2021,6,37.0,-117.0,0.1391703125,32.673942621548996,1.1663292843699935,2.134438145992232,0.019967157973183474,287.3674089787528,0,0
2021,6,37.0,-116.0,0.1324875,33.364552291234354,1.9195045187920812,1.9947327642751456,0.023754332462946517,267.7608816884458,0,0
2021,6,37.0,-115.0,0.173540625,34.83587206999463,3.017592041924644,1.6752694774947805,0.043950851427184155,284.0747684240341,0,0
2021,6,38.0,-124.0,0.5295650000000001,21.79381338331435,0.9246084837715312,4.664026723220785,0.14193431465714063,1033.236292625467,0,0
2021,6,38.0,-123.0,0.443215625,28.083939973513306,0.8296335890740636,4.106556970467643,0.1337733732329474,770.4989413032308,0,0
2021,6,38.0,-122.0,0.385328125,33.30627765655521,0.20710358692710423,3.69629452416803,0.12939445608192016,451.72965968959033,0,0
2021,6,38.0,-121.0,0.5294046875,30.731808813413004,2.275566368535209,2.087334682607973,0.18370067973931628,1059.7918464336544,0,0
2021,6,38.0,-120.0,0.4053625,23.80230842431389,14.02500856964295,1.5524302090353876,0.23138387136989164,637.7059648511931,0,0
2021,6,38.0,-119.0,0.1678,29.805197064081852,2.758514632642317,1.6631755317114147,0.042033974329630484,238.8121911790222,0,0
2021,6,38.0,-118.0,0.12103125,31.0271042108536,2.1370663616657737,1.151655376595719,0.027811278568373753,279.05906923115253,0,0
2021,6,38.0,-117.0,0.1671984375,29.445111346244833,4.635552440941382,1.4356854090767088,0.031587849060694326,266.3929269183427,0,0
2021,6,38.0,-116.0,0.15016875,31.090755470593795,2.1762017004043344,1.4631319364677642,0.057693185408910067,284.30768894031644,0,0
2021,6,38.0,-115.0,0.21611875,30.559153040250163,3.24279305821662,1.7621449050879443,0.07604276074303518,284.6485738409683,0,0
2021,6,39.0,-124.0,0.68105625,27.185915438334163,3.1760223518908504,2.350742307168944,0.1511526697211795,1149.50508531183,0,0
2021,6,39.0,-123.0,0.417903125,32.89594502449038,2.437132907271433,1.3238541814434142,0.1562014516856935,1021.4058650890365,0,0
2021,6,39.0,-122.0,0.475353125,35.58203485806786,0.7055891055465224,2.123749429234448,0.14944284028477134,678.1741024460644,0,0
2021,6,39.0,-121.0,0.6039671875,27.695847495396958,6.32334480358665,1.488180907837929,0.26881079441971245,1372.1651277737692,0,0
2021,6,39.0,-120.0,0.3017234375,29.388844744364437,5.132766005754519,1.6389487663659132,0.11343930164972936,433.373682317324,0,0
2021,6,39.0,-119.0,0.1251953125,33.395602536201494,1.5765594161898377,1.6433838943215069,0.027404327193895937,272.25552673917264,0,0
2021,6,39.0,-118.0,0.1902859375,29.615817856788656,3.824343004435349,1.2431128820000197,0.041377319229973626,266.23150787781924,0,0
2021,6,39.0,-117.0,0.2130125,28.973604702949544,5.045816100373912,1.0654783702168282,0.0386399325397279,264.9085981538519,0,0
2021,6,39.0,-116.0,0.216953125,29.29463546276095,2.3136721301675323,1.3961196666650242,0.053124366866217666,277.7597021777183,0,0
2021,6,39.0,-115.0,0.2240828125,29.197217734654764,2.5880832999796155,1.31249346242148,0.06194626854525668,314.4348640926182,0,0
2021,6,40.0,-125.0,0.7596666666666666,17.39567263567892,29.537308422916514,2.7260353309630707,0.20727538591549718,460.1148499382867,0,0
2021,6,40.0,-124.0,0.6795421875000001,24.178606788317392,21.97706865443294,2.615568148616354,0.24511631760332317,957.4473203392699,0,0
2021,6,40.0,-123.0,0.472134375,33.219883990287805,7.529770055025864,0.8825013027716146,0.22821873260868916,1074.8617604840547,0,0
2021,6,40.0,-122.0,0.5590640625000001,30.07266685962679,4.506919563919354,1.2234399696296543,0.20990767412715483,1154.2338884901255,0,0
2021,6,40.0,-121.0,0.382409375,28.515442943573017,3.9325242705494645,1.8548213275077687,0.18100705477926463,858.3225533366203,0,0
2021,6,40.0,-120.0,0.162528125,31.100204459826177,1.0445872630775455,2.0157664510592097,0.03851154115464947,254.923686850816,0,0
2021,6,40.0,-119.0,0.149340625,32.00641384124758,0.9345310117900851,1.6812148997594067,0.02568252715799538,275.69612150546163,0,0
2021,6,40.0,-118.0,0.18120624999999999,31.44655592441561,2.4013622041643146,1.0452287446591089,0.02584850655661685,256.1608151299879,0,0
2021,6,40.0,-117.0,0.2189546875,31.174889405568464,4.444231775760699,1.084316696670185,0.03269956078794263,262.28711276780814,0,0
2021,6,40.0,-116.0,0.2633515625,29.42416133085889,4.788584572434473,0.9840168184368372,0.1162595904535717,331.3879771158099,0,0
2021,6,40.0,-115.0,0.194828125,30.46875662803652,2.758746066302109,1.1233627966526505,0.04143714507420853,271.02978411130607,0,0
2021,6,41.0,-124.0,0.7345833333333334,22.825417740433327,37.71762082132371,1.7889583890042635,0.2672775833695023,861.2488877442148,0,0
2021,6,41.0,-123.0,0.5609171875,27.962645109494552,18.12288424296682,0.7072905205884523,0.265615200665262,1150.5704707233235,0,0
2021,6,41.0,-122.0,0.5304,29.4335374037425,7.067455242559362,1.378059997570611,0.21441050502989023,1011.643436155282,0,0
2021,6,41.0,-121.0,0.35052812499999997,28.521991912523927,5.879256672397304,1.569600038947478,0.11108079353968296,569.2472375230864,0,0
2021,6,41.0,-120.0,0.23189218749999999,28.723507618904133,4.414857861757326,1.6551050103288576,0.029787000682618837,260.85175783373415,0,0
2021,6,41.0,-119.0,0.171778125,31.247951094309506,2.8685250162929776,1.4034585143883374,0.02366857628027593,263.6727005010471,0,0
2021,6,41.0,-118.0,0.22019375,31.279513907432577,5.557293336078573,0.9009088302126952,0.03391200337145059,290.9987763268873,0,0
2021,6,41.0,-117.0,0.250515625,29.770195118586237,7.880357357844758,1.035606833783434,0.052195189727677185,309.06434974167496,0,0
2021,6,41.0,-116.0,0.2744375,28.708234190940882,7.008075745016384,0.8898191544419811,0.08629950218730498,368.6548378318548,0,0
2021,6,41.0,-115.0,0.2179984375,30.02502040068311,2.6527508471012595,0.8332659025312694,0.053048630224333815,319.5654033916071,0,0
2021,7,32.0,-117.0,0.27576875,31.793747351246523,10.883454586462449,2.1209782332892173,0.07134625283620688,469.4908370729536,0,0
2021,7,32.0,-116.0,0.19704375000000002,41.90013624314341,6.7404009207052695,2.320430963775537,0.04890317365687375,422.9315670672804,0,0
2021,7,32.0,-115.0,0.18045,41.66562671353742,6.818805242971848,3.503564834995871,0.05445052090511523,428.2742671202868,0,0
2021,7,33.0,-119.0,0.2911375,23.989357536069832,4.031959342853497,3.4514259867252184,0.06903643249183569,227.02222876250744,0,0
2021,7,33.0,-118.0,0.31305,28.480101144442024,5.488196803029647,2.494354169385521,0.07990155749850798,361.1352367326617,0,0
2021,7,33.0,-117.0,0.241165625,35.70458536301893,17.401811321349214,1.652800873005036,0.07412081123680192,506.60250277724117,0,0
2021,7,33.0,-116.0,0.133,40.579966248235415,12.041643382133316,2.3323229656628706,0.03286722046072759,346.7319399351254,0,0
2021,7,33.0,-115.0,0.13653437499999999,41.249376538492044,11.84395805847771,3.202849900717138,0.025170605669739374,389.08662262838334,0,0
2021,7,34.0,-121.0,0.41259375,21.020114189065932,0.8813667847675788,4.64995602452722,0.12486693466008775,307.790566701442,0,0
2021,7,34.0,-120.0,0.37133636363636363,27.648821006469156,2.7152869824982933,4.911443779982121,0.11829268998375694,763.1732789291577,0,0
2021,7,34.0,-119.0,0.2883211538461538,32.53050521774864,4.342681794797115,3.161649815544232,0.08777591128437387,593.3509763234701,0,0
2021,7,34.0,-118.0,0.2604765625,35.19497662513489,4.725556475193571,3.4559177313260654,0.05495026803785749,460.5736390221864,0,0
2021,7,34.0,-117.0,0.17625625,35.99131186854457,17.179141174153756,2.1126291993071167,0.05972715603407988,445.13310899492353,0,0
2021,7,34.0,-116.0,0.09333125,39.671712140114096,18.477462817998003,1.8967648213071304,0.029416104478220736,283.272776636295,0,0
2021,7,34.0,-115.0,0.1142984375,40.78543591037876,11.74702460792787,2.717915705953928,0.02672708226788424,374.6806310955435,0,0
2021,7,35.0,-122.0,0.42341249999999997,24.44930647573168,1.0756136654777038,2.1833340686157303,0.13816035434763912,595.6749254837632,0,0
2021,7,35.0,-121.0,0.33858269230769233,28.046923681090377,1.0498571993946662,3.1055269759048185,0.1363476000444797,339.107013761233,0,0
2021,7,35.0,-120.0,0.2884890625,37.53506765365603,2.0879722471249806,2.034346534939808,0.10598607377339431,469.45422200951725,0,0
2021,7,35.0,-119.0,0.29452812500000003,35.47591238944763,2.964487186716269,3.1059079629258592,0.09543608689820891,496.6397922253236,0,0
2021,7,35.0,-118.0,0.1239296875,38.37067823563856,3.7282033628684985,3.6232133016618535,0.011657733750599631,302.0398492226377,0,0
2021,7,35.0,-117.0,0.095740625,39.9647066931571,12.09230104376502,3.043729889658892,0.01922109851273153,293.95444958936423,0,0
2021,7,35.0,-116.0,0.1254203125,36.93736685783635,33.1810562676651,1.9970720990911333,0.03833765176034739,267.96076633036137,0,0
2021,7,35.0,-115.0,0.1434078125,37.50888940134359,27.93072478760905,2.6094055488631542,0.037655879733382955,300.010422593914,0,0
2021,7,36.0,-122.0,0.4434113636363637,27.12760605052305,1.3718852127012862,2.132414173139096,0.1249481420557364,451.9404336019899,0,0
2021,7,36.0,-121.0,0.288134375,36.51627910060269,0.6928545228106486,2.078459687845963,0.13185517602069396,567.1357905957848,0,0
2021,7,36.0,-120.0,0.391296875,40.40232222618597,0.26818982240683903,2.405124353735612,0.126289919499428,634.2743579298258,0,0
2021,7,36.0,-119.0,0.401265625,29.330992917091642,27.133367610247205,0.9199013993915848,0.17291655271284037,677.9813878238201,0,0
2021,7,36.0,-118.0,0.1316390625,36.05214769917153,4.695277082817029,1.7833012216864257,0.018559065877750306,253.52268177084625,0,0
2021,7,36.0,-117.0,0.1045859375,39.92799377749046,10.195492887021373,2.237753043254411,0.015570899491668995,273.09264335781336,0,0
2021,7,36.0,-116.0,0.1428796875,35.3120185744378,60.881439018146466,1.6249438563964749,0.06424209763926841,263.77335260622203,0,0
2021,7,36.0,-115.0,0.137659375,37.74287638664248,28.61135232177503,2.130983228385045,0.03494732642686492,279.46411492303014,0,0
2021,7,37.0,-123.0,0.5301375,20.261764144897498,2.5515224589867103,3.844582401829009,0.10844767221840472,357.564065605402,0,0
2021,7,37.0,-122.0,0.43638125,29.168833384462594,0.7444670229119764,3.0512166246747325,0.1295442153903318,404.76014534942806,0,0
2021,7,37.0,-121.0,0.4082078125,38.45176545573822,0.10209170085317962,2.660162805126546,0.12909978820431614,507.9260766506195,0,0
2021,7,37.0,-120.0,0.406096875,33.11699869863451,9.824085402385663,2.431198420433495,0.18057901179918673,948.567412677221,0,0
2021,7,37.0,-119.0,0.2603765625,25.417376398271156,38.76985016194112,1.217080788738868,0.16780583768762564,421.6871213866398,0,0
2021,7,37.0,-118.0,0.1223765625,34.3701341798229,7.708579887719225,1.411443567882473,0.02327998543298368,257.90803239215165,0,0
2021,7,37.0,-117.0,0.1427203125,34.08315145892484,14.607041961596678,1.9957578051130784,0.029336702118637686,283.7694239569828,0,0
2021,7,37.0,-116.0,0.136184375,34.380995384339386,27.372452084989618,1.6739073581084056,0.04339521354244598,257.43365788366646,0,0
2021,7,37.0,-115.0,0.1794640625,35.29217543448175,30.521004115314554,1.6546197466094053,0.05992201547468857,264.7750002797693,0,0
2021,7,38.0,-124.0,0.5030300000000001,23.40221363190684,1.2663423199417896,3.6686601498063807,0.13751158423748489,959.7859454651674,0,0
2021,7,38.0,-123.0,0.42996875,29.62790164947512,1.6539545069349515,2.835463734070881,0.13389647167216062,762.3002741020173,0,0
2021,7,38.0,-122.0,0.382384375,34.94266604915744,0.9825589406204926,3.531698923698628,0.1297764335909197,450.76814421918243,0,0
2021,7,38.0,-121.0,0.5155765625000001,33.60699372445386,2.1194516486389148,2.025087763376415,0.17997804700687364,1180.1594066200778,0,0
2021,7,38.0,-120.0,0.4089984375,27.079523074242392,32.316601024092506,1.3360475889019523,0.22108795565943562,687.6230485504493,0,0
2021,7,38.0,-119.0,0.16965625,31.941043064671206,14.06652119857199,1.221121588420449,0.04756996484212973,243.4805955272168,0,0
2021,7,38.0,-118.0,0.1238328125,32.441030174686084,13.76427279700465,0.799373536263832,0.03396321208246288,277.39941724576056,0,0
2021,7,38.0,-117.0,0.1737734375,30.88967660473241,16.879427599803876,1.5025198164971632,0.03756468206323599,258.69443640112877,0,0
2021,7,38.0,-116.0,0.1547765625,32.51115168602238,18.344630141825746,1.1128300543947816,0.06851520429375348,272.50659954734147,0,0
2021,7,38.0,-115.0,0.221271875,31.89560532877524,26.717589357019733,1.3373647657421732,0.09022374242864625,263.38869147002697,0,0
2021,7,39.0,-124.0,0.671209375,31.530595844022713,1.9119958198530185,1.8568840709881576,0.142319135127529,1349.8616204597056,0,0
2021,7,39.0,-123.0,0.409015625,36.67877635955813,1.8634748450381267,1.5490320617800772,0.15316501452076814,1153.6027477122843,0,0
2021,7,39.0,-122.0,0.492284375,37.846958840277914,2.5518258373153913,2.28720221698635,0.1500157640185407,711.8223393335938,0,0
2021,7,39.0,-121.0,0.607975,31.18314550307492,10.078413532198738,1.4286004167177708,0.2550117738785282,1523.4973344486207,0,0
2021,7,39.0,-120.0,0.2971890625,32.579492210572795,13.066853516818355,1.5840980368377593,0.11473261637072406,453.36301252245903,6,1
2021,7,39.0,-119.0,0.12535,35.97505596683874,5.440239681945513,1.5950272615455146,0.028527887598160724,283.7874435354024,0,0
2021,7,39.0,-118.0,0.18862656249999998,31.64858425355729,14.691319204018782,1.1760501812918864,0.045899273887757296,267.19793549273163,0,0
2021,7,39.0,-117.0,0.2120640625,30.43073265321795,27.33157796700425,1.1784496616788906,0.048269872703859844,256.0287523083389,0,0
2021,7,39.0,-116.0,0.216109375,30.568264472100072,25.34444153224058,1.3353225519445668,0.06438753040887972,262.04899919684976,0,0
2021,7,39.0,-115.0,0.22713125,30.518381306432932,37.05481987361736,1.243585899392078,0.08206800972261732,293.7080095289275,0,0
2021,7,40.0,-125.0,0.7382750000000001,18.374649561947006,5.512054845256546,5.380870785034028,0.15122190541548822,518.761927054988,0,0
2021,7,40.0,-124.0,0.6747921875,28.416093037205382,6.458170599387358,4.604763275238577,0.20652410516174888,1186.6655638441443,0,0
2021,7,40.0,-123.0,0.456503125,37.38184411602638,4.161466731773089,1.6531276618844135,0.21748358299655296,1216.0129055846483,0,0
2021,7,40.0,-122.0,0.541859375,33.87603582412969,7.963170184837054,1.5920485456359466,0.20115898469442955,1271.48983895313,2,1
2021,7,40.0,-121.0,0.365515625,32.433263566417104,6.490863048554729,2.033917461521217,0.17252370811277815,935.3856940288097,0,0
2021,7,40.0,-120.0,0.1524671875,34.63414677035426,3.855549850584339,2.293642406709333,0.038707824483994464,270.5143669154495,0,0
2021,7,40.0,-119.0,0.141290625,35.09093253381793,3.966484804720949,2.029843520868852,0.025774262605174843,285.3753133676946,0,0
2021,7,40.0,-118.0,0.1717390625,34.463028733961075,5.416985954241227,1.3258455863730323,0.02610853730991318,263.2272725459188,0,0
2021,7,40.0,-117.0,0.201209375,33.68451266442578,16.953912451015185,1.285441187514892,0.03496896739928949,265.44994849245995,0,0
2021,7,40.0,-116.0,0.2444703125,31.722256694301507,24.863378497855138,1.0410699405045456,0.11694393266913708,335.2316673845053,0,0
2021,7,40.0,-115.0,0.1942765625,32.67173980436019,17.335450396956276,1.1541794698528576,0.04692032805053132,271.7061754083261,0,0
2021,7,41.0,-124.0,0.7446900000000001,27.064027095781036,8.789339911172394,2.951397297709861,0.2129981754216384,1074.849707591865,0,0
2021,7,41.0,-123.0,0.5598546875,33.250812095211415,7.04153359782822,0.938475208400094,0.23290091208232344,1369.167737197131,0,0
2021,7,41.0,-122.0,0.5363984375,33.89781106979619,8.683147029103111,1.8299433557464992,0.20924614033391395,1136.576191871427,0,0
2021,7,41.0,-121.0,0.3328828125,32.73328414578594,6.87273557213075,1.924953727180564,0.10413563283540866,617.8569182520732,0,0
2021,7,41.0,-120.0,0.216471875,32.42781133344099,5.596881619737815,2.019333410941894,0.0277892995265222,272.7529749972746,0,0
2021,7,41.0,-119.0,0.1592734375,34.823479255553245,3.0024381159705626,1.8577490235816083,0.0226229144039974,272.571173729375,0,0
2021,7,41.0,-118.0,0.207671875,34.57688029658412,3.1627885802549827,1.2276081556684246,0.031068255503972318,300.3402064787224,0,0
2021,7,41.0,-117.0,0.224634375,32.86496382682557,13.684248439119528,1.3138002935717352,0.04717329240614363,315.8076477702707,0,0
2021,7,41.0,-116.0,0.24902968749999999,31.48863641215911,25.568821820513676,0.9980995737270698,0.07972518635052503,377.06934951711446,0,0
2021,7,41.0,-115.0,0.20710937499999998,32.4153772584854,15.260279298843216,0.8808114260177661,0.05659446056171126,312.41030036471784,0,0
2021,8,32.0,-117.0,0.27648125,31.841831871771063,10.291691619336518,2.008908855208942,0.07240238176879057,443.00159346312284,0,0
2021,8,32.0,-116.0,0.19489374999999998,41.33001333975025,10.840820364087733,1.3104501928617829,0.0616219229595635,395.2899898868054,0,0
2021,8,32.0,-115.0,0.17078749999999998,41.38825784498647,17.49040813314906,2.819107122582274,0.06350226043373022,390.80135547555983,0,0
2021,8,33.0,-119.0,0.2894875,24.561518933696163,2.1882417904137696,3.4914124532085005,0.06793329792637975,207.86482840776443,0,0
2021,8,33.0,-118.0,0.3107525,28.886040562455396,2.7161406335035094,2.4476892271107875,0.07753170963683859,342.307256658872,0,0
2021,8,33.0,-117.0,0.2447734375,35.5956683728003,7.551969244509849,1.5390214579653725,0.06697450754463027,496.3147178059444,0,0
2021,8,33.0,-116.0,0.1328078125,40.03044737077531,5.0231276372372236,1.9762441274798013,0.03202659244178441,319.4356319727376,0,0
2021,8,33.0,-115.0,0.1373703125,40.900063171694384,11.924950388625177,2.85304816192427,0.028944075107574418,352.94401086866856,0,0
2021,8,34.0,-121.0,0.4102,21.474947835040368,0.7736121596693123,3.9934018002859446,0.1241574031050487,278.6768303873638,0,0
2021,8,34.0,-120.0,0.3727704545454546,27.27540841647959,2.4708355392000025,4.489347777886163,0.1188915301783149,725.9153825315562,0,0
2021,8,34.0,-119.0,0.2915326923076923,32.10546681772492,2.066995531231842,3.171888910550748,0.08619164579132219,558.7893815663381,0,0
2021,8,34.0,-118.0,0.26086875,34.749540678147376,1.831596001416358,3.516540628756794,0.05225886773037649,439.46104357019067,0,0
2021,8,34.0,-117.0,0.1766609375,35.7629844327127,4.180760105505499,2.3963431884953,0.04634272956079048,437.7242060145363,0,0
2021,8,34.0,-116.0,0.09328750000000001,39.33387777420785,4.224504792496475,1.7980681866485422,0.01770677970301715,270.0976589694619,0,0
2021,8,34.0,-115.0,0.113896875,40.290203951251144,7.17364366295925,2.490611596721273,0.026800909349995218,345.1123411068693,0,0
2021,8,35.0,-122.0,0.42133750000000003,24.73507424631427,0.31999007928362744,1.851856045778913,0.137247416280931,512.324926443398,0,0
2021,8,35.0,-121.0,0.33870961538461536,27.894005066624764,0.44732814330618065,2.660810757092839,0.13595892819682523,296.67563397341814,0,0
2021,8,35.0,-120.0,0.2845359375,36.283366729367195,0.2833392763434972,1.844639169843926,0.10362560614462818,423.2949500437826,0,0
2021,8,35.0,-119.0,0.2906796875,34.31009498257793,0.3541225859819974,3.1202559531294307,0.09377321729096028,464.6631897194311,0,0
2021,8,35.0,-118.0,0.12477812499999999,37.29401791018827,0.10123567785313976,3.6611152215378175,0.009861525348437681,277.6228254660964,0,0
2021,8,35.0,-117.0,0.09592656249999999,39.07069976406715,0.5385984959005441,3.2687987284085844,0.008834046381776007,273.8127849297598,0,0
2021,8,35.0,-116.0,0.1315859375,36.590120180191555,5.984954984292301,2.120852577865637,0.022240493246304036,260.83252916578203,0,0
2021,8,35.0,-115.0,0.1472234375,37.284558676135184,10.959376796513709,2.7141655943463454,0.028769573537252232,292.1373661374673,0,0
2021,8,36.0,-122.0,0.4450045454545455,27.215005892159795,0.3685342242752998,1.7478849174218611,0.12383850702986181,398.20250626088995,0,0
2021,8,36.0,-121.0,0.278703125,35.35904164006636,0.1512176649569596,2.0146180830640725,0.13145133212048513,502.46432761196047,0,0
2021,8,36.0,-120.0,0.3713609375,38.91015191539644,0.14084133449188124,2.350122407735804,0.1250033144668866,583.829345065169,0,0
2021,8,36.0,-119.0,0.3906,28.79213434957691,7.0611238306312885,0.9851068459337315,0.1595111563000627,678.2754720188677,0,0
2021,8,36.0,-118.0,0.132675,35.15513991848117,0.4150462163536872,1.595617424762458,0.01346126487178182,236.82422807905823,0,0
2021,8,36.0,-117.0,0.1052953125,38.758332801634296,1.5647432127892102,2.364368010218094,0.011884687728779238,257.69860146101564,0,0
2021,8,36.0,-116.0,0.146321875,34.741009615313644,7.2615255894064035,1.878168879569224,0.042261129425417945,262.5710377469659,0,0
2021,8,36.0,-115.0,0.13980625,37.25483283996584,8.805219765186223,2.331683614327708,0.030504621485228145,275.32942686229944,0,0
2021,8,37.0,-123.0,0.52854375,21.83592905844415,1.1891934381722535,3.436156729202905,0.10574224943755772,363.47087286412716,0,0
2021,8,37.0,-122.0,0.43233593750000004,29.211273532272692,0.3526000287929302,2.7178172195338144,0.12865519042937984,369.2750564077869,0,0
2021,8,37.0,-121.0,0.3946609375,36.91122602185898,0.03527475650599849,2.4221428247557624,0.12906751549372106,439.19377331621945,0,0
2021,8,37.0,-120.0,0.3978953125,31.94056351261757,2.052738081097516,2.2650451992037244,0.1724985152162531,888.0641913274303,0,0
2021,8,37.0,-119.0,0.2586921875,25.223977038168165,6.3060000365524616,1.1514958140728424,0.1391439729480333,435.014569433406,0,0
2021,8,37.0,-118.0,0.123434375,33.254208275579664,1.007272844567808,1.1051346131150062,0.018396990594043476,240.66586734261364,0,0
2021,8,37.0,-117.0,0.1443078125,33.0074301104392,4.547449975639495,2.178329633324046,0.026789573892470275,272.41752995178103,0,0
2021,8,37.0,-116.0,0.139421875,33.64311642339154,7.382448745325121,2.059779096832036,0.03312911654031401,251.7066834261641,0,0
2021,8,37.0,-115.0,0.1834921875,34.61482301373637,10.191294114470395,1.9291312627339607,0.05320154531027678,264.9168784264475,0,0
2021,8,38.0,-124.0,0.499375,23.457612453993953,0.8010020461478954,3.3662308182717497,0.1366245413339266,927.6002258062363,0,0
2021,8,38.0,-123.0,0.4304078125,29.307885211513913,0.45799788217237847,2.59773831413857,0.13299071820833347,705.1348483655602,0,0
2021,8,38.0,-122.0,0.376490625,34.52313423464378,0.06675811614087473,3.1678966065294465,0.12917562806478106,403.73728109989315,0,0
2021,8,38.0,-121.0,0.503265625,32.33910440168075,0.4857778375892962,1.6965055252639492,0.17853057704946043,1090.9660081379116,0,0
2021,8,38.0,-120.0,0.39513125,26.082349180406162,4.200695065215143,1.0335045707974366,0.19688589149905786,692.7535352297127,3,1
2021,8,38.0,-119.0,0.1674546875,30.473480812195827,5.330302502393636,1.2294786735974377,0.04209539871061998,230.45019060373306,0,0
2021,8,38.0,-118.0,0.124909375,31.198876130196375,2.4261171756236877,1.3413735870030858,0.027638618343619845,266.15148305427283,0,0
2021,8,38.0,-117.0,0.1758515625,29.903410522399437,4.221505933806213,1.364055864030738,0.03291293946645589,250.40347455069423,0,0
2021,8,38.0,-116.0,0.15563125,31.42259909568297,3.7345147984026994,1.449076967393842,0.061566754694907855,263.63825192674994,0,0
2021,8,38.0,-115.0,0.2244046875,30.51506731894711,15.24724949280909,1.9194970981016444,0.09138551162135211,257.4719061376527,0,0
2021,8,39.0,-124.0,0.663059375,30.880786545045943,0.38695217239848034,1.7342397839122836,0.1415365710053392,1266.4111205376685,0,0
2021,8,39.0,-123.0,0.4046109375,35.35770232754372,0.10447761173537624,0.8861098763165253,0.1526176798087294,1068.0423458106816,0,0
2021,8,39.0,-122.0,0.4615140625,36.57274092705021,0.12961936312905203,1.7714046669782135,0.14890878367167645,636.5167500916868,0,0
2021,8,39.0,-121.0,0.6044390625,29.966489487309634,1.7798675516544904,1.014322710774917,0.2503586706294808,1423.0073989601806,0,0
2021,8,39.0,-120.0,0.2902328125,30.634650079665665,1.9802888682036723,1.2136298033309505,0.11023131878145276,431.59180029761046,0,0
2021,8,39.0,-119.0,0.1243359375,33.35888249951026,2.0750069351791467,1.2677206205419158,0.024431808340933975,254.88463696092367,0,0
2021,8,39.0,-118.0,0.1836546875,29.548693529252105,3.8383549371658887,1.1705696956152305,0.04283547561655757,249.1656815400347,0,0
2021,8,39.0,-117.0,0.20525625,28.701240381117813,9.426914370983752,1.2218529203977415,0.050794135498744133,243.069555494003,0,0
2021,8,39.0,-116.0,0.21083125,29.179685811073572,6.9883041841833915,1.1038384793976264,0.05966677716983259,251.3875326840207,0,0
2021,8,39.0,-115.0,0.2234875,28.304518564285793,49.42883991765967,1.028834147808482,0.13433124461481646,269.7656919481233,0,0
2021,8,40.0,-125.0,0.7097166666666667,19.327633787312397,3.0911404000519838,4.683603016911758,0.1386178334554036,509.86216548416354,0,0
2021,8,40.0,-124.0,0.6656515625,27.75701493140192,0.7673518093227472,4.059221235186807,0.2016273874749419,1103.6834958940744,0,0
2021,8,40.0,-123.0,0.4465078125,35.53679357344107,0.21919420118621244,0.5363532405567104,0.21854716250973358,1095.7777928560972,4,1
2021,8,40.0,-122.0,0.5186968750000001,31.989515092296006,2.798408252552065,0.7682712757003717,0.203487104305657,1161.0205927863717,3,1
2021,8,40.0,-121.0,0.3427984375,30.259670268335668,2.3423796346335735,1.51303697585931,0.17293563453100055,870.2872509602457,14,1
2021,8,40.0,-120.0,0.14893125000000002,31.71849316473933,0.7736782835721101,1.556876986124792,0.03796595238870185,240.65769254229963,0,0
2021,8,40.0,-119.0,0.1389859375,31.83852761330146,1.436468429297122,1.3742685121925813,0.025424658611256545,250.3320286050439,0,0
2021,8,40.0,-118.0,0.167709375,31.03569963978185,3.9409401187597837,1.0691185034809148,0.026921907099344358,231.9816801464185,0,0
2021,8,40.0,-117.0,0.190825,30.289577133424842,3.4479966679512586,1.1806304704083004,0.04130039291997104,233.93646336626261,0,0
2021,8,40.0,-116.0,0.2254125,28.658419927474018,11.18650448638192,1.0603352131394517,0.13578760688022898,295.3610598342493,0,0
2021,8,40.0,-115.0,0.1897578125,29.793824568102462,18.834867264509114,1.063602602662986,0.0599867951485418,236.73693055752665,0,0
2021,8,41.0,-124.0,0.7462733333333333,26.342467733950635,3.294815431713971,3.054700331814065,0.2062795895402149,1045.2424342847532,0,0
2021,8,41.0,-123.0,0.55496875,30.878432830687508,3.875012957855972,0.8703042665437593,0.23706001139456223,1230.2797009469941,6,1
2021,8,41.0,-122.0,0.5340875,31.555491627416323,2.8455389955936994,1.7008843901844015,0.20812195122882882,1025.2780243754387,0,0
2021,8,41.0,-121.0,0.329525,30.0783618065619,2.487642440378579,1.6923780366468577,0.10236192134118845,563.0414270563051,0,0
2021,8,41.0,-120.0,0.2083078125,29.396695916883434,3.037848259687337,1.7668802188356925,0.026733840024599425,240.41895871050656,0,0
2021,8,41.0,-119.0,0.1537234375,31.27716775401948,3.0118755357264604,1.2803543347467072,0.023036739198110386,238.30379464197904,0,0
2021,8,41.0,-118.0,0.198671875,30.932825768378493,4.509850853487762,1.2300559518619938,0.03248573182731543,261.27782789990306,0,0
2021,8,41.0,-117.0,0.2062453125,29.09966895195748,7.36693244557074,1.4470254775876426,0.05680678864961025,277.05172495916486,0,0
2021,8,41.0,-116.0,0.2266296875,27.74660562238388,15.6036403322517,1.242631148686986,0.10604669265849613,329.1794041870162,0,0
2021,8,41.0,-115.0,0.1988734375,29.033167126870943,16.911852156177076,1.29257879844806,0.06722844704504932,276.51357802096754,0,0
2021,9,32.0,-117.0,0.28275625,30.093579133351668,8.226797325619373,1.962699400976214,0.07331326272752546,383.11179424636066,0,0
2021,9,32.0,-116.0,0.1948,38.753932062784855,5.395817445673856,1.1429259281130888,0.06313466959529448,319.63756680488586,0,0
2021,9,32.0,-115.0,0.16595000000000001,39.140852022171046,7.124498827465686,1.6625242901517716,0.06772653592957385,298.1113875284791,0,0
2021,9,33.0,-119.0,0.2903375,23.81195576985678,1.0418848750077814,3.1303728863933293,0.06724831263224275,178.74063178896904,0,0
2021,9,33.0,-118.0,0.3115425,27.866447889539945,0.8810508059544494,2.2517139791872327,0.07636056758739325,292.27581415325403,0,0
2021,9,33.0,-117.0,0.2506625,33.16258261998497,5.943745017134461,1.272843241713843,0.06708694663312695,417.0435150153935,0,0
2021,9,33.0,-116.0,0.1341546875,37.32792531649274,5.598179172807249,1.1644568405989668,0.03446754448943663,252.63053143862635,0,0
2021,9,33.0,-115.0,0.1379625,38.426765116055826,4.04734245137206,1.6916093079478822,0.02629385656780662,275.7732521276921,0,0
2021,9,34.0,-121.0,0.4001,20.944345304701088,0.7426084013862541,3.666373600301629,0.12391998238033715,248.37361043319106,0,0
2021,9,34.0,-120.0,0.3726522727272727,25.552552595042243,1.0555125513574792,3.896916253500594,0.11766929289307253,604.2334707171628,0,0
2021,9,34.0,-119.0,0.29384807692307696,30.00776908744097,2.1452020967777012,1.8810216051821969,0.0869036355249562,464.86524774286994,0,0
2021,9,34.0,-118.0,0.2585375,32.20719149907433,2.5706676450454324,2.156980743327565,0.05287565191586807,364.62264764122665,0,0
2021,9,34.0,-117.0,0.1750828125,32.45661936601005,3.920469541185412,1.6223026667997913,0.04442073106765743,361.47816420998424,0,0
2021,9,34.0,-116.0,0.093409375,36.191183034578984,3.824434118428144,1.1114888158010623,0.017103597852918786,212.33549062162638,0,0
2021,9,34.0,-115.0,0.1138671875,37.42427493731182,11.164788963355932,1.3750587270466506,0.03197191423839987,260.86957135703415,0,0
2021,9,35.0,-122.0,0.4128,24.02459023793543,0.1382933613740533,1.6132864499644746,0.136034615834554,434.76979061961174,0,0
2021,9,35.0,-121.0,0.33463076923076923,26.617311875433014,0.3637528017704356,2.366886240523272,0.13572110980324592,250.54911242272613,0,0
2021,9,35.0,-120.0,0.2803234375,33.20668416023257,0.7534286622785658,1.3928699739225,0.10247646570205685,334.98051844071597,0,0
2021,9,35.0,-119.0,0.2860109375,31.14768987496696,1.9374758620642751,1.9325669383761404,0.09566629065407643,371.5474719647318,0,0
2021,9,35.0,-118.0,0.1238578125,33.6102376063665,0.6423724033766121,2.296459419220882,0.005114270250002489,213.67708733305335,0,0
2021,9,35.0,-117.0,0.09547343750000001,35.454017543792745,0.46795431160262524,2.228286427954832,0.0010139336188633688,216.82096971198916,0,0
2021,9,35.0,-116.0,0.1294203125,33.23064011732739,4.424910402008209,1.372099712812127,0.01735894845591647,207.24688237532973,0,0
2021,9,35.0,-115.0,0.14525,34.213832831382774,15.265139626421842,1.650316906945761,0.03532418641779153,222.8857745649293,0,0
2021,9,36.0,-122.0,0.4375772727272727,26.017016682480342,0.37042037671185296,1.829130325684129,0.12339603989212598,335.27225165656114,0,0
2021,9,36.0,-121.0,0.2726359375,32.638170099258446,0.07365538374415331,1.906458372400001,0.13097157213422983,412.0342911919579,0,0
2021,9,36.0,-120.0,0.3436546875,35.830623372395856,0.20308733553520136,2.1431956475354896,0.1245364513662126,471.8030779622495,0,0
2021,9,36.0,-119.0,0.37390625,25.912693126996384,5.121998597019228,0.6138429512495072,0.14689231614271794,559.7358826780692,0,0
2021,9,36.0,-118.0,0.130159375,31.182408324877443,0.6592484340899318,0.8262620914623959,0.009427335858344987,185.5425382964313,0,0
2021,9,36.0,-117.0,0.105184375,34.812912464141874,0.38517370455792843,1.2578685158389271,0.003208666708734248,200.80131164286286,0,0
2021,9,36.0,-116.0,0.14745,31.4068142573039,2.3785113506846756,1.0841478415798789,0.024481683638360712,213.8850501505658,0,0
2021,9,36.0,-115.0,0.137665625,33.99050836563113,6.675798321225557,1.3417098882350609,0.028094100952148406,214.33163376059383,0,0
2021,9,37.0,-123.0,0.51793125,22.2282144546509,1.511517321773681,2.6535821906001287,0.10545347531636554,327.93358573690057,0,0
2021,9,37.0,-122.0,0.426475,27.915563895967296,0.6980921136422088,2.506532136360204,0.1287290271785524,315.93631537786376,0,0
2021,9,37.0,-121.0,0.3651328125,34.30957964261376,0.22464768596819334,2.24438963572749,0.12922745545705155,357.3729913914576,0,0
2021,9,37.0,-120.0,0.3933171875,29.128460605939257,1.3352829181485504,2.0083903791351667,0.1661317924658457,733.3232916425914,0,0
2021,9,37.0,-119.0,0.2466421875,22.43440879980725,2.7435660512082904,0.9170893219681876,0.12078536715772414,352.6026828913018,0,0
2021,9,37.0,-118.0,0.12112031250000001,29.172323997815475,0.5876111016505092,0.72377256994958,0.013598280813958868,187.0421115309,0,0
2021,9,37.0,-117.0,0.143753125,29.021512786547362,0.7691291310720771,1.2694798498890536,0.020363759332232955,213.13311520498246,0,0
2021,9,37.0,-116.0,0.1376125,29.96287576357526,1.2549428419106334,1.1016653602594273,0.02629878951443562,200.2226656768471,0,0
2021,9,37.0,-115.0,0.1806046875,31.083585588137332,6.004529181950602,1.0301798526586878,0.04846991433037647,209.83367727603763,0,0
2021,9,38.0,-124.0,0.48474500000000004,22.793094109429262,6.451291000553283,2.919042647153205,0.14512994872199161,803.9927076548338,0,0
2021,9,38.0,-123.0,0.4239921875,28.29203577041628,2.131593056105885,2.4766402111464045,0.13476205567518867,597.2254406660795,0,0
2021,9,38.0,-122.0,0.367009375,32.54359656969709,3.2953718827002376,2.5145486825237646,0.1327093594604068,329.19949293136597,0,0
2021,9,38.0,-121.0,0.497559375,29.538200418154425,9.924582546659622,1.4620372165889457,0.19180936813354488,904.211922781542,0,0
2021,9,38.0,-120.0,0.38132343750000003,23.17742123603823,2.9271953889065117,0.8960685197310282,0.17848310305012594,564.7610013838857,0,0
2021,9,38.0,-119.0,0.165021875,26.93853149414065,0.3597469684564203,0.6789049796760214,0.03565054833889004,177.04516812227666,0,0
2021,9,38.0,-118.0,0.1217203125,27.201468181610128,0.4024334401719898,0.572841821974799,0.020688097675641337,202.786534326151,0,0
2021,9,38.0,-117.0,0.17541718750000002,26.00553467273714,0.7905942537718147,0.9415294187649722,0.030178820093472745,194.67959669418633,0,0
2021,9,38.0,-116.0,0.15364843749999998,27.682396030426048,1.3902337440185875,0.9681589717097102,0.058298294411765164,206.97348890826106,0,0
2021,9,38.0,-115.0,0.2258640625,26.9506126880646,12.159542754375252,1.1941314306217246,0.08342512647310889,200.9570988593623,0,0
2021,9,39.0,-124.0,0.65795,28.197219403584832,12.883740352549466,1.313953480556234,0.16101513240072457,988.283475395292,0,0
2021,9,39.0,-123.0,0.402675,31.783762510617592,3.730523508124861,0.6033052418243915,0.15657825966676073,841.8673445703462,0,0
2021,9,39.0,-122.0,0.4103046875,33.15340909163159,9.668483972632202,0.8962371394481483,0.16300243106153273,511.74809294752777,0,0
2021,9,39.0,-121.0,0.60379375,26.319681302706424,21.885853136041078,0.9210942770328664,0.2824268394046359,1135.2313212119043,0,0
2021,9,39.0,-120.0,0.285646875,26.891772071520514,1.9344090168260664,0.8098250777819318,0.10702037182119153,339.78651103097945,0,0
2021,9,39.0,-119.0,0.1191234375,29.49092115561169,0.31040503279200493,0.8530106740091499,0.01815682748953497,191.4645821088925,0,0
2021,9,39.0,-118.0,0.1774296875,26.139697400728874,0.8855949771486848,0.6123418291004491,0.039276889959971056,192.74400372523814,0,0
2021,9,39.0,-117.0,0.1985375,25.43257946968081,0.7788006831788152,0.7503676752206165,0.03624491029315519,189.17170399799943,0,0
2021,9,39.0,-116.0,0.205496875,25.644126025835696,0.7539618444525331,0.9984631171512486,0.05082872476842665,195.83072501700372,0,0
2021,9,39.0,-115.0,0.2220078125,25.47220733165743,10.887121424161705,0.9034046424826712,0.07402206659317011,221.0473269224167,0,0
2021,9,40.0,-125.0,0.6999666666666666,18.99859014440466,26.28438198471233,3.1978448779184627,0.17416989361798318,419.865754329496,0,0
2021,9,40.0,-124.0,0.6611984375,25.140232872962965,28.279711367645177,2.89231457415993,0.2393623527553346,843.5125952819362,0,0
2021,9,40.0,-123.0,0.442096875,31.04972712198896,13.049490392290863,0.2916839043039679,0.23715408245722447,815.1162780122831,0,0
2021,9,40.0,-122.0,0.5099359375,27.630392877260867,24.407058596693787,0.7866952797057939,0.2380497770176993,867.1528557315469,2,1
2021,9,40.0,-121.0,0.32790625,25.627592039108304,13.945163335733923,0.8062970888140444,0.1896541555722554,643.318590009585,0,0
2021,9,40.0,-120.0,0.1485203125,27.50904504458111,8.646755121731076,0.9136948889204416,0.043001583218574495,175.00347597524524,0,0
2021,9,40.0,-119.0,0.137553125,27.884870370229116,2.9239813947015136,0.9328948693070628,0.0264776276217566,184.13511314429343,0,0
2021,9,40.0,-118.0,0.16411875,27.34470440546674,1.80144572266272,0.7194942428393128,0.02551986608240335,171.1278042057529,0,0
2021,9,40.0,-117.0,0.1809109375,26.970189571380633,1.358786240302834,0.8227418076949246,0.030538835459285263,176.71718506608158,0,0
2021,9,40.0,-116.0,0.2092203125,25.603763596216854,1.2950269655220836,0.7961526821683765,0.10675378673606445,234.26815925631672,0,0
2021,9,40.0,-115.0,0.1844234375,26.471970454851814,2.9995773137443393,0.8843555861722318,0.04191044237878582,182.14061250910163,0,0
2021,9,41.0,-124.0,0.7328433333333334,23.5470015914352,53.488712250234336,1.3432628905721549,0.2568663531173894,769.0200549446874,0,0
2021,9,41.0,-123.0,0.548315625,26.404136554400154,27.759293900885496,0.4643664866317843,0.278173467848036,886.8099442915991,0,0
2021,9,41.0,-122.0,0.5302140625,26.80850579738619,24.386777650647673,0.7762189378604915,0.24167390399509003,744.1440836992115,0,0
2021,9,41.0,-121.0,0.329278125,25.274822378158593,31.744793864049825,0.780022655460517,0.1448246926069259,399.40646942704916,0,0
2021,9,41.0,-120.0,0.20572812499999998,24.86950096289319,16.72174908787838,1.1236883672495708,0.04091972576247317,172.63684351928532,0,0
2021,9,41.0,-119.0,0.15187343749999999,26.975427516301494,8.114151997574481,0.8756685712773604,0.02797785335116912,172.2683624830097,0,0
2021,9,41.0,-118.0,0.18885625,26.875094874699926,5.99294189930788,1.0845119201346067,0.034458856781323696,193.72638082131743,0,0
2021,9,41.0,-117.0,0.19265,25.61059383551282,6.029987350189003,1.4875691881824618,0.048953225877549876,211.0259069595486,0,0
2021,9,41.0,-116.0,0.20635,24.84153586228691,4.8113205619984,1.0965911653278393,0.07639578448401553,263.5130606358871,0,0
2021,9,41.0,-115.0,0.19226875000000002,25.7341942548752,3.5408605971269935,1.2169063215396765,0.05305968092547518,216.56706149224192,0,0
2021,10,32.0,-117.0,0.28122916666666664,23.716549630318934,21.952810456269845,1.49095103313237,0.10015351862035766,280.654976144433,0,0
2021,10,32.0,-116.0,0.1951333333333333,29.762260916925257,3.8703705568252644,1.6779729642125705,0.06216477258231045,245.8063515368849,0,0
2021,10,32.0,-115.0,0.16482499999999997,31.14592664780158,4.549287949913605,1.920587124400696,0.06317587757623318,245.39161240682006,0,0
2021,10,33.0,-119.0,0.28845,21.47862310101911,17.378624287658795,3.4169218674817503,0.09109401702880854,145.18724381923676,0,0
2021,10,33.0,-118.0,0.32892666666666664,23.75196890472086,24.672006698860592,1.5657405768852608,0.1128217861216555,230.91007247567177,0,0
2021,10,33.0,-117.0,0.26288333333333336,25.171870849978557,18.483280894571408,1.463217401353937,0.09306329040117156,296.2434428045526,0,0
2021,10,33.0,-116.0,0.13614999999999997,28.24535067927455,6.767803096437319,1.7630637600865324,0.03942634533810355,181.33960606064647,0,0
2021,10,33.0,-115.0,0.13887916666666664,29.714176004163704,4.431807427891954,1.6819651391612984,0.029398507007988506,210.5894898995757,0,0
2021,10,34.0,-121.0,0.39664166666666667,19.818611153223216,30.830125083440407,3.587845696943642,0.15513435743188342,288.1633465488752,0,0
2021,10,34.0,-120.0,0.3718621212121212,20.80776152028135,29.955806026093214,4.84551390112322,0.15001725901917237,511.15137886143094,2,1
2021,10,34.0,-119.0,0.2994974358974359,23.323527162108583,23.473478899275662,1.0172688808664625,0.11711525200548528,349.9658369005491,0,0
2021,10,34.0,-118.0,0.25129166666666664,24.424004657806915,20.25568507727371,1.4354134769462814,0.0801705637926696,257.62398343067616,0,0
2021,10,34.0,-117.0,0.1672958333333333,23.36215727098529,9.35333314467357,1.2026306460587834,0.06031445566044055,246.47476663812995,0,0
2021,10,34.0,-116.0,0.09316666666666662,26.640182782757694,10.622435706892475,1.1361977101606449,0.030692340545756792,145.91931947506964,0,0
2021,10,34.0,-115.0,0.11509999999999995,28.46118731191084,10.81725418683277,1.0371902338714214,0.036890162255174316,196.46604417357594,0,0
2021,10,35.0,-122.0,0.44331666666666664,21.02237958600446,47.39050170522319,1.443689456579227,0.17475629878300486,406.3792210072279,0,0
2021,10,35.0,-121.0,0.34876410256410256,22.371913763508534,33.84618245992754,2.080637337882281,0.17035437905495898,230.8326055510686,0,0
2021,10,35.0,-120.0,0.29026041666666663,24.494220667500667,25.959644458481534,0.9705606270247096,0.14503301664065285,233.7131827371195,0,0
2021,10,35.0,-119.0,0.2915041666666667,22.194262653781543,26.689484474474057,1.4933528922379322,0.13318795638699682,247.1944416174665,0,0
2021,10,35.0,-118.0,0.12672291666666663,23.526323790704065,9.273431488537653,1.6723496268937212,0.02123656965071149,134.50364815071225,0,0
2021,10,35.0,-117.0,0.09431249999999995,25.269877598362605,4.582076790967449,1.620823948212306,0.009773165628474193,139.12641326896846,0,0
2021,10,35.0,-116.0,0.1248708333333333,23.561322976696907,7.923606309333309,0.7063973279151086,0.02712636641276775,140.85609326139092,0,0
2021,10,35.0,-115.0,0.14113749999999997,24.778466535383675,17.193890168556436,0.832722617008584,0.04477646049632816,159.17253936640918,0,0
2021,10,36.0,-122.0,0.44920000000000004,21.162902672432992,58.607041143246896,1.5498379924155998,0.17135937713419194,260.91191900724715,0,0
2021,10,36.0,-121.0,0.2883208333333333,24.131354435028587,32.06258825142072,1.1243758933148555,0.17332729248590362,274.777133599855,0,0
2021,10,36.0,-120.0,0.34778125,25.912055472404752,49.58188742514835,1.0986990362628388,0.17568207075518943,299.713428132236,0,0
2021,10,36.0,-119.0,0.3736,16.533238206371212,66.49183690663563,0.5556130939017738,0.2207625527535715,336.00074076093733,0,0
2021,10,36.0,-118.0,0.13272708333333333,20.61720881462099,24.164124150985344,0.5174237176986547,0.0556807947415177,113.03925595711917,0,0
2021,10,36.0,-117.0,0.10427916666666665,24.345581965292673,9.064999168032273,0.5201080897135131,0.023541932464927712,129.29167854599655,0,0
2021,10,36.0,-116.0,0.1524458333333333,21.190493702119415,14.189889646360143,0.680799181757814,0.04251424824037854,134.4903315184638,0,0
2021,10,36.0,-115.0,0.1372645833333333,23.613138994093884,19.90509730879353,0.646067228232977,0.05023306768427607,139.35625413432717,0,0
2021,10,37.0,-123.0,0.5082083333333334,19.516148616421617,117.50962467979775,2.052052678907132,0.19461560377510645,273.6492487601936,0,0
2021,10,37.0,-122.0,0.44877500000000003,21.94565185475095,88.35348004901296,1.9463514189607345,0.19448972111534468,240.773611003533,0,0
2021,10,37.0,-121.0,0.37479583333333333,25.08835971278531,75.98337367292629,1.248219851585889,0.1834500146809444,221.30581620149314,0,0
2021,10,37.0,-120.0,0.40874583333333336,19.072826127083086,133.66337445680188,1.0134790593846483,0.2618091103210244,419.9501044349745,0,0
2021,10,37.0,-119.0,0.23412499999999997,12.30529645489111,79.79850307222591,1.1511197478256254,0.20751013550707084,179.23020536545664,0,0
2021,10,37.0,-118.0,0.1237708333333333,18.259475157337828,27.21981656853245,0.3203885181438103,0.06464844525501288,111.54794308822602,0,0
2021,10,37.0,-117.0,0.14034791666666666,18.409383161606357,18.90657515380667,0.6495238520822946,0.05401410018244093,132.520736544393,0,0
2021,10,37.0,-116.0,0.13944374999999998,19.052157666606302,19.6403497748463,0.4360935122427767,0.05656878057346545,120.56443654000759,0,0
2021,10,37.0,-115.0,0.1867708333333333,19.83366857344107,33.28739059273289,0.6492828535290212,0.10999629253982211,123.20750625804067,0,0
2021,10,38.0,-124.0,0.5238,18.09103711035947,198.7472228779533,1.7576798639723734,0.23871351877848307,587.0020502557358,0,0
2021,10,38.0,-123.0,0.4596541666666667,21.430792265553645,158.62708188709007,1.9530378272687925,0.2168126336989864,385.7445103349164,0,0
2021,10,38.0,-122.0,0.38686458333333335,23.587903371933987,151.3972252060114,1.5008325467854229,0.21069407142618646,212.25823438726366,0,0
2021,10,38.0,-121.0,0.51863125,20.12713207275639,219.62485880706595,0.6908466210201805,0.27742098480142574,530.003797612153,0,0
2021,10,38.0,-120.0,0.3702708333333333,11.82741490794768,159.7868662711619,1.1699547839435915,0.31281081322700743,260.29782358091325,0,0
2021,10,38.0,-119.0,0.16237291666666664,15.935548447024463,64.62621455196427,1.0967304301234428,0.13346856063412077,94.47551378980279,0,0
2021,10,38.0,-118.0,0.12114374999999997,16.35218696748059,31.23774634789811,0.422944611308673,0.0791440247207559,117.92852287180722,0,0
2021,10,38.0,-117.0,0.1786583333333333,15.12787371604676,30.123096882590517,0.797509981686281,0.08235094592135436,110.02783325966448,0,0
2021,10,38.0,-116.0,0.15602499999999997,16.168801533791346,27.66994432661818,0.5701903206758367,0.11641518018578965,114.59866736549884,0,0
2021,10,38.0,-115.0,0.23299374999999997,14.735897090358147,45.59648105990277,1.2103662326304814,0.22395367455738843,100.77055671717972,0,0
2021,10,39.0,-124.0,0.6576291666666667,19.494901737090103,214.15599225204573,0.6336836370167317,0.2562797325913624,558.0871414858848,0,0
2021,10,39.0,-123.0,0.41935208333333335,21.10622084832963,148.1288613204299,0.6612017974137737,0.2404298154256677,461.59484051167965,0,0
2021,10,39.0,-122.0,0.41115625,22.754123590838546,184.8038118251054,1.0761056445149872,0.2395949921300334,299.83404418453574,0,0
2021,10,39.0,-121.0,0.6039020833333334,15.67997512817385,267.5851010635881,1.0732373073555976,0.3759080270926157,573.7520426046103,0,0
2021,10,39.0,-120.0,0.27917499999999995,15.22330985838369,135.1927854039161,0.993650109246095,0.23109050527695682,160.79874604474753,0,0
2021,10,39.0,-119.0,0.11814583333333331,18.00908398935874,67.19967116717385,0.7943600937410129,0.12369640155505104,96.1954842787236,0,0
2021,10,39.0,-118.0,0.1835583333333333,14.774696860774895,59.18631678562747,0.7334760510097105,0.15404777981901677,93.65545806940645,0,0
2021,10,39.0,-117.0,0.20210416666666664,13.79704737201816,53.65047277066992,1.0234082989803657,0.13752015111266921,93.0010478477925,0,0
2021,10,39.0,-116.0,0.2076208333333333,13.422273985032131,50.389903123715385,1.179411256225591,0.17040039038145413,94.90121633280069,0,0
2021,10,39.0,-115.0,0.2208770833333333,12.956885471651656,57.24940587882088,1.1474898755924583,0.23287884426373304,97.96244360040873,0,0
2021,10,40.0,-125.0,0.7279222222222222,15.443904338002634,163.43697591696898,0.81290577754283,0.2788834019231397,330.92602549327745,0,0
2021,10,40.0,-124.0,0.68835625,16.747417306900054,192.78973060775684,0.7403395123408801,0.3330153713944138,455.8945985045284,0,0
2021,10,40.0,-123.0,0.48103958333333335,19.781139899838372,192.6147602416961,0.5965852059874792,0.3251291221828871,415.95305397640914,0,0
2021,10,40.0,-122.0,0.5337729166666667,16.788809102581418,186.15428357500718,1.05060826352428,0.31886901041512844,453.86063563637435,0,0
2021,10,40.0,-121.0,0.34695624999999997,14.43441812761371,137.00468069058047,1.1081462285129442,0.27607937461586407,322.53586663864553,0,0
2021,10,40.0,-120.0,0.15442916666666665,16.10367637603516,102.38945180665837,1.1281852008255076,0.14155910925198623,88.76689686439931,0,0
2021,10,40.0,-119.0,0.1440958333333333,16.386810528847505,72.44708644341813,1.2328643178076866,0.1212295107944037,92.05150278285146,0,0
2021,10,40.0,-118.0,0.17289999999999997,15.714186256162613,80.71863953139768,0.8735362928541546,0.1538253138142247,79.73354286514223,0,0
2021,10,40.0,-117.0,0.1863145833333333,14.992391989308047,75.90626714866744,0.9349950746187878,0.1614730822783644,79.44738992955536,0,0
2021,10,40.0,-116.0,0.21269374999999996,12.923416871409287,84.83951491419361,1.1468517050827776,0.29687507658876394,92.85215428099036,0,0
2021,10,40.0,-115.0,0.1854583333333333,13.69967265590547,61.54915806021677,1.3739643084399769,0.22038290545504577,76.64292945992202,0,0
2021,10,41.0,-124.0,0.712268888888889,15.331468299127414,194.0794630256764,0.6829808011038992,0.35915737368584816,396.67019790245433,0,0
2021,10,41.0,-123.0,0.5561791666666667,15.22305165106252,194.41359233226763,0.5528186442906043,0.3589865757573035,420.4839008161798,0,0
2021,10,41.0,-122.0,0.5377291666666667,15.664517821035105,161.29497787099467,1.5324423068870217,0.3202923542709761,361.055503715761,0,0
2021,10,41.0,-121.0,0.3356395833333333,14.349672259053904,108.67825452353941,1.6350438752600986,0.22790976012906716,202.6890687411651,0,0
2021,10,41.0,-120.0,0.20666458333333332,13.604470671376898,90.18023031879352,1.9996076716597009,0.15137891070817103,83.67457380518317,0,0
2021,10,41.0,-119.0,0.15882291666666665,15.738644679900162,70.54359721135484,1.2333089701029183,0.12998537831409,82.10061059799045,0,0
2021,10,41.0,-118.0,0.1974145833333333,15.411653129516136,79.03576641459154,1.5240232078638052,0.16235177459255337,89.57626798655838,0,0
2021,10,41.0,-117.0,0.20370416666666666,13.851374567708682,81.2109834432988,2.3281043933869223,0.1800895970995708,95.89706163387746,0,0
2021,10,41.0,-116.0,0.20956666666666662,12.5501172573336,86.32819237303124,1.1166567181613472,0.24916992136227184,108.49619132932276,0,0
2021,10,41.0,-115.0,0.19674791666666663,12.844943457265074,68.71898564625667,1.0692669946688382,0.24703215943869716,86.52032329700887,0,0
2021,11,32.0,-117.0,0.28031875,23.531594276428237,0.3458079961333737,1.0200546006267384,0.06819637484020652,258.9266267605126,0,0
2021,11,32.0,-116.0,0.20271875,27.648611783981345,0.05065790239910934,1.3105868082792174,0.054634134636984875,178.96656575612724,0,0
2021,11,32.0,-115.0,0.180165625,28.824922657012955,0.06012433070878838,1.73883776507813,0.052902811765670715,184.9553706124425,0,0
2021,11,33.0,-119.0,0.2897,20.890467071533234,0.8014966813121305,1.5697835082751317,0.07066496743096246,101.48640535771847,0,0
2021,11,33.0,-118.0,0.3351425,23.81945156945124,0.28940014713943657,0.8153971560028068,0.08052954638445813,201.3967181245486,0,0
2021,11,33.0,-117.0,0.2678890625,24.740248529116343,0.1040219874326453,1.0692050065864351,0.06660847498310933,264.13629832677543,0,0
2021,11,33.0,-116.0,0.14309531250000002,26.457790191968307,0.049633680397675954,1.5827770869994602,0.027972222036785507,129.0190095314756,0,0
2021,11,33.0,-115.0,0.142165625,27.32539719740552,0.05836785633306357,2.125558700345731,0.018563418255911887,154.42128642462194,0,0
2021,11,34.0,-121.0,0.41828750000000003,20.25415285958185,3.7935368485643535,3.163029610368693,0.18019031506997557,229.70753023400903,0,0
2021,11,34.0,-120.0,0.3850113636363636,20.645003478695674,0.9187866561461102,2.707018163876901,0.1532217483327846,405.9723771995668,0,0
2021,11,34.0,-119.0,0.30668076923076926,22.891006248017682,0.2773763237559096,1.3484030288589244,0.1003501424762258,298.6358672571488,0,0
2021,11,34.0,-118.0,0.24999375000000001,23.80461307366691,0.1683363304678664,0.8991223259528476,0.05983123613728414,223.036632174626,0,0
2021,11,34.0,-117.0,0.164990625,22.141336107254045,0.09031338479559277,1.7003420274190293,0.05104621880584288,197.9226547991857,0,0
2021,11,34.0,-116.0,0.0932453125,24.712584026654582,0.06465754334072922,1.7339815963870835,0.01746385395526882,103.75946294516325,0,0
2021,11,34.0,-115.0,0.1157984375,26.151160160700503,0.05487376686374996,2.0292444961824105,0.024107953574922313,142.63836422469467,0,0
2021,11,35.0,-122.0,0.5120750000000001,20.32550220489506,7.090677049497174,1.6244154224963447,0.24355170461866588,275.4418635740876,0,0
2021,11,35.0,-121.0,0.37943076923076924,21.460285904061116,3.6977173195139175,2.352972997270218,0.1964663290909552,174.4023409600441,0,0
2021,11,35.0,-120.0,0.295865625,20.923229146003738,2.824960051590608,1.1173030390109622,0.14732248253292504,129.9000474391505,0,0
2021,11,35.0,-119.0,0.3058953125,19.96358085473381,1.629575629273461,1.42608544304454,0.13152049183845516,164.5207063993439,0,0
2021,11,35.0,-118.0,0.12807968749999998,21.98175038496656,0.10747696135382508,1.2474749977757733,0.0234373572799894,89.12244183011353,0,0
2021,11,35.0,-117.0,0.09415781250000001,22.986145242055283,0.11761301059465264,1.1635017456486023,0.019818876187006583,90.37979412823915,0,0
2021,11,35.0,-116.0,0.124578125,21.67990744113925,0.06706384804289196,1.9644073173361896,0.021161828769577836,96.86839766800404,0,0
2021,11,35.0,-115.0,0.140321875,22.63424349625907,0.06616512175838801,2.3153297432111195,0.02552879618273837,117.14058206416667,0,0
2021,11,36.0,-122.0,0.48096590909090914,19.6548996896455,10.48994168134652,1.765932300167807,0.23099150994811393,177.94200433700374,0,0
2021,11,36.0,-121.0,0.3060234375,20.87783950964612,6.252028521636532,1.187342229316033,0.19349293112754817,156.26241895370185,0,0
2021,11,36.0,-120.0,0.362034375,21.10488323370618,5.779430045301126,1.108632911241401,0.20634390579329592,155.18018160946667,0,0
2021,11,36.0,-119.0,0.3899703125,14.825720222791052,9.137748050058292,1.006213112303465,0.28961502247386506,227.03855147119612,0,0
2021,11,36.0,-118.0,0.13581875,18.908220783869453,0.2938117911313043,0.7102196547619845,0.035897388723161436,71.38522819150239,0,0
2021,11,36.0,-117.0,0.10500625,21.909358183542913,0.11188700657527303,1.125089384503933,0.02067801356315608,82.60198635980487,0,0
2021,11,36.0,-116.0,0.158496875,19.581538359324163,0.23390982162396765,0.9340652508784436,0.02843504514959119,92.71325031295419,0,0
2021,11,36.0,-115.0,0.14015,21.42565265496575,0.23301388930718755,1.2996552518460684,0.02828513085842127,95.23430978879333,0,0
2021,11,37.0,-123.0,0.5380125,17.35668258666996,26.59046604160409,1.4156642807550557,0.3243893927998013,146.9488712027669,0,0
2021,11,37.0,-122.0,0.5211359375,18.536378924051945,19.615559303377477,2.344992596161415,0.28794232297826694,135.83668612409383,0,0
2021,11,37.0,-121.0,0.4356078125,19.618362959226,10.478986435124682,1.2033195039284568,0.24622318214840355,103.41682308353484,0,0
2021,11,37.0,-120.0,0.4587609375,16.223795032501243,15.950281413758205,0.9853715823325684,0.34154822164111664,260.484388563782,0,0
2021,11,37.0,-119.0,0.22352968750000002,10.785880144437176,9.091641063356803,1.060421523285584,0.31786758601665493,113.48136235028505,0,0
2021,11,37.0,-118.0,0.126209375,16.680142148335793,0.19327505354027605,0.9452089152779996,0.044167256355285595,66.71642209403217,0,0
2021,11,37.0,-117.0,0.1398046875,16.98551051616671,0.31861454110782,1.0982601111885064,0.03500433100594409,84.68417916446924,0,0
2021,11,37.0,-116.0,0.1422359375,17.63216020266217,0.4995521237347589,1.1208217552921615,0.03301874895890548,80.27978311292827,0,0
2021,11,37.0,-115.0,0.1955796875,18.587995227177963,0.6640260187182889,1.5083685059752685,0.055029616090986416,88.71356095187366,0,0
2021,11,38.0,-124.0,0.60833,16.46128895229766,66.5100370613132,1.809232873220601,0.3606306167885108,298.32712536056835,0,0
2021,11,38.0,-123.0,0.54783125,18.256041653951034,44.68279006753306,1.2496333778108213,0.34381713403595815,181.88259401358664,0,0
2021,11,38.0,-122.0,0.47629375,18.262955149014818,26.25114075701873,0.7039061787770877,0.323379134800699,92.36862801481038,0,0
2021,11,38.0,-121.0,0.5669968750000001,16.809807682037377,31.313254273051427,1.0912048039565236,0.3756704121828079,302.7234178734943,0,0
2021,11,38.0,-120.0,0.36649375,10.523976500829082,17.100264791885422,1.2237263685868915,0.434733854399787,169.479736010544,0,0
2021,11,38.0,-119.0,0.1606203125,13.872561685244264,2.488964012378858,1.200677692875428,0.17412805093659292,50.93336966820061,0,0
2021,11,38.0,-118.0,0.1216875,14.24759612083437,2.392909264678167,0.8464988451478559,0.06112986703713729,67.58632150013,0,0
2021,11,38.0,-117.0,0.18331875,13.512582453091962,1.8497135103885398,0.7500288507810782,0.06664306653870472,64.12870180793107,0,0
2021,11,38.0,-116.0,0.160534375,14.646272706985492,1.2203687881324754,0.7216029387868558,0.09274397095044448,70.64435991924256,0,0
2021,11,38.0,-115.0,0.242996875,14.077459780375186,1.3146246862802968,0.6114984298985635,0.11655141943030882,71.86754257418215,0,0
2021,11,39.0,-124.0,0.674621875,17.059610398610445,72.27827562812905,0.7361419827047554,0.36975334419144523,275.04326961934566,0,0
2021,11,39.0,-123.0,0.479846875,17.486657317479466,49.75689925115745,0.9857638509094624,0.35780953764915463,235.8988963533193,0,0
2021,11,39.0,-122.0,0.460040625,18.20504908561709,42.50921542618613,1.1279395902415454,0.3468160549799601,140.4187974985689,0,0
2021,11,39.0,-121.0,0.6078609375,14.062630033493065,50.51611527662914,1.090135970511654,0.4508280482557085,342.1015744097531,0,0
2021,11,39.0,-120.0,0.2841484375,12.489856505394005,8.023748182246493,0.7534697348841664,0.350535707672437,86.50272607337683,0,0
2021,11,39.0,-119.0,0.120296875,14.695989076296506,1.9812949546818004,0.3392630960644044,0.1180022713210847,52.258484181948006,0,0
2021,11,39.0,-118.0,0.1928578125,12.693078994750998,5.059983356410669,0.5006874799649098,0.1420150306489732,55.94963941257447,0,0
2021,11,39.0,-117.0,0.2091796875,11.872337547938052,7.600217134246634,0.7287130667152032,0.16276249157057865,53.39184321928769,0,0
2021,11,39.0,-116.0,0.213584375,11.365021427472456,7.141367307418989,0.6850419437314338,0.22256202797094976,53.36740054190159,0,0
2021,11,39.0,-115.0,0.223403125,11.563274097442651,4.663739361355113,0.7729921000034813,0.21039559278223247,65.08466019295156,0,0
2021,11,40.0,-125.0,0.75815,14.486348328767027,101.43196754330337,0.868363605579258,0.3716088624648106,230.62911381324133,0,0
2021,11,40.0,-124.0,0.7034921875,14.596735509236673,106.1802581032012,0.947443704759942,0.4174114475647608,233.86461718473583,0,0
2021,11,40.0,-123.0,0.53405625,15.865543659528118,81.08090656671862,0.9092996434057168,0.4311497393581602,190.36279630381614,0,0
2021,11,40.0,-122.0,0.5633671875,13.440004984537786,54.568585947642134,1.1871877597992413,0.4147724618514379,225.91445199213922,0,0
2021,11,40.0,-121.0,0.368203125,10.027892867724116,15.419294599929856,1.1743587053799596,0.39582232799794936,138.18602182436734,0,0
2021,11,40.0,-120.0,0.1639046875,10.64345536231998,6.269603277111457,0.7563687121002169,0.263049124346839,36.241641733795404,0,0
2021,11,40.0,-119.0,0.1529609375,11.641013105710368,6.111951785648273,0.8637664677298716,0.18654527167479196,41.8327086372301,0,0
2021,11,40.0,-118.0,0.186490625,11.399319092432684,8.74955813262801,0.5378076547932502,0.225331727332539,36.663149134255946,0,0
2021,11,40.0,-117.0,0.2017484375,10.973447092374187,11.686957914868401,0.6652876642611779,0.26381538609663646,37.17536013573408,0,0
2021,11,40.0,-116.0,0.2260796875,9.662369155883816,18.254147617632555,0.9406394442503206,0.4115486562252044,49.341409117914736,0,0
2021,11,40.0,-115.0,0.18484375,10.602439419428528,13.158373076954888,1.2395983409407725,0.2688776486449771,38.55964937247336,0,0
2021,11,41.0,-124.0,0.7189883333333335,13.18529624938967,123.10455306709416,1.1088150300750603,0.42903223120136025,217.18649495806957,0,0
2021,11,41.0,-123.0,0.57591875,11.57802137533826,81.1358799771611,0.6679697523219088,0.4533135069741143,182.74189706426114,0,0
2021,11,41.0,-122.0,0.547821875,11.604305386543299,52.088133067378806,1.3565192587937327,0.4268204742007785,156.21701476629823,0,0
2021,11,41.0,-121.0,0.3498515625,10.478153371810937,20.58109362472038,1.4693576439210212,0.33147621552149453,98.46885607112199,0,0
2021,11,41.0,-120.0,0.2080078125,9.250664091110252,10.949783500770138,2.1095604698419232,0.2799055165714687,37.334897089749575,0,0
2021,11,41.0,-119.0,0.156815625,10.511464182535828,8.157888668144153,1.3242870065771013,0.22226958539750838,35.72274639736861,0,0
2021,11,41.0,-118.0,0.2072296875,9.99174071947736,10.473388255128668,1.612105978797707,0.25049769547250533,37.925429875031114,0,0
2021,11,41.0,-117.0,0.2194375,9.145138732592287,16.250165652969883,2.684345589259391,0.2878124511904186,43.409436591900885,0,0
2021,11,41.0,-116.0,0.22043437500000002,8.562883392969795,19.552289050558613,1.3141366261656522,0.3753385778930452,54.53688441775739,0,0
2021,11,41.0,-115.0,0.20546562499999999,8.935193554560374,17.79494668219428,1.3362549590648656,0.31563127173317795,41.76998313050717,0,0
2021,12,32.0,-117.0,0.302109375,15.583406359149585,88.17897066323255,2.0384301626545915,0.1909727941277206,141.33031945675611,0,0
2021,12,32.0,-116.0,0.215996875,20.187991529895434,17.310961427522642,1.847404320150798,0.08907098411231908,122.68034229055047,0,0
2021,12,32.0,-115.0,0.201978125,21.209387982276205,12.719012143445951,1.3180286243283863,0.07225439240855552,130.83766144700348,0,0
2021,12,33.0,-119.0,0.299425,15.546952450660001,122.74988954736088,2.8529700798029523,0.20824202158117805,74.89129528403282,0,0
2021,12,33.0,-118.0,0.3480175,15.962465946648724,150.4564668036828,0.9306276371160546,0.23556464017505713,103.15766793986161,0,0
2021,12,33.0,-117.0,0.2792796875,15.775432874310425,90.1367420315573,1.7395775712551098,0.18348577907008506,132.26505741477013,0,0
2021,12,33.0,-116.0,0.151234375,18.415145461790043,16.579352131468994,1.6076459232827058,0.060116391348582404,82.95329962857068,0,0
2021,12,33.0,-115.0,0.1445828125,19.402632278011712,15.896472426486952,1.4359429233758425,0.04800188573457856,105.00928072724491,0,0
2021,12,34.0,-121.0,0.46868750000000003,14.277722079779565,158.17863366726334,1.839570437772865,0.2746155330357159,168.18317600215477,0,0
2021,12,34.0,-120.0,0.4157840909090909,13.237283157393408,149.82920207327626,3.151231722858803,0.263942756105922,211.71569829863128,0,0
2021,12,34.0,-119.0,0.31718076923076927,13.914966361122376,165.35274831618472,1.3179688359697317,0.23786382449044646,144.25074118070114,0,0
2021,12,34.0,-118.0,0.2544515625,14.42105366645323,145.55652327684854,1.902693312116804,0.21408907828792445,105.88881047442555,0,0
2021,12,34.0,-117.0,0.1638328125,13.265453910827667,56.91079590318893,1.562268787112888,0.14570766559211154,101.37651220429689,0,0
2021,12,34.0,-116.0,0.094509375,16.044353288219842,12.737149650586588,1.260664115594369,0.04572298289627152,61.48660718463361,0,0
2021,12,34.0,-115.0,0.117565625,17.936660538950296,16.90331781132315,0.9056724467321984,0.05716924609676479,91.24323085416108,0,0
2021,12,35.0,-122.0,0.5962125,13.970793188771895,185.05750996841286,0.6628567169636014,0.31147445145473684,187.33918480575085,0,0
2021,12,35.0,-121.0,0.4337115384615385,14.228566013080638,149.39324829146864,0.7373372238332309,0.29068243966997903,100.50876228473125,0,0
2021,12,35.0,-120.0,0.3232265625,14.235322747692006,94.53500881640409,0.9346084692819736,0.27498908453090215,76.12898061051965,0,0
2021,12,35.0,-119.0,0.321484375,11.82847746264552,124.86076149938796,1.4706861213802949,0.2614212398247052,84.68695380724967,0,0
2021,12,35.0,-118.0,0.1268875,12.414712178322603,61.167747525853855,1.6410690535666057,0.1518277375287907,47.32017277274281,0,0
2021,12,35.0,-117.0,0.096028125,13.62345776557925,32.944563355652434,1.8206396285662627,0.10777454414675308,49.82170381117612,0,0
2021,12,35.0,-116.0,0.1275109375,12.715587757479781,27.437074154970986,1.1925440323398728,0.09312849403709489,52.702259621582925,0,0
2021,12,35.0,-115.0,0.1431625,13.90115181399933,34.652440853772504,1.3573166480028154,0.11138856571207759,64.71554166637361,0,0
2021,12,36.0,-122.0,0.5224068181818182,13.268243725162357,182.8628645206999,0.7422530853792134,0.301689925431506,123.73295488456884,0,0
2021,12,36.0,-121.0,0.336659375,13.764130833841161,103.13311735948716,0.8359619616814126,0.29402377784893075,91.94547415245324,0,0
2021,12,36.0,-120.0,0.3890796875,14.556501037843791,152.26058061083947,0.5756071869402369,0.2952881522717014,86.86162263620645,0,0
2021,12,36.0,-119.0,0.330978125,6.320361848031347,242.86749614251949,0.963094422646454,0.32755013979891295,101.12108162138611,0,0
2021,12,36.0,-118.0,0.12233125,8.941429110496301,79.48318756966088,0.7377649156868983,0.1788993333616564,30.532304663211107,0,0
2021,12,36.0,-117.0,0.10638125,12.093291847167496,45.69306019542907,0.8922680198158309,0.14093239012584888,38.8665609061718,0,0
2021,12,36.0,-116.0,0.1566265625,9.954973816102576,42.92251965811644,1.156379734562779,0.1458882827271697,43.817004770971835,0,0
2021,12,36.0,-115.0,0.1430875,12.58018065575633,38.23902718572114,1.2860814636944833,0.13007618246539943,51.576582714915276,0,0
2021,12,37.0,-123.0,0.5758687499999999,12.719583375992329,177.9456299714575,0.9686987866392353,0.3519674693384478,134.7004328854382,0,0
2021,12,37.0,-122.0,0.6010140625,13.033824426384406,173.01471986036296,1.1372224048145074,0.3293121487009055,106.22073709964752,0,0
2021,12,37.0,-121.0,0.5079296875,13.649299986131748,157.9804718945006,0.9367665047378256,0.31089549423545915,67.36980588175356,0,0
2021,12,37.0,-120.0,0.45641718750000004,8.524281220282298,313.98960510118104,1.4715677393239164,0.37615853067367305,129.58073860500008,0,0
2021,12,37.0,-119.0,0.1462453125,1.1847315326813899,225.37379762938417,1.66678969975988,0.29909322242583,46.1508926237002,0,0
2021,12,37.0,-118.0,0.10489375,4.4085148949777135,70.05080771481786,0.8102657866545272,0.12486940622329708,21.35946915950626,0,0
2021,12,37.0,-117.0,0.1264125,5.5952119242760645,50.0300461876968,0.7188536043572488,0.140493570796905,33.40378846041858,0,0
2021,12,37.0,-116.0,0.13871406249999998,6.503810162698091,45.18006956054066,0.4953350809278373,0.16049946732418507,32.68844273407012,0,0
2021,12,37.0,-115.0,0.18206875,8.501322349425301,77.42797843961213,1.171311210007155,0.21992298319775566,37.87940496113151,0,0
2021,12,38.0,-124.0,0.6616850000000001,11.183037173363482,174.04112260017092,1.2009169867699625,0.3708852894417274,291.4824090898037,0,0
2021,12,38.0,-123.0,0.6406265625,12.266282369244504,151.35374087689613,1.0564094668662438,0.36095784075798526,126.48386647924781,0,0
2021,12,38.0,-122.0,0.5725859375,12.764093125251055,190.1942610725591,1.470295568167946,0.3561531154699223,63.045279239304364,0,0
2021,12,38.0,-121.0,0.57930625,9.583068212386124,346.05916524155236,1.4413685848106073,0.40020240827273296,165.4831483028829,0,0
2021,12,38.0,-120.0,0.2458546875,1.4853714543004415,294.4901034220884,1.8191148565755155,0.4086081119634771,73.5865441383794,0,0
2021,12,38.0,-119.0,0.1036265625,2.1385100456976325,91.48116484133695,1.760036689002376,0.19036651779246583,12.694224948063493,0,0
2021,12,38.0,-118.0,0.07250781249999999,1.4704133418298788,57.85900428740476,1.5636357485628087,0.09728651918390742,17.815190483815968,0,0
2021,12,38.0,-117.0,0.1286796875,1.4584151268005634,60.1904588270763,1.134316469413484,0.0875202353282641,15.683811390772462,0,0
2021,12,38.0,-116.0,0.1272703125,2.39498882447522,59.659158157540304,0.7449483879865505,0.16783599988106757,18.970888922922313,0,0
2021,12,38.0,-115.0,0.161021875,2.1396386500328077,85.15369198134337,1.92724539117598,0.16300240992217932,15.993270790204406,0,0
2021,12,39.0,-124.0,0.681109375,10.057512055673932,213.12939356861804,0.2902174863464382,0.3799108587285524,174.7972124721855,0,0
2021,12,39.0,-123.0,0.5430453125,10.634861003198946,155.3153254076669,0.8521937912360728,0.37200537580315785,135.69617562461644,0,0
2021,12,39.0,-122.0,0.5020171875,12.089457499596403,235.23122658802365,1.2968123059546464,0.36922073492439844,84.49732966255397,0,0
2021,12,39.0,-121.0,0.4721328125,5.648973944879366,447.73059296271003,1.5736550574118435,0.4514971006942051,160.99714941810817,0,0
2021,12,39.0,-120.0,0.214615625,3.9424349369541503,171.9045204095373,1.431850652068241,0.37379915643763795,36.54103446751833,0,0
2021,12,39.0,-119.0,0.113396875,5.505071819982241,69.24000340363179,1.6088265871596088,0.21526572364632798,20.623538293875754,0,0
2021,12,39.0,-118.0,0.124921875,1.1142978545158364,78.3600716836581,1.7346593210767935,0.1517605521986561,11.739940266124904,0,0
2021,12,39.0,-117.0,0.124240625,0.23578986352492493,66.14129738731478,1.8464053618619405,0.11760730416544017,11.722247581928968,0,0
2021,12,39.0,-116.0,0.12324062499999999,0.09664344326144558,63.125308182446105,2.2950784559163004,0.1341347152827888,12.234674650244415,0,0
2021,12,39.0,-115.0,0.1451296875,0.7562531686598426,73.52503742871974,2.168969544076913,0.15822442789231575,17.315835691988468,0,0
2021,12,40.0,-125.0,0.7044666666666668,10.18077075917237,223.6408616815007,0.4565194512543445,0.3826882477444702,222.93649655249382,0,0
2021,12,40.0,-124.0,0.5970234375,8.004548568110327,251.66867840884422,0.5902359583001473,0.42175695812830355,155.78446921426803,0,0
2021,12,40.0,-123.0,0.5422328125,9.184896972102528,200.07183663396333,0.78825016509954,0.4357464585893897,117.48165509197861,0,0
2021,12,40.0,-122.0,0.4946125,6.042115799073272,276.230899662135,1.4567981129950538,0.4081882834434509,131.0629395302385,0,0
2021,12,40.0,-121.0,0.23895,2.334951972961452,177.60264458915387,1.4154937794454698,0.3755263096542768,75.48101712018251,0,0
2021,12,40.0,-120.0,0.12185625,3.6128961763074585,87.01471988892351,1.6364062455591126,0.2796872527368607,12.972128693945706,0,0
2021,12,40.0,-119.0,0.1260953125,3.751900006878788,67.71393334342335,2.101614738176519,0.22010738618912232,15.394012909382582,0,0
2021,12,40.0,-118.0,0.141478125,1.770318211278635,72.16061679495667,1.4640226465316448,0.22374327208406178,9.81629965826869,0,0
2021,12,40.0,-117.0,0.1411390625,0.6579947733110245,62.97161830438469,1.859156628373525,0.23718106682582565,10.545961209572852,0,0
2021,12,40.0,-116.0,0.13239375,-0.12216498467227055,67.40702669916843,2.0718830001990267,0.36717923289986065,20.30122058931738,0,0
2021,12,40.0,-115.0,0.1331984375,1.591638468157882,40.04739671794866,2.5033067407997143,0.20609006926577575,15.200060675852,0,0
2021,12,41.0,-124.0,0.6047866666666667,6.807102329158457,284.31536852127937,1.3838151784336865,0.42585195760145833,153.40829094250998,0,0
2021,12,41.0,-123.0,0.469634375,4.460462750158026,210.26124367339705,0.82261712036062,0.4358552059819621,102.37161896657199,0,0
2021,12,41.0,-122.0,0.4241078125,3.970914912992928,197.52057785948907,1.7212546729783187,0.407313831390873,85.50793817266822,0,0
2021,12,41.0,-121.0,0.2270625,1.93255753209516,131.31111864781175,1.8852610869706967,0.3003090479040659,45.44948355760425,0,0
2021,12,41.0,-120.0,0.11830625,0.9033591854956953,97.2333339027891,2.841832805343533,0.24858748752583734,11.079048970714211,0,0
2021,12,41.0,-119.0,0.1066109375,2.8383573978178163,69.67914877308701,1.8504679793500003,0.22259215001137023,15.111314016394317,0,0
2021,12,41.0,-118.0,0.147346875,1.6538998880694145,73.25755343621765,2.3906582731893065,0.23368833590579285,14.823493780568242,0,0
2021,12,41.0,-117.0,0.11091875000000001,0.30476937294008977,65.0787926729599,4.099787088904697,0.24900134180181765,19.138947245664895,0,0
2021,12,41.0,-116.0,0.11285625,-0.2134451989204394,64.51253038680349,2.0930976081870174,0.33505487025424996,26.407908415421844,0,0
2021,12,41.0,-115.0,0.1265640625,0.5940410352522569,38.01309950499032,2.1302729942618184,0.2683743369835679,18.866209080442786,0,0
2022,1,32.0,-117.0,0.336696875,17.302880936284247,7.938585990395097,1.406459750034587,0.19582987280302144,184.0771862771362,0,0
2022,1,32.0,-116.0,0.222659375,20.82588736011138,0.6782184832800908,1.5274855550140345,0.08354485163124653,144.38587939366698,0,0
2022,1,32.0,-115.0,0.2032875,21.937180306834584,0.4561974679191394,2.538687763224311,0.0740683213357002,162.78416733257473,0,0
2022,1,33.0,-119.0,0.33225,17.108033998550926,9.57367573986545,1.411254071341398,0.28066390560519305,65.85527025163174,0,0
2022,1,33.0,-118.0,0.3856075,18.458208014375447,13.757445897262244,0.9943886466714033,0.2769567029877803,125.46999429663022,0,0
2022,1,33.0,-117.0,0.2957515625,17.950205575266214,6.656231988507955,1.3607783653765866,0.1821116289143921,179.4009964214638,0,0
2022,1,33.0,-116.0,0.1485953125,19.984858623627712,0.27961812569543554,2.185207532039192,0.04958936700256917,104.2903724592179,0,0
2022,1,33.0,-115.0,0.140546875,20.42411666070264,0.6241146952916665,3.050002913342874,0.04177613508316774,131.7914283135906,0,0
2022,1,34.0,-121.0,0.5499625,16.518446766432916,5.61805353621736,2.90882279438433,0.29860301641580445,180.08738259474435,0,0
2022,1,34.0,-120.0,0.4682227272727273,15.830497048863709,6.47076596627727,2.248877358690087,0.29833151984191475,292.5579828972166,0,0
2022,1,34.0,-119.0,0.3464076923076923,16.376541941021987,9.844122788868832,1.9793948346433752,0.28327313092644296,193.23676843673755,0,0
2022,1,34.0,-118.0,0.2676,16.653551973835132,10.90418272773519,1.4239383343132428,0.25076763027457777,140.38521784823388,0,0
2022,1,34.0,-117.0,0.1650578125,14.99466682557139,4.55792578990355,2.2573538619651337,0.12899586942888072,137.6001825556159,0,0
2022,1,34.0,-116.0,0.092996875,17.927293226795836,1.0417174094428105,2.437989214061556,0.029652284037682268,86.94779151119292,0,0
2022,1,34.0,-115.0,0.113828125,19.223906989251432,1.6948762827624364,2.9767839201555275,0.0445510751457624,124.547578394413,0,0
2022,1,35.0,-122.0,0.6389,16.635854647236528,0.6848527596403642,1.5635697608678951,0.31940537883389375,197.48976919800043,0,0
2022,1,35.0,-121.0,0.5011326923076923,17.04295266327335,1.268267870355289,2.156240623188934,0.3059950567718245,125.05273850491413,0,0
2022,1,35.0,-120.0,0.3901890625,15.840597794132876,2.5228451018293185,1.1493122295664262,0.30741672362050704,95.48375895246863,0,0
2022,1,35.0,-119.0,0.35638125,13.753286956971714,5.047126371700017,1.7249769749158808,0.3052765903293445,109.77977479342371,0,0
2022,1,35.0,-118.0,0.13715,14.434879421418739,3.931390169363169,1.7779103807581729,0.16021837854898097,58.490242809057236,0,0
2022,1,35.0,-117.0,0.0971875,15.469381389310314,3.739692202124445,1.5237606385019151,0.08055760431033306,65.22794242482632,0,0
2022,1,35.0,-116.0,0.1265390625,14.40568211309374,2.4990435236205144,2.864709319565427,0.06407936798628935,72.45472201611847,0,0
2022,1,35.0,-115.0,0.1433484375,14.867039945048685,2.4574168969948573,3.3989740310633807,0.08442456267213304,86.44041314255446,0,0
2022,1,36.0,-122.0,0.5525590909090909,15.84392487646201,1.9497581755672828,1.543773888691599,0.3012140512699488,134.05488312921742,0,0
2022,1,36.0,-121.0,0.3897109375,16.117610965236562,1.0916342039664073,1.256242599971663,0.3066817182366566,115.35880749579519,0,0
2022,1,36.0,-120.0,0.4159578125,16.142213824487534,1.476075315203218,0.9706011477860657,0.2993515242812454,105.36236176267266,0,0
2022,1,36.0,-119.0,0.29055000000000003,7.698025475778909,2.6065405004729314,1.2798942769448955,0.37450927528001926,122.1882151439786,0,0
2022,1,36.0,-118.0,0.1121546875,10.584958602536133,0.5808205355961604,1.6108818378072502,0.22438476418936124,38.597822887822986,0,0
2022,1,36.0,-117.0,0.1062625,14.048961465589489,1.5401363384981437,2.1862369291870087,0.11971387459385777,53.27369924634695,0,0
2022,1,36.0,-116.0,0.1515328125,11.696084187107722,3.709829693015365,1.8094192552212207,0.1407555415425249,58.347266050986946,0,0
2022,1,36.0,-115.0,0.1412921875,13.451872367243634,4.463422392781524,2.494826522609315,0.10681852377871026,65.18608308397233,0,0
2022,1,37.0,-123.0,0.57994375,14.754515820164869,7.8904880688597245,1.1608171948615411,0.3392317628347745,125.82373712211847,0,0
2022,1,37.0,-122.0,0.61805,15.349433022673427,3.2466055992751803,2.0388255067814525,0.3228334098733881,111.05434802205612,0,0
2022,1,37.0,-121.0,0.5304453125,15.650612372736799,1.3752496347834153,0.994573779337382,0.3049374450278538,72.45532365050167,0,0
2022,1,37.0,-120.0,0.4344046875,10.890688730055306,1.3546471496184154,1.4783565868563908,0.3812622450372224,170.06892268545926,0,0
2022,1,37.0,-119.0,0.09176875,1.7269002652937573,0.5317675427605195,1.2580622340769565,0.3283461543821519,45.54918105714023,0,0
2022,1,37.0,-118.0,0.096375,5.4791374160397694,0.25671783490821554,2.0831683398248795,0.23082930875080884,23.33724219352007,0,0
2022,1,37.0,-117.0,0.123065625,8.560701611734231,0.26518867938563057,2.4769920897603805,0.193707291797925,46.73603258561343,0,0
2022,1,37.0,-116.0,0.1369890625,8.785303318885088,0.7092529454340024,2.376419119601108,0.21072039520868685,46.161714126355946,0,0
2022,1,37.0,-115.0,0.1786625,8.651685571670559,1.5666155855242891,2.829318345336104,0.28830959752041807,46.05394939426333,0,0
2022,1,38.0,-124.0,0.67839,14.221056037820802,22.92905504316186,1.6775136484994089,0.34892098587473663,301.8626598020395,0,0
2022,1,38.0,-123.0,0.6620046875000001,15.38416611302285,9.88615332293108,1.0284464699646123,0.3444079548440953,190.6470156973228,0,0
2022,1,38.0,-122.0,0.5770296875,15.25847462223425,4.612877081434874,0.8320191072349189,0.3408251061875333,83.57577386777848,0,0
2022,1,38.0,-121.0,0.5554765625,12.859950922381515,12.639853336203544,1.5611215608043558,0.39484878669502915,264.353571459651,0,0
2022,1,38.0,-120.0,0.151871875,3.093165369956754,4.164964706923513,1.6220621536839983,0.41564637518698166,86.48360520601273,0,0
2022,1,38.0,-119.0,0.07441875,0.5196998919210358,1.7065159522999807,1.6760308506969102,0.2659718381461276,2.921979292295873,0,0
2022,1,38.0,-118.0,0.0623546875,1.2819171444062576,0.6901628117148562,1.89321834022172,0.19323387037041362,11.776696774177253,0,0
2022,1,38.0,-117.0,0.11679375,1.287956663870066,0.3489804699157162,2.0007712388045893,0.1893597437489417,10.667960974387825,0,0
2022,1,38.0,-116.0,0.121315625,1.6740104798348021,0.4213742691163702,1.7554881757906524,0.3512095937164881,19.608275615610182,0,0
2022,1,38.0,-115.0,0.1153203125,-0.6885565219386685,1.0739807517339273,2.064838926944116,0.27167777893363787,5.803793086670339,0,0
2022,1,39.0,-124.0,0.6838937500000001,14.628432615341694,31.96380944113031,0.738195733885196,0.35631320040713077,294.30353036150336,0,0
2022,1,39.0,-123.0,0.5554234375,14.686268163496475,10.95663202116981,1.1448667937515,0.3548559097833531,237.42039350327104,0,0
2022,1,39.0,-122.0,0.4955390625,15.313871271379558,16.703041434574573,1.6163912617153593,0.3508450074862408,143.8355715945363,0,0
2022,1,39.0,-121.0,0.36921875000000004,8.77165467816016,30.509960652615575,1.5769531304290114,0.45634893640395136,263.5628547286615,0,0
2022,1,39.0,-120.0,0.172521875,4.094966176248388,2.9322904779647274,1.0016725243265274,0.40144863788799573,33.38888904545456,0,0
2022,1,39.0,-119.0,0.113496875,6.842920091075307,0.49165163776621057,1.1513426480441944,0.28922843644695895,24.373804102651775,0,0
2022,1,39.0,-118.0,0.10173906249999999,0.271395094163978,1.854168881017415,1.455912137975941,0.19774777177841432,3.3038670662790537,0,0
2022,1,39.0,-117.0,0.0821375,-1.7929412826414755,1.840605215456037,1.3696178503251697,0.15002080926331138,2.1971198730170727,0,0
2022,1,39.0,-116.0,0.0751265625,-1.9271300884984903,1.2932518043626828,1.7197578859684892,0.16995210384809842,2.532299840822816,0,0
2022,1,39.0,-115.0,0.09233125,-1.128418565565525,2.552398528258948,1.6116159808643138,0.19817657560430543,10.622961795888841,0,0
2022,1,40.0,-125.0,0.709075,12.724002326773947,56.62391960432226,0.6411838669790574,0.35655101994887045,204.40235320064758,0,0
2022,1,40.0,-124.0,0.5963625,12.154836603903018,59.466395691323726,0.7730056560864363,0.4164237001890777,225.53035581950098,0,0
2022,1,40.0,-123.0,0.5344515625,13.289792640747585,44.98028247738972,1.0378703077314453,0.430718356883654,191.8960897019133,0,0
2022,1,40.0,-122.0,0.4310484375,9.01300046828488,40.41158890007779,1.5582893807474891,0.418417679366245,178.95527184009552,0,0
2022,1,40.0,-121.0,0.1319109375,3.1273751981796956,13.855989837374239,1.2209206256453928,0.403830309068003,75.9368947474286,0,0
2022,1,40.0,-120.0,0.11087812500000001,4.218607398002394,2.2679121944193525,0.7156166232824391,0.35310520311837557,13.26423289719969,0,0
2022,1,40.0,-119.0,0.13372343750000001,4.36420281010292,0.5042605812732859,0.905733948008236,0.3159140265116127,17.33527798205614,0,0
2022,1,40.0,-118.0,0.146890625,0.4818086578000234,1.8926397210989876,0.9284270866519264,0.3007432308889204,4.824435105547309,0,0
2022,1,40.0,-117.0,0.128184375,-1.4159749907831767,7.653626311856954,1.324527028039134,0.28969527957259966,3.501031082123518,0,0
2022,1,40.0,-116.0,0.079990625,-2.5162113681915983,13.649046934496312,1.410522171274184,0.37866324827235226,7.709247176535428,0,0
2022,1,40.0,-115.0,0.116578125,0.12368592446851778,5.471957546014039,1.861319065278312,0.3155538789046708,14.617489418014884,0,0
2022,1,41.0,-124.0,0.5739716666666667,10.463728228606646,93.84376634965435,1.0598746429234855,0.42583894478947165,181.7686189793878,0,0
2022,1,41.0,-123.0,0.40907187500000003,8.027673832062778,56.44717072258487,0.9222717901840212,0.4647350987439514,144.23088054172695,0,0
2022,1,41.0,-122.0,0.3558171875,6.793963989134781,42.07499562884465,1.433508131375846,0.453981541497733,113.81582485046238,0,0
2022,1,41.0,-121.0,0.16271093749999999,3.0113782682726686,19.18622215865895,1.7049181351734035,0.35352575811006687,39.100816706195474,0,0
2022,1,41.0,-120.0,0.0699125,0.4483190228862348,9.478268959846048,1.6396793776201084,0.2945108586742032,3.2255464466288686,0,0
2022,1,41.0,-119.0,0.10650156250000001,2.4993179259761895,4.214262404765634,1.1208320288446003,0.30332279814186913,11.387636419385672,0,0
2022,1,41.0,-118.0,0.1396375,0.09593942396104896,5.73414359363511,1.211854264329522,0.3025651753589671,6.99062692001462,0,0
2022,1,41.0,-117.0,0.0383703125,-1.597007956043342,14.200451715204565,2.870355390057955,0.2923208882090866,5.3158377995714545,0,0
2022,1,41.0,-116.0,0.02015625,-1.9070506834214456,18.562202156807928,1.3064726594246066,0.355124064991551,12.651526485569775,0,0
2022,1,41.0,-115.0,0.0808859375,-1.2347286716583987,11.977363542008845,1.5933348464922716,0.3440161254457248,13.061054516583681,0,0
2022,2,32.0,-117.0,0.3695875,18.10351039000922,31.209707693239608,1.1114402339346905,0.12843108319100874,231.49298806674778,0,0
2022,2,32.0,-116.0,0.229546875,22.453676404271825,2.411502380898156,2.134529352268058,0.0623976566961833,191.14626199007034,0,0
2022,2,32.0,-115.0,0.20819375,23.8402299812862,0.10828111790672773,2.600930027963142,0.05861354087080271,208.81353016011417,0,0
2022,2,33.0,-119.0,0.362175,18.797871071951732,6.24288475610868,3.327074202411143,0.12104200181506924,121.73041515052319,0,0
2022,2,33.0,-118.0,0.40064500000000003,20.27607936405002,18.871500527839423,1.0093996901234483,0.14276444419981937,200.69227560112876,0,0
2022,2,33.0,-117.0,0.304803125,19.179405699457458,21.660726717716017,1.443162311112924,0.11404145331609813,225.6032006116584,0,0
2022,2,33.0,-116.0,0.1433640625,21.599358194214975,1.0014732508416557,2.124773040344208,0.03430243546054473,142.72820309270173,0,0
2022,2,33.0,-115.0,0.1366546875,22.289460396766685,0.7514184946622038,2.9168645104904023,0.026802892841043875,177.84232122357935,0,0
2022,2,34.0,-121.0,0.6107562500000001,17.105926677158934,6.001032701115369,3.903513633738436,0.1972025084117102,270.1324756878118,0,0
2022,2,34.0,-120.0,0.5138371212121212,17.40806389928382,4.812575688938855,4.243039453862103,0.18239216353814147,424.72673184943926,0,0
2022,2,34.0,-119.0,0.3806576923076923,18.956753468076847,8.014792818499473,1.7169542533646631,0.1401020714942643,294.9218408515056,0,0
2022,2,34.0,-118.0,0.28715,18.9528051035745,14.723867611071029,1.1557932459024118,0.11790847707362398,200.1180921215564,0,0
2022,2,34.0,-117.0,0.1729671875,16.560340269974322,8.005756852259793,2.2252263642475265,0.07699063739606309,177.89609753526747,0,0
2022,2,34.0,-116.0,0.090321875,19.830525093419237,3.8129770802761698,2.309633753906422,0.02483441858064555,114.31127192918211,0,0
2022,2,34.0,-115.0,0.1086328125,21.078916253362404,4.5689902874137545,2.886081360685983,0.032328047567889755,168.94161561504006,0,0
2022,2,35.0,-122.0,0.6331500000000001,17.663564164297952,2.909413040658393,2.012558129618431,0.24245410589944744,326.74317434430117,0,0
2022,2,35.0,-121.0,0.5305596153846154,18.971554144136213,3.169295309655732,2.605916187880576,0.19385922246218015,195.14068841743165,0,0
2022,2,35.0,-120.0,0.4159578125,19.085039515154726,5.701315556695619,0.8743123788743444,0.1558488518709228,162.85020939540118,0,0
2022,2,35.0,-119.0,0.39095,16.237797858033886,11.422631065403976,1.3870940543173145,0.17406745858135675,164.3965890398249,0,0
2022,2,35.0,-118.0,0.1510125,17.33293416840691,1.4831078844572687,1.3980858406536911,0.038880445063114125,97.68970287404954,0,0
2022,2,35.0,-117.0,0.0964390625,18.27144554853441,1.3928508526142025,1.5865460639242406,0.024263029297192845,103.46693184692413,0,0
2022,2,35.0,-116.0,0.12473125,16.326092636585255,4.721329747741976,2.846210600832943,0.02877387865668246,107.34860750380903,0,0
2022,2,35.0,-115.0,0.14437187499999998,16.854796198436215,7.398183657830515,3.353910149234084,0.037591871761140316,127.59679567534477,0,0
2022,2,36.0,-122.0,0.5539886363636364,17.273717255200165,4.899632110811196,2.2253152755125494,0.2023398069420246,212.57527155632323,0,0
2022,2,36.0,-121.0,0.408009375,19.370018611635505,2.8890955402012253,1.1572682904527969,0.17143223576602476,207.77300954796374,0,0
2022,2,36.0,-120.0,0.4247734375,19.61101224763055,9.34933169283525,0.9246030766891692,0.2027347421362286,182.27657105308026,0,0
2022,2,36.0,-119.0,0.33211250000000003,8.9445072088923,16.866658781697907,0.994989522953569,0.36188180318900515,172.61794628575444,0,0
2022,2,36.0,-118.0,0.1217703125,13.331779268809743,9.065362126609244,1.2287548316530124,0.0970534817093894,68.5624135658145,0,0
2022,2,36.0,-117.0,0.107278125,17.366745856830075,4.295903458302774,1.7448685111601252,0.03056697866746352,89.5671205362305,0,0
2022,2,36.0,-116.0,0.1474921875,13.961249532018407,3.208677950357952,1.7015246276299274,0.03922285920097709,93.8936099410057,0,0
2022,2,36.0,-115.0,0.138346875,15.84452418088916,3.999843928074398,2.09096987708977,0.03657182341530205,104.75007409695536,0,0
2022,2,37.0,-123.0,0.589775,16.623507731301473,1.1073168972934864,2.342419371072767,0.23950967192649833,253.8346303626895,0,0
2022,2,37.0,-122.0,0.6081875,17.68860141038897,1.3877737475986862,3.4666873387984287,0.21338784564582125,212.7748867884899,0,0
2022,2,37.0,-121.0,0.529153125,18.990038115637667,3.9717603614981556,1.3573238880077874,0.20366608741737544,142.83180749043822,0,0
2022,2,37.0,-120.0,0.46453906250000004,12.55296198981151,13.7982207490559,1.0932545956121178,0.3277141466027214,260.21334959659725,0,0
2022,2,37.0,-119.0,0.12011875,3.1699280415262763,8.446002346506276,1.0205832330622495,0.3844259438060579,71.11553498543799,0,0
2022,2,37.0,-118.0,0.1118125,9.971357679367085,7.543831565460124,2.100480854405962,0.15541423466943555,58.20003477856517,0,0
2022,2,37.0,-117.0,0.137259375,11.110931108679111,8.369426676114955,2.3431483285724446,0.06382399300734197,82.45509420521557,0,0
2022,2,37.0,-116.0,0.13721250000000002,11.44263792208265,5.336355385413327,2.1589769818418088,0.05706503100338431,79.50768340379,0,0
2022,2,37.0,-115.0,0.18750781249999998,11.70553530284338,7.968810587232866,2.2456960485831376,0.11516515059130528,82.46619696728885,0,0
2022,2,38.0,-124.0,0.6681433333333333,15.387048012869718,0.8594809084937557,3.3482516171219894,0.26092638212537006,520.2802136540413,0,0
2022,2,38.0,-123.0,0.66025625,18.248751735687275,0.7417613780553722,2.7130822855777725,0.25349157906713937,330.5439093383029,0,0
2022,2,38.0,-122.0,0.5658703125,18.85352763278146,1.0816394025887632,1.4288122256793705,0.23391931610448016,168.10998879373074,0,0
2022,2,38.0,-121.0,0.5603,15.044952581610023,16.80400196001486,1.520191301560978,0.32431190886667793,428.22726687882096,0,0
2022,2,38.0,-120.0,0.1986328125,3.5837193063327497,19.726388589521804,1.5105574961042352,0.4317380328263555,131.96438224986196,0,0
2022,2,38.0,-119.0,0.10800625,5.390285399981934,11.346701034387507,1.3434622322578793,0.3508362294662566,28.905540704727173,0,0
2022,2,38.0,-118.0,0.1031265625,6.522353131430517,8.284210427706995,2.062853483793517,0.20225241993154797,49.991804640740156,0,0
2022,2,38.0,-117.0,0.161134375,5.093028095790338,8.943761899178782,2.1366117955622124,0.22831579084907255,45.532205142080784,0,0
2022,2,38.0,-116.0,0.141784375,6.39824066162112,7.766314749648728,2.0565502555168824,0.2625583122883524,55.37348799407482,0,0
2022,2,38.0,-115.0,0.167596875,3.1369909576007586,14.520974797239461,1.848698379363105,0.37576647599538165,28.83112069685012,0,0
2022,2,39.0,-124.0,0.7111375000000001,16.97855037621092,3.2085575769151835,1.4852223264838864,0.2712410950944537,490.7685692887753,0,0
2022,2,39.0,-123.0,0.5594515625,18.17626292535239,3.4079884319062614,2.0312707197954225,0.25148452144293554,407.8647418646142,0,0
2022,2,39.0,-122.0,0.4864484375,19.378444043227628,2.8838640684689665,1.7781745799050444,0.2449183996234621,269.5562429726124,0,0
2022,2,39.0,-121.0,0.4291484375,9.951163693836783,25.392251056661763,1.6821373834738087,0.4302758283558346,442.3515417147428,0,0
2022,2,39.0,-120.0,0.2114859375,6.366533493995689,18.30723994881467,0.7645965105422704,0.387603902391025,63.355041202157736,0,0
2022,2,39.0,-119.0,0.1213015625,9.826611954825289,10.84840550557331,0.7577778601233573,0.1664635400686945,52.69910872448236,0,0
2022,2,39.0,-118.0,0.1487828125,3.4990218554224484,15.879100156059422,0.661301154379968,0.31862058455035797,25.395212578587234,0,0
2022,2,39.0,-117.0,0.1302765625,1.3538645182337277,13.18267333791212,1.8674131822720688,0.3181987390631721,22.64741761609912,0,0
2022,2,39.0,-116.0,0.1315921875,2.031299507617973,9.67708343178586,2.1023927181142894,0.3784519185622533,29.656431986950338,0,0
2022,2,39.0,-115.0,0.11994375,1.110185326848736,15.71700672157661,1.4194857675446202,0.3580792003444263,25.3193675307557,0,0
2022,2,40.0,-125.0,0.7857750000000001,12.625616600399951,21.351004866408534,3.458180480289154,0.29110638679019984,347.9224609004127,0,0
2022,2,40.0,-124.0,0.6938484375,14.099874242714492,11.702927495395699,2.8813794919121936,0.3419556944143204,397.14497048407793,0,0
2022,2,40.0,-123.0,0.5507093750000001,16.582097804546372,2.9948374396617794,1.831526329567946,0.3418085429640043,357.991281314753,0,0
2022,2,40.0,-122.0,0.4578078125,11.56576881408693,6.6278525302614355,1.4370628474524456,0.37493336200714106,327.40254048258066,0,0
2022,2,40.0,-121.0,0.18589375,5.484980618953724,10.326635292774,0.9990455055763034,0.4240407890507153,145.15879075042903,0,0
2022,2,40.0,-120.0,0.1604140625,8.52432956184662,11.757998229047217,1.3273046694355266,0.2718271684078943,46.019572066143155,0,0
2022,2,40.0,-119.0,0.1723453125,8.541920799868468,12.08838304974691,0.7367473447745342,0.20608950725623537,51.78298277314752,0,0
2022,2,40.0,-118.0,0.1974375,6.112272221701517,14.03565585151867,0.6907947992397143,0.32014649574245724,37.020384916104376,0,0
2022,2,40.0,-117.0,0.1802375,3.308508423396539,12.624479332050242,0.6947393620080218,0.3548230670747302,28.16881181206554,0,0
2022,2,40.0,-116.0,0.1342359375,0.33282307386400944,13.100225911518493,1.013216479818186,0.44049661251760663,20.86141682229936,0,0
2022,2,40.0,-115.0,0.141728125,3.5282666529928157,10.952253793409028,1.5274649164194405,0.2847626038960048,36.5367274498567,0,0
2022,2,41.0,-124.0,0.6710166666666667,12.058655753968283,22.41791890162285,2.5585103998631493,0.38731914752374874,332.7653238342868,0,0
2022,2,41.0,-123.0,0.4664109375,10.283209087167489,10.420342641925373,1.3289512982075995,0.44605100261313574,274.4095529196784,0,0
2022,2,41.0,-122.0,0.4396625,10.232733251367321,6.767496434083142,1.3530892484354444,0.43425605623495006,248.04174446035177,0,0
2022,2,41.0,-121.0,0.2628921875,5.929555852072603,10.027502165218749,0.8704998763086964,0.3808573690198716,90.30364558566362,0,0
2022,2,41.0,-120.0,0.1311421875,3.624159908294697,8.886878346135774,1.279644473037556,0.34936209129435675,23.609887924976647,0,0
2022,2,41.0,-119.0,0.1525203125,6.826931648595018,8.805331043010511,1.09499834556528,0.25141167995475583,41.298884665593505,0,0
2022,2,41.0,-118.0,0.2002046875,5.083101018837542,11.227536215489664,0.9173524693462464,0.31615195955548964,36.53746296186,0,0
2022,2,41.0,-117.0,0.10491875,1.992301729747247,14.265435249587455,2.0253147421428985,0.34504122606345583,25.319232838228345,0,0
2022,2,41.0,-116.0,0.0678734375,0.6796788164547749,14.207283468028464,1.582602617242734,0.39738131491910844,29.983085114508867,0,0
2022,2,41.0,-115.0,0.1192046875,2.2147523862975262,10.828514318024673,1.5939180596156803,0.3369005450180598,36.79028735496104,0,0
2022,3,32.0,-117.0,0.381265625,20.505050185418924,36.43585237356817,1.887487473818088,0.13753542976994665,299.99527730979025,0,0
2022,3,32.0,-116.0,0.23791562500000002,27.74320359691498,0.9922493124285836,2.0550259281001546,0.058775190384157225,279.71943840384483,0,0
2022,3,32.0,-115.0,0.21985,28.368898763964282,0.9660693691948552,1.9283273836401145,0.05393262960577519,289.2876244150102,0,0
2022,3,33.0,-119.0,0.3639875,18.76898530529394,32.700571312187066,3.5878350673919925,0.1095411649314306,148.24593625962734,0,0
2022,3,33.0,-118.0,0.38464,20.980076890350702,37.794685879029785,1.42329484015587,0.13501922853531373,249.50067028403282,0,0
2022,3,33.0,-117.0,0.3007015625,22.74057080207335,21.2846899745891,1.7323600315831071,0.1142357443609545,318.467186531052,0,0
2022,3,33.0,-116.0,0.1441484375,26.366841350063222,0.8018832528868813,2.0138921159963656,0.03201508586124702,215.01127548981458,0,0
2022,3,33.0,-115.0,0.13469375,27.10235760596493,1.4030314857045312,1.9640026210321635,0.02427033903778235,255.48489531502128,0,0
2022,3,34.0,-121.0,0.59775625,16.802667759310836,34.775752033966725,4.870208884768653,0.17827973271783532,316.6884797004362,0,0
2022,3,34.0,-120.0,0.5154318181818183,18.56905880030301,38.799215837902864,5.979283592843517,0.17174472805730442,562.29998521281,0,0
2022,3,34.0,-119.0,0.39835000000000004,21.343122940126598,35.78377707018404,1.454874937154605,0.129958937507968,382.6675234983365,0,0
2022,3,34.0,-118.0,0.3000015625,22.249498431913334,27.474253053394904,2.019889146093889,0.09850764114369623,278.29439868219197,0,0
2022,3,34.0,-117.0,0.176490625,21.201047646614832,10.05781193877553,2.0464293086945,0.07694321774667306,273.9635878242552,0,0
2022,3,34.0,-116.0,0.08861875,24.661677748157157,5.361864191097965,1.7643070830386285,0.02388875266557093,179.64933952316642,0,0
2022,3,34.0,-115.0,0.10612656250000001,25.850391483306904,8.704850530801167,1.4282607636938196,0.03344910984398211,243.89313836582005,0,0
2022,3,35.0,-122.0,0.6130625000000001,18.36033936777423,35.16313721108233,2.296627711945212,0.21019206508513416,457.293763756752,0,0
2022,3,35.0,-121.0,0.49201538461538463,20.467131140924284,31.359584772266892,2.9969081445006496,0.17802731077763737,253.10655353734126,0,0
2022,3,35.0,-120.0,0.376471875,22.01118520306005,31.15137441697513,0.6172745352849344,0.15918240367725328,236.9203184498474,0,0
2022,3,35.0,-119.0,0.3929078125,19.044922016512984,33.69523243661021,1.9583058868088952,0.18077985990431997,234.22875173855573,0,0
2022,3,35.0,-118.0,0.1436328125,21.71223824562567,4.452148300213565,2.2101288473489764,0.02797218836763848,151.99262532405555,0,0
2022,3,35.0,-117.0,0.0933875,23.496659405000766,3.9535845504978795,2.205044955754829,0.02421448275607114,164.28514511790127,0,0
2022,3,35.0,-116.0,0.123703125,21.30857091103833,8.064273359803309,1.5360864536071257,0.028702111974839194,167.32761275488883,0,0
2022,3,35.0,-115.0,0.14331875,22.095831312671812,14.151065458161582,1.639630246518748,0.03880084169808249,190.26314304210246,0,0
2022,3,36.0,-122.0,0.5350590909090909,17.919824983181048,23.946053316237116,2.976040849680256,0.1820750048510917,276.46563506939196,0,0
2022,3,36.0,-121.0,0.370203125,22.359432723445302,34.9420747594813,1.3783223924348182,0.1757183988248148,293.118106899783,0,0
2022,3,36.0,-120.0,0.4205109375,23.015107865487405,36.783511831043114,1.18233248144539,0.21215338796697633,264.91349225398153,0,0
2022,3,36.0,-119.0,0.35776875,11.812006461235804,41.5165492674241,0.8290460798434961,0.36447464810904634,241.7929416988045,0,0
2022,3,36.0,-118.0,0.1287015625,18.879758730242344,7.1474372750053305,0.7047330395850546,0.05140123540355309,129.4339019805193,0,0
2022,3,36.0,-117.0,0.1074390625,22.615612717597735,5.0959192091504235,0.4371085353182136,0.02703346744660402,149.91806610487401,0,0
2022,3,36.0,-116.0,0.144096875,19.002976374472365,10.299884096337308,0.780843484369503,0.03975939334079779,155.7014217833057,0,0
2022,3,36.0,-115.0,0.135509375,20.991914013893407,8.900486944792618,0.6540563114659805,0.03490086204262186,160.63329274766147,0,0
2022,3,37.0,-123.0,0.6012500000000001,15.843223497944521,32.18447052556073,3.2000999737324,0.22445496564270345,276.650189422071,0,0
2022,3,37.0,-122.0,0.57986875,19.447184242740782,27.10110174484844,3.629247497528692,0.18904204971046853,259.2170703768109,0,0
2022,3,37.0,-121.0,0.5091078125,23.018507029933335,35.620732313571324,1.5006525152135797,0.19242721635808224,225.50621745176613,0,0
2022,3,37.0,-120.0,0.46737187500000005,15.140579119036296,44.87502024191414,1.08029739044923,0.3374752476010271,348.18300150800496,0,0
2022,3,37.0,-119.0,0.1467109375,7.065849668748935,30.129098879722704,1.103233517462198,0.3658178817200404,120.55251095443964,0,0
2022,3,37.0,-118.0,0.117159375,16.264468265348892,10.836076770527114,1.0893114167007492,0.06731550347420473,126.22579885646701,0,0
2022,3,37.0,-117.0,0.1448296875,16.054404092604134,16.082290873480787,1.0020492265141407,0.05792502946751087,148.6283279955387,0,0
2022,3,37.0,-116.0,0.136584375,16.551166406754547,17.77868842388486,1.0719496202335044,0.06164010269667509,137.29755592066795,0,0
2022,3,37.0,-115.0,0.181259375,17.385584665113903,13.933552509723057,0.9217616868104538,0.08675197151399422,148.17818044684827,0,0
2022,3,38.0,-124.0,0.64567,15.720786195160258,34.79448546337878,4.390122801664705,0.27053915283585955,676.0208631555239,0,0
2022,3,38.0,-123.0,0.6432125000000001,19.251126446262504,42.85551755371486,3.876291131019413,0.2547697556275193,422.0842377981171,0,0
2022,3,38.0,-122.0,0.5510515625,22.425904869264187,40.070245821578254,1.9487451850545865,0.20853874920516882,240.8016265835613,0,0
2022,3,38.0,-121.0,0.563296875,17.670691116394554,52.082058122930874,0.8059534379324748,0.3428912662690685,497.5860168924555,0,0
2022,3,38.0,-120.0,0.2485796875,6.842946470937445,32.084741011811246,1.261001463608899,0.43850964884604177,190.652362187393,0,0
2022,3,38.0,-119.0,0.1386484375,12.242024924678205,18.016378475902428,1.3998503982511716,0.23978500052164956,90.84687021095306,0,0
2022,3,38.0,-118.0,0.1158984375,13.065787510718092,14.297152717215766,1.399807821349767,0.107643308178071,121.87973642721772,0,0
2022,3,38.0,-117.0,0.166346875,10.877689903013191,22.87860711718892,1.1287505929854476,0.16146984311842144,103.20560762193054,0,0
2022,3,38.0,-116.0,0.1413375,12.183141619159361,24.351959895891895,1.051759713726255,0.19792047110936972,113.18495881278068,0,0
2022,3,38.0,-115.0,0.1952484375,10.822682253006992,18.72661065923964,0.8642297420609427,0.3252262835220624,106.24992998782545,0,0
2022,3,39.0,-124.0,0.731259375,17.549326561343292,38.05033591258322,2.0512160127933403,0.28464193626116674,629.1109954472631,0,0
2022,3,39.0,-123.0,0.5499406250000001,19.93948005399399,48.42103606703674,0.99566442256441,0.2782224891006305,513.7320967623964,0,0
2022,3,39.0,-122.0,0.48116875000000003,22.3504543258298,45.071678083939304,0.649848446019085,0.2468793472295166,343.1756409117952,0,0
2022,3,39.0,-121.0,0.475371875,12.516617539621187,53.52578064109181,0.7626195137504364,0.4477804863965639,536.0725750215352,0,0
2022,3,39.0,-120.0,0.25065625,11.713445158927698,15.642771345181217,1.5491110395753789,0.3379635519237928,133.07940994855016,0,0
2022,3,39.0,-119.0,0.1302296875,16.082564218582664,17.613845259500494,1.3758426974822098,0.09312510682690524,114.82111061923206,0,0
2022,3,39.0,-118.0,0.1748578125,10.47641687547009,27.11011547277664,0.7144376526885026,0.26575599947283346,88.423972716555,0,0
2022,3,39.0,-117.0,0.16911875,8.26322656600708,29.353319049430837,1.2281318434419386,0.29911781030316503,76.63378457073122,0,0
2022,3,39.0,-116.0,0.1740375,8.533311800802924,22.596912306351413,1.1707661945042434,0.33274811730589915,89.95100273750722,0,0
2022,3,39.0,-115.0,0.1638703125,8.17840035038612,24.34641386996006,1.2326690621891143,0.3728958836165807,90.65854200161994,0,0
2022,3,40.0,-125.0,0.7840583333333333,12.542759524109556,47.85570706958037,2.674388730744868,0.32104390667330834,348.800462567144,0,0
2022,3,40.0,-124.0,0.6837296875000001,14.782294184161795,49.86012292708253,2.526578427079483,0.3672257863706158,515.040778904222,0,0
2022,3,40.0,-123.0,0.5483328125,18.773620723908966,42.48330843317305,0.7918725223561274,0.36597402570068194,484.6082569565624,0,0
2022,3,40.0,-122.0,0.4806015625,14.213916366331066,50.20752953047847,0.5084019101559683,0.3863401031622322,445.82664442714304,0,0
2022,3,40.0,-121.0,0.2721546875,10.132541844152655,29.774717368734827,1.287150730117414,0.4155212384398265,252.83536838833243,0,0
2022,3,40.0,-120.0,0.1912625,13.87044370097501,23.806379955811252,1.4449053098531708,0.1850232164705953,92.75250078644603,0,0
2022,3,40.0,-119.0,0.1832828125,14.232667918359098,24.710736550940027,1.4119233374251627,0.11804130320907917,107.17004153411835,0,0
2022,3,40.0,-118.0,0.22083906250000002,12.182243880917976,26.022669939873566,0.844781874536014,0.23641750985576257,82.97346951439977,0,0
2022,3,40.0,-117.0,0.2189015625,9.495542752358244,33.831528235776176,0.9405313975446592,0.3116987030352315,69.41696011926979,0,0
2022,3,40.0,-116.0,0.1927328125,6.829710848100742,40.135223499117245,1.064629882604472,0.44997759820312583,68.97471565753222,0,0
2022,3,40.0,-115.0,0.15905625,9.465352069177957,26.032409012866964,1.7870534653871042,0.2614564392515408,80.75143327005208,0,0
2022,3,41.0,-124.0,0.6801383333333334,13.007287906660428,72.0466226110968,2.2381786638667167,0.4095725255485361,438.72000036968126,0,0
2022,3,41.0,-123.0,0.486296875,13.12637528604078,42.110762639520516,0.6204528392334085,0.4405034242137786,457.95390487182885,0,0
2022,3,41.0,-122.0,0.48559375000000005,13.62372076434476,41.82364124487137,1.0840242052939262,0.41087966836908807,393.38663674425334,0,0
2022,3,41.0,-121.0,0.32998125,10.974365983470815,34.76452462988888,1.02200190937864,0.35706220615294665,187.42953415494412,0,0
2022,3,41.0,-120.0,0.1876921875,9.936727296152444,29.15636132153665,1.4164030846567328,0.29788443702523426,76.78220479283482,0,0
2022,3,41.0,-119.0,0.1715140625,13.02680384266764,25.578600435135712,1.3141548141167525,0.1686238707393728,90.54189804010093,0,0
2022,3,41.0,-118.0,0.230515625,12.107671386964885,24.852330877063622,1.338426402131934,0.23364074063557447,93.07374933268875,0,0
2022,3,41.0,-117.0,0.205434375,8.876420293315789,28.03873302097415,2.083702491482708,0.3101029303125155,79.67051723971963,0,0
2022,3,41.0,-116.0,0.1658125,6.7032753298359715,32.37672810125147,1.493491728183722,0.38862019104342305,79.14028922095895,0,0
2022,3,41.0,-115.0,0.1656953125,8.45415604806718,28.32407489101385,1.6594588933901735,0.31327438194264645,83.38092605117708,0,0
2022,4,32.0,-117.0,0.349625,23.324003839492818,7.095844007679375,2.5950951311952912,0.09168435070249766,372.2763401456177,0,0
2022,4,32.0,-116.0,0.227946875,31.93626745541893,0.08359689975634403,2.55039501538552,0.05178849233521351,350.6315848790109,0,0
2022,4,32.0,-115.0,0.214959375,32.94685751597089,0.0295769307996351,2.42708159928264,0.049710103538301215,343.0037011858076,0,0
2022,4,33.0,-119.0,0.34297500000000003,19.90723317464196,4.316175344982298,4.113532387419533,0.0959444893731011,186.35874055325985,0,0
2022,4,33.0,-118.0,0.3565475,22.30230588701039,9.640239291785708,2.1065516899664765,0.11109337329864499,285.43782718479633,0,0
2022,4,33.0,-117.0,0.278834375,25.965219195683815,6.051119871088417,2.2847647628757413,0.08263281385103857,391.3449136307463,0,0
2022,4,33.0,-116.0,0.140959375,30.4692090670268,0.05042738060012647,2.415545524958237,0.02590000198947054,270.73144167661667,0,0
2022,4,33.0,-115.0,0.1320859375,31.740999444325787,0.030048180022390538,2.443797656474004,0.017136967844433207,306.95658491458744,0,0
2022,4,34.0,-121.0,0.5299875000000001,17.69588103824195,7.957631400126768,6.177486287188113,0.1902765212235627,391.78416691720486,0,0
2022,4,34.0,-120.0,0.4806113636363637,20.16346071416683,7.826381041008782,7.171753652447122,0.17225968974206582,660.5339416613182,0,0
2022,4,34.0,-119.0,0.3875346153846154,23.273499666523755,7.624377938736798,2.513299593947856,0.12077689048571462,447.26257713941425,0,0
2022,4,34.0,-118.0,0.298146875,24.73761785825096,10.131398437195571,3.42969685486636,0.08025338715977134,327.20310101285577,0,0
2022,4,34.0,-117.0,0.1732296875,25.188296731313095,2.6036559023197015,3.246801853622576,0.056774061255984797,349.7154281940311,0,0
2022,4,34.0,-116.0,0.085928125,29.11526918411257,0.22823711636021923,2.098748430028054,0.016565069225099302,222.54239208996296,0,0
2022,4,34.0,-115.0,0.1033484375,30.589760971069357,0.13445735687866994,1.7533945164209572,0.02451046042972135,290.49145651515573,0,0
2022,4,35.0,-122.0,0.5692375000000001,19.504305013020854,18.332613620557936,3.2013162815518297,0.23671775129106304,577.3379886522889,0,0
2022,4,35.0,-121.0,0.42472115384615383,22.091215149969134,10.827968267613587,4.105413052050219,0.1857053459200084,321.2222355680588,0,0
2022,4,35.0,-120.0,0.3356125,24.484266869227117,10.58360164763883,1.3691600690895045,0.13933564391401074,309.48053672909737,0,0
2022,4,35.0,-119.0,0.3682453125,21.5394039710363,16.417541762464793,3.252609144273248,0.1445241785711712,317.313946201466,0,0
2022,4,35.0,-118.0,0.127071875,25.302413829167712,2.875992318266185,4.06685142441431,0.02513720360067152,214.9908405262977,0,0
2022,4,35.0,-117.0,0.0890984375,27.509989476203945,0.7830273710425217,3.871257207212089,0.019880648122893387,226.72122763469815,0,0
2022,4,35.0,-116.0,0.117975,25.567199158668544,1.5306994203712065,1.988926213281138,0.022275904483265295,222.19378442969173,0,0
2022,4,35.0,-115.0,0.1350921875,27.005682555834476,0.7989082835848649,1.9399941497381863,0.027908590767118626,244.74038125481457,0,0
2022,4,36.0,-122.0,0.5177068181818182,18.87903701705164,23.57752851440907,3.6934366504884566,0.1960025390791973,331.8604267569202,0,0
2022,4,36.0,-121.0,0.325440625,24.291385213534063,11.510716739692839,2.267156311321034,0.16682233611742653,374.3236076552421,0,0
2022,4,36.0,-120.0,0.40266875,25.80612400372825,21.109295066096934,2.434238470387556,0.18858905434608456,383.8205175707117,0,0
2022,4,36.0,-119.0,0.3742515625,14.702459120750461,30.80971863830939,1.30848729308883,0.3101458317703671,327.33463298063725,0,0
2022,4,36.0,-118.0,0.1284546875,22.998547410964992,3.6807558384026606,1.3184720017763771,0.027341138985421887,177.7747084852308,0,0
2022,4,36.0,-117.0,0.104078125,26.777542789777133,2.5960942615057547,1.189000095246644,0.022788738873269775,202.79854675754905,0,0
2022,4,36.0,-116.0,0.14095625,23.229922827084884,2.9583831668134053,1.5664250818725658,0.030120322439405614,212.15807588305324,0,0
2022,4,36.0,-115.0,0.1288875,25.951505406697603,1.8134566374357064,1.3577839659684616,0.027401576770676467,225.48382089007646,0,0
2022,4,37.0,-123.0,0.59565,16.613607724507673,37.152067746617945,3.9987333786694688,0.22703992260826955,354.91009894758463,0,0
2022,4,37.0,-122.0,0.5342734375,20.477481116188923,26.88761419085021,4.142390231069477,0.2032650761030338,327.85697754782933,0,0
2022,4,37.0,-121.0,0.4567125,25.11852639516196,27.628196857520493,2.388038676776609,0.19163290460904436,312.11352918762714,0,0
2022,4,37.0,-120.0,0.44677187500000004,17.27942481835685,57.92751394922391,2.26574365411814,0.33409824271996813,452.6972339954227,0,0
2022,4,37.0,-119.0,0.1807859375,10.10038336118064,27.176722174161227,1.7544048824135914,0.31712843775749205,179.52500889077783,0,0
2022,4,37.0,-118.0,0.12040624999999999,20.73209285736086,3.974563197814973,1.3079931581613515,0.029435461759567207,178.8640778977424,0,0
2022,4,37.0,-117.0,0.14630625,20.63792767524721,4.876034089946302,1.5353208582089857,0.032283433609538566,209.4438971253112,0,0
2022,4,37.0,-116.0,0.136065625,21.36028171380363,4.3043254293735345,1.2559251237973008,0.03439879616101578,200.5821238271892,0,0
2022,4,37.0,-115.0,0.1775796875,22.50888733069104,6.992742174887212,1.2659963155461358,0.05455620057053032,219.1061235498637,0,0
2022,4,38.0,-124.0,0.651105,15.366646440294073,67.90699672043179,4.751139565554175,0.2875727106023718,857.7511119345824,0,0
2022,4,38.0,-123.0,0.6139578125,19.559345348676068,40.259695367538484,4.48631813248001,0.25947666731145647,539.3805329222232,0,0
2022,4,38.0,-122.0,0.5032546875,23.6047425190608,39.35788407700613,2.676245145516822,0.2245928307374318,320.13215869665146,0,0
2022,4,38.0,-121.0,0.5575546875,18.67806089719139,125.84441805968538,1.218116203668457,0.35667011439800256,577.4979491252452,0,0
2022,4,38.0,-120.0,0.3017578125,8.677626713116986,75.23644434998289,1.867538964239773,0.4086312969525655,266.9893221464008,0,0
2022,4,38.0,-119.0,0.166453125,15.729488913218212,9.1400530539687,1.981800790289652,0.08002452088726887,155.00362520106137,0,0
2022,4,38.0,-118.0,0.12773281250000001,17.499011301994347,5.030256451689752,2.241967638372983,0.040059170458051845,187.5350980553776,0,0
2022,4,38.0,-117.0,0.1679171875,16.523284252484657,7.928715308779033,2.090507142526275,0.04506120118829934,180.24872336536646,0,0
2022,4,38.0,-116.0,0.1492375,18.351432069142685,8.787848276668342,1.4667583604065837,0.07618387341499322,193.23297776281834,0,0
2022,4,38.0,-115.0,0.2116109375,17.495210059483874,10.545358748757394,1.8191636778878408,0.10626329547829094,195.43410546611995,0,0
2022,4,39.0,-124.0,0.7272625,16.42026715278628,117.88858565280691,2.322093105668698,0.3197682175371382,671.6016822028905,0,0
2022,4,39.0,-123.0,0.5162390625000001,19.708475462595644,55.48144526558474,1.4468335239168684,0.2826632625526852,590.8526934217662,0,0
2022,4,39.0,-122.0,0.4681765625,23.030168239275636,71.82726239564374,1.2719532250878591,0.26014604965845745,424.3391540367156,0,0
2022,4,39.0,-121.0,0.5130859375,13.138369639714579,168.48872693965689,1.567171271227607,0.44780120187335537,649.6594997588545,0,0
2022,4,39.0,-120.0,0.2977578125,13.83978223005932,38.695728161954435,2.085224081361285,0.23656333651807568,220.17186682205647,0,0
2022,4,39.0,-119.0,0.14264374999999999,18.471748590469392,10.059763898723872,2.083750148415601,0.043233800596661,175.17139413394034,0,0
2022,4,39.0,-118.0,0.20225156249999998,14.535148930549646,14.959328563534768,1.920967985397484,0.08980432781908243,163.55646774172783,0,0
2022,4,39.0,-117.0,0.205728125,13.993166581789676,16.027712484472545,2.2967480041549124,0.08632440268993373,160.40103253908455,0,0
2022,4,39.0,-116.0,0.2070421875,14.72441655000053,19.956531457253845,2.0193016766395013,0.1057790574100282,161.49240476079285,0,0
2022,4,39.0,-115.0,0.2111609375,14.42718021869662,23.33196949923888,1.821946792061075,0.15617952711052363,174.23019418492913,0,0
2022,4,40.0,-125.0,0.7920916666666667,11.849743680600776,124.07471466070933,2.4710890347886507,0.34617091520333004,408.5847602950202,0,0
2022,4,40.0,-124.0,0.6771546875000001,13.126659099260994,137.53710383328155,2.417360891347259,0.39304260379738276,526.8674058606848,0,0
2022,4,40.0,-123.0,0.520684375,18.11033485730491,84.48195712419704,1.3236653205568931,0.3710834234952926,553.3460756996647,0,0
2022,4,40.0,-122.0,0.5038203125,14.213915268580141,121.95379309135035,1.325636265407132,0.3897311127848095,539.7700235480443,0,0
2022,4,40.0,-121.0,0.3499953125,11.683161242802964,70.53728936018899,2.1058312196889406,0.36876466340488856,377.79938452877104,0,0
2022,4,40.0,-120.0,0.214671875,15.088912781079635,24.299387110048087,2.382604193753944,0.09415736529562206,148.30108941532671,0,0
2022,4,40.0,-119.0,0.19168593750000001,16.005840818087282,18.11012275295809,2.3782791750398817,0.05538027783234909,162.6886856975034,0,0
2022,4,40.0,-118.0,0.2437953125,15.034162108103455,21.152690041461142,1.95409197917465,0.06891460186905327,147.5707507925108,0,0
2022,4,40.0,-117.0,0.25653125,13.9341141064962,24.143463221960815,2.119865880147024,0.11490882403320733,145.1470663305372,0,0
2022,4,40.0,-116.0,0.2593578125,11.831649740537028,38.491205300786646,1.9617580601579887,0.31490441395176777,152.5302332593128,0,0
2022,4,40.0,-115.0,0.1899109375,13.777268878618901,32.190792251029166,2.3424804428273696,0.13660837113857266,136.86936162412167,0,0
2022,4,41.0,-124.0,0.672945,11.256889394124373,174.87952240314604,1.7422562960197392,0.41985605310510704,455.38383018639354,0,0
2022,4,41.0,-123.0,0.49086093750000004,12.084000174204533,113.52765931526676,0.8724433048528978,0.4311655206812752,499.2488130228594,0,0
2022,4,41.0,-122.0,0.5053453125,13.09867442448936,103.08702242339507,1.8624000418444835,0.38710678352249994,451.2158023426309,0,0
2022,4,41.0,-121.0,0.38611875,11.219602592786178,74.29207138495997,2.038430038287477,0.3103279928366343,248.55343298986554,0,0
2022,4,41.0,-120.0,0.246678125,11.030709290504483,43.10259710776165,2.617160653043259,0.19853883352544568,123.88621014542878,0,0
2022,4,41.0,-119.0,0.2004078125,14.607351541519183,22.26546265895024,2.353786079857856,0.07723893854353159,145.6021519843489,0,0
2022,4,41.0,-118.0,0.2749203125,14.187271507581094,28.54851725290075,2.244905767854197,0.10663159555859034,152.85796078387648,0,0
2022,4,41.0,-117.0,0.303190625,11.89899251461031,34.805393300601395,2.9413696098925324,0.1765985995531082,150.22494876757264,0,0
2022,4,41.0,-116.0,0.2612515625,10.218997375170407,37.98421750555292,2.380511530308624,0.2667298687828912,159.29872740525752,0,0
2022,4,41.0,-115.0,0.2241796875,11.933807945251484,32.07923866587237,2.541846893947276,0.16086686750253035,152.92304765898734,0,0
2022,5,32.0,-117.0,0.303428125,25.29194467606085,1.5032966073498244,2.884158129494094,0.06671949868561114,434.67723578214645,0,0
2022,5,32.0,-116.0,0.2073125,35.452483626334924,0.03185490256996101,2.600780130677614,0.04195187553282702,404.44781025871634,0,0
2022,5,32.0,-115.0,0.197309375,36.18592728645574,0.022315831099462,2.1762321489229794,0.039699642888961245,390.58683067560196,0,0
2022,5,33.0,-119.0,0.31665,19.970074364446845,2.9362155508145804,2.987056430211882,0.0695376908907326,205.9828620404005,0,0
2022,5,33.0,-118.0,0.32594,22.796901079403476,1.8341328711455183,2.25455553317866,0.07799438661144618,316.5448355178038,0,0
2022,5,33.0,-117.0,0.2515734375,28.80410093184442,0.9804185863480086,2.47906179335561,0.06186796292181934,462.29566039983183,0,0
2022,5,33.0,-116.0,0.1311015625,33.999911934329646,0.022444120784115274,2.43341511809958,0.017401166180128654,317.63002497609705,0,0
2022,5,33.0,-115.0,0.1280265625,35.37465460377357,0.022315831099462,2.513247156209008,0.007002743021134376,361.97792715393007,2,1
2022,5,34.0,-121.0,0.44945,18.17612907245598,0.5096328517938769,5.968112173864933,0.13740669057360683,407.8352549113333,0,0
2022,5,34.0,-120.0,0.4302159090909091,22.228421291228297,0.6831401100898896,6.002120170898728,0.12298560057062398,787.5169602533183,0,0
2022,5,34.0,-119.0,0.3536480769230769,25.746726521507018,0.7963966723045209,2.9545271863160187,0.0878481452117322,532.8363471497328,0,0
2022,5,34.0,-118.0,0.285828125,27.50294354961767,1.7481268767163272,3.897216308804771,0.05597635302492361,386.7900555487722,0,0
2022,5,34.0,-117.0,0.16873749999999998,28.90268476855372,0.14873076341004318,3.700422368825016,0.041182101093312704,424.89032447338104,0,0
2022,5,34.0,-116.0,0.0836375,32.9827340602875,0.02250232844502873,2.2990603234918066,0.0020210057176569,269.22935293987393,0,0
2022,5,34.0,-115.0,0.100228125,34.496968964607504,0.022315831099462,2.3133674052041204,0.010268223862494132,346.4570853393525,0,0
2022,5,35.0,-122.0,0.488925,21.977982231878514,0.638216213499021,3.522529462318621,0.1600066615689185,790.4747929424047,0,0
2022,5,35.0,-121.0,0.3684461538461538,24.95154943726497,0.30249586964942315,4.180129565465791,0.14091622418597408,397.963589296127,0,0
2022,5,35.0,-120.0,0.30665312499999997,28.887814794048214,0.06333872786612454,1.8751920518485063,0.11024052385360958,415.4538798611611,0,0
2022,5,35.0,-119.0,0.3257109375,25.532537209603113,0.08761854021699375,3.5520262301130083,0.10183052125797472,426.6353545244783,0,0
2022,5,35.0,-118.0,0.117425,29.030196623648386,0.03346795326919502,4.574052584099681,0.02190843192479939,267.8061054321006,0,0
2022,5,35.0,-117.0,0.0859828125,31.579725230124712,0.022327472631644685,4.327423295200617,0.01044112027332342,278.49801047705114,0,0
2022,5,35.0,-116.0,0.11164062500000001,29.58049726024753,0.022357973445963335,2.2547736948074264,0.012170832323771606,267.94704713393,0,0
2022,5,35.0,-115.0,0.12654375,31.046511368597734,0.02247112913877912,2.014126287291548,0.016842309185253618,295.9993531694636,0,0
2022,5,36.0,-122.0,0.4835522727272727,21.409275145171808,1.7155055396719077,4.270469805074104,0.14074950499424288,427.6604011767742,0,0
2022,5,36.0,-121.0,0.2915078125,28.37549588295724,0.8400873664662356,3.000680216991116,0.13418558239936823,512.6043603522703,0,0
2022,5,36.0,-120.0,0.38370312500000003,30.784987214303804,0.3989072900161261,3.1855874257201773,0.1368468208338624,552.6276568416506,0,0
2022,5,36.0,-119.0,0.3723234375,19.550384216923895,2.0975295372203107,1.2843680640464787,0.19505541395115591,516.7925575515255,0,0
2022,5,36.0,-118.0,0.12382968750000001,27.156745152319655,0.3787415951386208,1.228883044551837,0.021960537600260857,222.00710943434387,0,0
2022,5,36.0,-117.0,0.1003546875,31.02013624406632,0.061148955662559915,1.2214257996335238,0.01653397820329149,246.9322015531361,0,0
2022,5,36.0,-116.0,0.135028125,27.55081327807521,0.05633052549214309,1.815696166766308,0.025198740664348757,261.5813628071919,0,0
2022,5,36.0,-115.0,0.1223171875,30.207512966279083,0.025003860880445886,1.5023393841948158,0.021026982415106945,275.76587279327214,0,0
2022,5,37.0,-123.0,0.5741125,18.587787769686813,3.8635883863911147,4.801461464119374,0.14737021410337053,429.3221663683653,0,0
2022,5,37.0,-122.0,0.484778125,23.8454476638507,2.441895682850988,4.795811704555684,0.14581418571506344,416.94268483358127,0,0
2022,5,37.0,-121.0,0.403053125,29.99453654135429,1.1203640058532471,3.2150911867344507,0.13489445435103548,455.05559036973864,0,0
2022,5,37.0,-120.0,0.42395625000000003,22.37575126001914,4.4166806071892495,3.064139450510211,0.25131376007551787,714.0433638123795,0,0
2022,5,37.0,-119.0,0.2183453125,15.392031926493512,3.0271394096210713,1.5581007368291813,0.21547020346887646,308.21589881088585,0,0
2022,5,37.0,-118.0,0.117596875,24.960305916878514,0.35815098433644715,2.027813854690437,0.024430616248038457,227.8460175730288,0,0
2022,5,37.0,-117.0,0.1401984375,24.822598445030966,0.5213766742393489,2.274943214815996,0.027760113118797156,260.88089402765036,0,0
2022,5,37.0,-116.0,0.130153125,25.762856686499838,0.5014300729975218,1.4810332066345049,0.028952126220990193,249.18432300910354,0,0
2022,5,37.0,-115.0,0.1699640625,27.072705487282068,0.32766088022739837,1.4698180648791623,0.04545114822285144,271.59522590227425,0,0
2022,5,38.0,-124.0,0.62245,18.752115007626163,6.712012838437667,6.273645228799984,0.2190559469243531,1100.7796893517175,0,0
2022,5,38.0,-123.0,0.5563578125,24.393782818701986,4.393290440727782,5.641189401822655,0.1718773120833981,736.6287527838722,0,0
2022,5,38.0,-122.0,0.438603125,29.122721928934922,4.127355703328561,3.1702257152778155,0.14489187059863917,449.0105650620535,0,0
2022,5,38.0,-121.0,0.5412250000000001,23.810379654361377,14.808340176184487,2.164069998539704,0.2661094553368066,846.2083535268903,0,0
2022,5,38.0,-120.0,0.36050625000000003,13.633722462192686,13.187280335639429,1.6267420585246906,0.3363208998275059,411.639240803197,0,0
2022,5,38.0,-119.0,0.1732921875,20.44168404148473,3.1587499577447886,2.008131423328917,0.04637581238182635,208.76677869819105,0,0
2022,5,38.0,-118.0,0.1273703125,21.836160839757632,2.2237630944594855,2.775685664965303,0.03134834830478952,248.72296361718327,0,0
2022,5,38.0,-117.0,0.1627671875,20.94010202653949,3.954441464681935,2.733210670262128,0.03398091818696705,237.2923776274547,0,0
2022,5,38.0,-116.0,0.1478,22.79469109658274,3.877472077672195,1.7111840599860413,0.06371965395506989,251.8379237735644,0,0
2022,5,38.0,-115.0,0.209159375,22.166358204810873,7.508449667309236,1.6827164829414447,0.08058354066264241,253.49901022855192,0,0
2022,5,39.0,-124.0,0.7166250000000001,20.40643220101635,28.418619130913925,3.250163509559856,0.27397809105534704,839.5454264245927,0,0
2022,5,39.0,-123.0,0.48781406250000003,24.898285215131725,10.899707620207977,1.8474688155184709,0.21068256612746944,793.6774871777743,0,0
2022,5,39.0,-122.0,0.4504296875,28.67213188755899,8.356383481238794,1.5849398341740222,0.1825164345002943,605.7697400683537,0,0
2022,5,39.0,-121.0,0.5734171875,18.555091668713494,29.922596357007336,1.149555193796756,0.4006776463600897,951.8151540542021,0,0
2022,5,39.0,-120.0,0.319428125,18.95004602709126,12.843024396513414,1.8875032535671576,0.1560617464203988,322.3782244604081,0,0
2022,5,39.0,-119.0,0.140753125,22.90360155720867,4.9526900436625,2.0257760291322304,0.03195132779818703,230.29570514336228,0,0
2022,5,39.0,-118.0,0.1987328125,19.20014535534768,13.68146617076249,2.133831498145481,0.05212396383285518,224.0524748340249,0,0
2022,5,39.0,-117.0,0.2046640625,18.87707606746307,13.180469340820622,2.5718958315816964,0.047089072965806486,223.67607150226831,0,0
2022,5,39.0,-116.0,0.21115625,19.694249571523386,11.312040212740015,2.4187713035460976,0.06276443023835454,229.81297643855214,0,0
2022,5,39.0,-115.0,0.2183828125,19.837062300405215,17.533183974389743,2.2333424823555346,0.08353194145746125,252.8644228586927,0,0
2022,5,40.0,-125.0,0.8024666666666667,13.84143620972992,62.29528836188831,3.36541509479354,0.3303871245936823,413.51735136575167,0,0
2022,5,40.0,-124.0,0.6886609375,16.611877429100794,55.309517719958734,3.32725366269702,0.37446499960396873,614.279692643322,0,0
2022,5,40.0,-123.0,0.4905859375,23.54103703960298,16.86064055300207,1.6849702728060278,0.30180313766643563,761.4121763035655,0,0
2022,5,40.0,-122.0,0.5205734375,20.09715928877556,29.943542733033013,1.55883552830866,0.33465875573055714,797.7317665936425,0,0
2022,5,40.0,-121.0,0.3756703125,17.16660086108794,26.158305528749537,2.004642690644506,0.29223580065593924,561.66833313182,0,0
2022,5,40.0,-120.0,0.211559375,19.936758644350128,11.50886010489316,2.195757265933044,0.05267408554271981,202.34197797253728,0,0
2022,5,40.0,-119.0,0.17508125,20.70253819342584,11.577916276817035,2.264648956055012,0.035416414981247236,221.1030941689387,0,0
2022,5,40.0,-118.0,0.2225375,19.8661741856606,21.225584848959755,1.9269972043298351,0.04556856520714295,203.03947664797306,0,0
2022,5,40.0,-117.0,0.23525,19.049476026719642,23.679614943628025,2.3368856272221143,0.05775274352360792,204.59883741568774,0,0
2022,5,40.0,-116.0,0.26927812500000003,17.255214578874675,29.279511599977326,2.2208443691401745,0.18640192477933817,235.90468941256404,0,0
2022,5,40.0,-115.0,0.201521875,19.219223302410526,19.551886423666787,2.337917788582687,0.07611030500422236,206.22023614123464,0,0
2022,5,41.0,-124.0,0.7022883333333334,15.029863175696399,95.02913374150579,2.25374574500506,0.40552276362939826,541.4392243656847,0,0
2022,5,41.0,-123.0,0.5152765625,17.405455269352103,39.89334631821961,1.0630202590309548,0.39440044792749546,704.0174172725528,0,0
2022,5,41.0,-122.0,0.530915625,18.50654883846162,34.41205661854596,2.018624818868429,0.3395465670093413,644.2175862612203,0,0
2022,5,41.0,-121.0,0.424171875,16.62703769745367,31.924379701901984,2.1174094019376515,0.2404925034892174,375.05924596916884,0,0
2022,5,41.0,-120.0,0.278015625,16.36841913500143,24.133738075558853,2.5244574192724527,0.10323074716393663,187.06834421027452,0,0
2022,5,41.0,-119.0,0.2004609375,19.395579879514656,17.373741549615573,2.231987518996782,0.043779713492239636,200.49126201774925,0,0
2022,5,41.0,-118.0,0.2822375,19.076980932297264,26.16283943987341,2.2148842423941084,0.06622949178500837,215.47133952844888,0,0
2022,5,41.0,-117.0,0.3271203125,16.85195140223351,40.56989675498457,2.589692898082145,0.12207155330206756,211.79988246876746,0,0
2022,5,41.0,-116.0,0.3017328125,15.519900155836556,45.38887058495433,2.401975409230005,0.1731189639978511,234.1164485551417,0,0
2022,5,41.0,-115.0,0.2402578125,17.038857432334677,40.307751336310815,2.4853940401119163,0.11161163994061046,219.83464865479618,0,0
2022,6,32.0,-117.0,0.275703125,30.308531856536888,4.54680286178899,1.987213976956799,0.06778398288620839,471.5011469088495,0,0
2022,6,32.0,-116.0,0.19604375,40.61191933949791,2.3285773565859813,1.6493700783266585,0.04171091583040021,417.98471030779183,0,0
2022,6,32.0,-115.0,0.1797875,41.13473820686343,3.4475279023737926,2.392258610631832,0.04174580441580874,404.6770443674177,0,0
2022,6,33.0,-119.0,0.30575,22.939337539672866,5.130746307024481,2.6006382659081138,0.0696404722001817,212.58898451924324,0,0
2022,6,33.0,-118.0,0.3075625,27.321837128533268,3.9148553878556904,2.242134705441753,0.07823730044894744,353.7149698783954,0,0
2022,6,33.0,-117.0,0.23475625,34.13281990687056,4.448407467627646,1.5918357535509844,0.062188063727484755,514.2419984331354,0,0
2022,6,33.0,-116.0,0.12415,39.11088695526126,2.182214426049711,1.8583773844351743,0.02010373969872788,333.49688397720456,0,0
2022,6,33.0,-115.0,0.123171875,40.49666204452517,2.4542039243371505,2.6062474429521982,0.009454465243551419,374.14812145289034,0,0
2022,6,34.0,-121.0,0.39956875000000003,21.303419748942076,1.0799705654870688,5.213349934936357,0.12673336267471308,390.32118674367666,0,0
2022,6,34.0,-120.0,0.395475,26.35506451153999,0.9760954174616429,4.878034903622385,0.11752387313329006,811.856818695863,0,0
2022,6,34.0,-119.0,0.3233557692307692,30.5063566191584,4.844712022530619,2.4595015799626068,0.08877883256330782,573.1986261522159,0,0
2022,6,34.0,-118.0,0.27200625,32.87112775643669,5.710954683074476,3.0568841212685784,0.05687501827875769,436.078735277988,0,0
2022,6,34.0,-117.0,0.1664359375,33.94436074097953,3.1784441305191535,2.7391616391268983,0.04053133295642001,457.357291597873,0,0
2022,6,34.0,-116.0,0.0830890625,38.149043329556804,2.819770153784873,1.645766278721985,0.005531071292029437,282.4442076962441,0,0
2022,6,34.0,-115.0,0.0982859375,39.790075000127175,0.6184977462382335,2.501006442081012,0.006718476282225669,360.8107039472088,0,0
2022,6,35.0,-122.0,0.4270125,26.247806930542026,0.24731540883493605,3.1575724936902123,0.13863400618235266,842.1583576127887,0,0
2022,6,35.0,-121.0,0.33593461538461533,29.448795540312442,0.4861631604829342,3.4998631879823088,0.13606826233388347,407.1664153478848,0,0
2022,6,35.0,-120.0,0.2883859375,34.25325247446698,1.8217960821331758,1.452668181675017,0.10922374162409036,437.106566154398,0,0
2022,6,35.0,-119.0,0.3011859375,31.258864879608176,4.681117039346816,2.760828572173985,0.09956457449330218,457.3086587479338,0,0
2022,6,35.0,-118.0,0.114075,34.68793320655825,2.999333337122323,3.6624030241792607,0.019600722193717907,283.60838210210204,0,0
2022,6,35.0,-117.0,0.08480312500000001,37.05595156351728,1.7728811578692216,3.5019297494329527,0.005717194080352744,293.31572831142694,0,0
2022,6,35.0,-116.0,0.1096484375,35.141074792544075,3.0054232554377336,2.163143431702918,0.006542510787645919,283.3940020063892,0,0
2022,6,35.0,-115.0,0.1227359375,36.57619270483655,1.0952992813528795,2.456123602887739,0.00830310185750322,312.9757548449561,0,0
2022,6,36.0,-122.0,0.44830000000000003,26.08351524815416,0.8149376658364083,3.767503787672075,0.12591577378989063,484.9624141034755,0,0
2022,6,36.0,-121.0,0.2753546875,34.01216439406079,1.4619798382611293,2.653704155082102,0.13307652771472928,548.593198065646,0,0
2022,6,36.0,-120.0,0.3861609375,36.793956844011966,1.2833037396760005,2.949978505511638,0.12877214021152916,609.6745679387823,0,0
2022,6,36.0,-119.0,0.380990625,25.36218815644585,10.15292564238024,1.1082479675976058,0.15733112394809717,616.8382850009948,0,0
2022,6,36.0,-118.0,0.122721875,32.206033627192205,1.6231871193141956,1.5041908178687966,0.01794857680797572,239.68012921977788,0,0
2022,6,36.0,-117.0,0.0981578125,36.52876927852633,1.5020409116388578,1.9147220692233504,0.007680110136667831,268.9734676387161,0,0
2022,6,36.0,-116.0,0.1317078125,33.12910538514457,2.868521165275695,2.016181635204113,0.020592309037844293,282.384276506491,0,0
2022,6,36.0,-115.0,0.120003125,36.01051994164787,0.5960226042063255,2.115343297901343,0.011814286311467437,292.7474450552836,0,0
2022,6,37.0,-123.0,0.55335625,21.04888210296633,3.033867942342283,3.85713846420559,0.11574738290574813,418.3073812164366,0,0
2022,6,37.0,-122.0,0.45289687500000003,28.067117820845734,1.6487809502076325,3.9459602626890105,0.13201508312313642,429.0879188726346,0,0
2022,6,37.0,-121.0,0.39461875,35.609676138560005,1.791658483618619,2.8782105934105684,0.1305089198880725,482.8852441860363,0,0
2022,6,37.0,-120.0,0.41504375,28.776905488967916,6.410502501005055,2.807017560376772,0.1889819867081112,859.6762605011463,0,0
2022,6,37.0,-119.0,0.2502453125,21.45346842606865,8.64623337815118,1.6307695369712407,0.13745805654260845,387.51656806562096,0,0
2022,6,37.0,-118.0,0.11443125,30.33090831438703,0.9674473183096666,0.8557731885673717,0.022172872225443476,242.73442151024938,0,0
2022,6,37.0,-117.0,0.1342125,30.447856704394045,0.9186082968355436,1.940888744979923,0.024232212040159382,281.80827444884926,0,0
2022,6,37.0,-116.0,0.125715625,31.350067853927634,0.8788436168671865,1.8804510963299028,0.023868117398685818,269.3152871215716,0,0
2022,6,37.0,-115.0,0.16445625,32.988374614715596,1.5883489029349107,2.1172874334078355,0.042545710338486524,290.57393851689994,0,0
2022,6,38.0,-124.0,0.576375,21.64358465406633,13.256990007608255,4.893525599803743,0.17811764151961712,1079.127401734392,0,0
2022,6,38.0,-123.0,0.4927078125,28.129531153043136,5.769906005063774,4.432158374455343,0.14525784916347922,807.341696578078,0,0
2022,6,38.0,-122.0,0.4022734375,33.56265955766044,5.347783582458021,3.2987723443364376,0.13523823022842404,469.7266942821443,0,0
2022,6,38.0,-121.0,0.52333125,29.37254660924278,18.378562897616746,1.9406509745953813,0.2166193157434463,1007.0211098063737,0,0
2022,6,38.0,-120.0,0.4023890625,20.876371304194162,19.221614485779526,1.6107689567785948,0.25868122279644007,561.9376588147134,0,0
2022,6,38.0,-119.0,0.174153125,26.659584593772916,3.7805513927580137,1.6360644358766636,0.04397718144787678,224.69308611471206,0,0
2022,6,38.0,-118.0,0.12125,27.712326240539575,2.09539932961178,1.5327631037587348,0.029866857992278163,265.1254936354235,0,0
2022,6,38.0,-117.0,0.1605421875,26.908327555656452,1.373617815026762,1.583573303149842,0.03163968324661251,259.5237693749368,0,0
2022,6,38.0,-116.0,0.146796875,28.768033560117104,0.7836738584430236,1.5222464296902842,0.06122187541590793,280.91516986023635,0,0
2022,6,38.0,-115.0,0.2071,28.53055775960288,2.1598324162752647,2.314145685262724,0.0769048154354095,289.03318906668574,0,0
2022,6,39.0,-124.0,0.7021375,25.60770630836489,17.709709143439056,2.459640540719021,0.2012322061591678,1060.938038630411,0,0
2022,6,39.0,-123.0,0.46463750000000004,30.76575219631198,9.686048979112627,1.4083895356713547,0.1739929616451263,971.8789549078792,0,0
2022,6,39.0,-122.0,0.458765625,34.424999101956715,14.30541151034248,1.2343603752242749,0.16961262358559498,659.1807141667232,0,0
2022,6,39.0,-121.0,0.62184375,24.580123774210634,36.05977110395742,1.431319906071359,0.34328817360930974,1165.8737518591806,0,0
2022,6,39.0,-120.0,0.320690625,25.816980814933796,7.920415511527779,1.6824570880327263,0.12012402183479728,383.1846348475665,0,0
2022,6,39.0,-119.0,0.1320609375,29.592815685272235,2.580435153269889,1.669428851704821,0.029534192548857745,248.61024238634855,0,0
2022,6,39.0,-118.0,0.189228125,25.937529905637128,5.449295181954028,1.578009284118484,0.043009707000520446,247.07405047956854,0,0
2022,6,39.0,-117.0,0.2009046875,26.041944758097355,3.252049813220026,1.7040218095080495,0.038595681720309735,253.68915381841362,0,0
2022,6,39.0,-116.0,0.2070921875,26.675699893633542,2.137783587151887,1.5817789610590691,0.05380788677268555,265.99294738844037,0,0
2022,6,39.0,-115.0,0.2188734375,26.791183495521565,6.59531857649398,1.5074147491106518,0.06601036455896162,301.49836000055075,0,0
2022,6,40.0,-125.0,0.7874,17.150414445665188,25.25742808187914,3.043059900089061,0.2573993565123758,438.8921914829148,0,0
2022,6,40.0,-124.0,0.6968,22.096837957700124,30.58961280452621,3.0328923374789123,0.3049995872709486,821.5428671101108,0,0
2022,6,40.0,-123.0,0.47298125,30.333120632171653,21.68631567450774,0.99023072601051,0.2612033496300379,948.208126006648,0,0
2022,6,40.0,-122.0,0.52815625,26.538996187845896,33.00541187467587,1.116996109500315,0.27929665578736196,1004.0744859725237,0,0
2022,6,40.0,-121.0,0.3732,24.401429120699593,18.390323406258346,1.966319606524672,0.2179319732718997,729.3179763946682,0,0
2022,6,40.0,-120.0,0.1886421875,27.156991998354616,6.0174459574611205,2.152920407412143,0.042135299907790226,233.29963174182922,0,0
2022,6,40.0,-119.0,0.1532375,27.91880818208061,8.49725785496247,1.86213389678157,0.030265285571416157,247.41484259720892,0,0
2022,6,40.0,-118.0,0.194740625,27.326075919469222,8.456580013209702,1.531737782856778,0.03001709149943453,231.60216258838773,0,0
2022,6,40.0,-117.0,0.2075453125,27.105261627833066,7.19430474395466,1.7603409364322522,0.0357551041576597,241.1701128585264,0,0
2022,6,40.0,-116.0,0.2538546875,25.809667166074135,8.223874865272762,1.6155241065343422,0.12456850111484521,305.27280271053314,0,0
2022,6,40.0,-115.0,0.1986203125,27.301827700932847,10.617830695757391,1.4698421291671144,0.05095650785499145,252.24176340270787,0,0
2022,6,41.0,-124.0,0.7404383333333334,20.187898819534894,57.28830439387009,1.9153624079514453,0.355236970524729,689.8262625353203,0,0
2022,6,41.0,-123.0,0.549546875,24.079765756924967,44.75435814651263,0.8594643914273873,0.33995925221178264,928.837583749555,0,0
2022,6,41.0,-122.0,0.5504296875,25.45467162132265,29.47277263569248,1.6191204617774115,0.26714945435523985,844.5710035739467,0,0
2022,6,41.0,-121.0,0.4083625,24.378071157137576,23.39791264216018,1.7801030385478736,0.14906458821561597,494.95537718757987,0,0
2022,6,41.0,-120.0,0.2662109375,24.36676489512128,14.683752225884916,2.074559898434644,0.043641836775673716,232.59078420232981,0,0
2022,6,41.0,-119.0,0.177021875,26.736275227864603,16.160029357472183,1.7552768125213185,0.035874716109699625,231.6483996110037,0,0
2022,6,41.0,-118.0,0.2466859375,26.614662043253606,18.581499716439964,1.4621368987012189,0.04928049511379659,251.14718719851226,0,0
2022,6,41.0,-117.0,0.2937859375,25.33891165256503,16.680935535752894,1.6781625523822576,0.07112180590629573,268.1829440407455,0,0
2022,6,41.0,-116.0,0.29493125,24.495617906252566,15.501784065911295,1.730157016528122,0.11708752810955042,318.1554265320301,0,0
2022,6,41.0,-115.0,0.2269703125,26.053151750564602,10.11882247234297,1.5512137634384693,0.07346659368938867,284.16555060539395,0,0
2022,7,32.0,-117.0,0.269596875,31.09392955533921,8.66032817986806,2.273328021494883,0.06857687491242596,472.921893466264,0,0
2022,7,32.0,-116.0,0.194971875,41.76396528674712,5.59549087313016,1.362917487240273,0.047931015491485554,433.17036237567663,0,0
2022,7,32.0,-115.0,0.17114375,41.97002165086811,4.312534421952563,2.950501240533626,0.05019099289371115,426.3563374988735,0,0
2022,7,33.0,-119.0,0.29874999999999996,23.476657793598804,0.9159767779429728,3.7987719103177993,0.06722068273892964,225.810669362545,0,0
2022,7,33.0,-118.0,0.2965825,27.75439444100988,1.4147787444512023,2.575509652087139,0.07623239503539159,359.1793281336626,0,0
2022,7,33.0,-117.0,0.23377343750000001,35.24700571952329,11.541906815292435,1.7169344633211887,0.06426236546167759,518.254135036841,0,0
2022,7,33.0,-116.0,0.120284375,40.41620093314881,6.3884175161739165,1.9578237871339967,0.025077550001041827,351.9704139325768,0,0
2022,7,33.0,-115.0,0.1238234375,41.34194288253787,12.603049470381933,3.011005923008012,0.02284220149440145,386.3864369923249,0,0
2022,7,34.0,-121.0,0.37971875,20.519777275413617,1.2830423591256115,5.030079506205796,0.12528260207090747,306.21795294185483,0,0
2022,7,34.0,-120.0,0.3783022727272727,26.81719457676685,1.543513894802871,5.60397934830194,0.11735978271021984,774.1141326612596,0,0
2022,7,34.0,-119.0,0.30765,31.464636587643064,1.708170649221002,3.173356478816846,0.08613385002508546,588.209249270268,0,0
2022,7,34.0,-118.0,0.2635046875,34.17182860374454,3.0950112978835875,3.507327099023533,0.05367250468141286,453.00317311193794,0,0
2022,7,34.0,-117.0,0.171953125,35.619999680980584,11.497654557498294,2.227686638097476,0.04682716438847198,462.1516509214416,0,0
2022,7,34.0,-116.0,0.0842859375,39.45217896584544,9.890074447067576,1.8362275309434,0.01580392769587931,293.16504823509604,0,0
2022,7,34.0,-115.0,0.100134375,40.72324117076014,15.871903930129605,2.5409024188491203,0.02281463370528267,365.01577717717737,0,0
2022,7,35.0,-122.0,0.40385,24.638134421071726,0.5729185196479136,2.456491445367367,0.1370482572945215,640.7397445291281,0,0
2022,7,35.0,-121.0,0.3205173076923077,27.87956846945538,0.5434587329271486,3.3145829546503607,0.13582935509420074,345.53377421047446,0,0
2022,7,35.0,-120.0,0.2814375,36.27347913403667,0.4383768665512377,1.8048316578229773,0.10585671567147772,460.7275604503229,0,0
2022,7,35.0,-119.0,0.29231562499999997,33.99582619359418,1.3219095545728976,3.1689253952179057,0.09585130727419285,490.51475804299116,0,0
2022,7,35.0,-118.0,0.1143671875,37.36131562263737,2.4668931274582917,3.708142599931995,0.017211916626140574,301.8902271287516,0,0
2022,7,35.0,-117.0,0.0855515625,39.175092669456255,5.558861490609246,3.137308344793624,0.01057321217752268,302.67106648534536,0,0
2022,7,35.0,-116.0,0.12788125,36.666344407296975,21.017078148471313,2.402722579953705,0.02143274840488225,281.92446450702846,0,0
2022,7,35.0,-115.0,0.1376359375,37.64111650682268,19.695310225980478,2.896389246982769,0.02449166902931783,306.58405099529773,0,0
2022,7,36.0,-122.0,0.43364090909090913,26.233257827684227,0.8986230210817197,2.883437373315437,0.12447967821396531,443.05807058558315,0,0
2022,7,36.0,-121.0,0.2722734375,35.49945114043454,0.2449120639731461,2.4068321709772325,0.13159228396672068,557.8627517679706,0,0
2022,7,36.0,-120.0,0.394415625,39.253689499824304,0.13514289286931097,2.8555587988018734,0.12671198319363333,641.8528715148568,0,0
2022,7,36.0,-119.0,0.390009375,28.560382784566595,13.541472681136923,1.0021871044238355,0.15062301229405142,687.271109316498,0,0
2022,7,36.0,-118.0,0.1266125,35.28050065348228,2.26844528344472,1.9525714286939304,0.015763518310362237,258.06034600827843,0,0
2022,7,36.0,-117.0,0.098296875,38.94996835647093,9.988423275100189,2.917398592588372,0.0120963928520038,281.1077550286427,0,0
2022,7,36.0,-116.0,0.1376390625,34.908713159253544,46.516581975193816,2.241015832485188,0.045772049375759606,277.9032635735348,0,0
2022,7,36.0,-115.0,0.125190625,37.793199826825074,11.841731449859338,2.5225225056440235,0.01708735958222416,295.2682980103418,0,0
2022,7,37.0,-123.0,0.5464125,20.195785325573354,2.291814960809546,3.992102304682486,0.10887795109902655,360.1544084958732,0,0
2022,7,37.0,-122.0,0.447525,28.04318784693238,0.7366480550636822,3.371973783894301,0.12969157142451157,393.6492456899335,0,0
2022,7,37.0,-121.0,0.412796875,37.08260941043979,0.08360163894494117,2.902024030146704,0.12917599915176306,497.2222143551335,0,0
2022,7,37.0,-120.0,0.41165625,31.99684230281463,2.7716311870982224,2.790945481742518,0.16815552467940953,951.4243514277041,0,0
2022,7,37.0,-119.0,0.264734375,25.5913744618816,12.357985904710489,1.3388311005597242,0.128424794443192,455.4297924041748,0,0
2022,7,37.0,-118.0,0.1171671875,33.694983393146174,3.2362202892919356,2.188382522556978,0.020216240357327164,265.10919188149273,0,0
2022,7,37.0,-117.0,0.1399125,33.31295611320005,10.189054372059303,3.139557714410311,0.024812038547249213,297.25343082100153,0,0
2022,7,37.0,-116.0,0.1309515625,33.99719644669567,9.982714267717796,2.733919040586735,0.026685467330358318,270.654110587202,0,0
2022,7,37.0,-115.0,0.17101875,35.089634852255564,14.399612160669761,2.692122006592166,0.0479182431133844,289.06120953615755,0,0
2022,7,38.0,-124.0,0.5447150000000001,22.24418895270237,2.070276106667516,4.157061391382242,0.14312578324348693,905.7244917998712,0,0
2022,7,38.0,-123.0,0.458496875,28.372131773733344,1.1720513704140956,3.630680392744389,0.13406900757102552,735.0394189124927,0,0
2022,7,38.0,-122.0,0.3944390625,33.67307853237278,0.44933504079480713,3.759701658226816,0.1295389116451304,446.92102691624314,0,0
2022,7,38.0,-121.0,0.5138859375,32.048175784080286,0.7945744565596158,2.0959191965951387,0.1800725520938955,1127.0492075709626,0,0
2022,7,38.0,-120.0,0.4119125,26.433099319088864,6.8224932311942155,1.3163253573367286,0.19006954886580021,721.5930122183636,0,0
2022,7,38.0,-119.0,0.1737,31.599782739147084,4.014282791214185,1.2410083846535471,0.042595054193209525,252.0371237769723,0,0
2022,7,38.0,-118.0,0.121453125,32.34061633694559,1.770776301892596,1.3292774161884515,0.02785760132215352,294.35535054653883,0,0
2022,7,38.0,-117.0,0.169971875,30.995060616154852,1.6033731645812566,2.457704766056573,0.03083603548747233,280.6502893799916,0,0
2022,7,38.0,-116.0,0.155746875,32.6500164493438,3.269414721327024,2.3942299376341825,0.06118979409176811,293.51700807455927,0,0
2022,7,38.0,-115.0,0.21724375,31.77302390836903,10.014897516267496,2.776904009862605,0.07961138922681088,289.2589890398085,0,0
2022,7,39.0,-124.0,0.6777875,29.13566455841066,2.513559140535193,2.080567726268454,0.1485402096984207,1185.0109349470586,0,0
2022,7,39.0,-123.0,0.43601875,34.813838746470815,1.8804011179973656,1.6368649974555067,0.15488372502788417,1075.2662984887138,0,0
2022,7,39.0,-122.0,0.4693015625,37.03147876185758,0.4246673325916106,2.6695586469802604,0.14888141520561707,719.281745958142,0,0
2022,7,39.0,-121.0,0.6317640625000001,29.653984142118905,1.8200977484603698,1.4138476576755292,0.2512117249350394,1476.4188923873007,0,0
2022,7,39.0,-120.0,0.31527812499999996,31.492048112807762,2.175784508036571,1.4288835757332132,0.10905258918321255,460.51183994859457,0,0
2022,7,39.0,-119.0,0.12818125,34.635667327142556,1.5867588355114037,1.4809827516570662,0.026745618351044144,285.3361105080694,0,0
2022,7,39.0,-118.0,0.185425,31.221704678381666,2.8511160763819987,1.2436771688559514,0.040048335829088726,278.5992712015286,0,0
2022,7,39.0,-117.0,0.2012984375,30.734013429764804,3.4392509388645465,1.8458722871843136,0.036928963917557865,278.74166308902204,0,0
2022,7,39.0,-116.0,0.2081,30.916328340961112,2.7296210884024674,2.294571744172755,0.05217876133098392,290.9011348383501,0,0
2022,7,39.0,-115.0,0.225096875,30.83825103236785,9.624765791269141,2.0020805349973747,0.06455959267513724,318.6344229616225,0,0
2022,7,40.0,-125.0,0.7463166666666666,18.53100142393492,10.75716308283011,3.610688134618813,0.18063572230732136,430.05938041541316,0,0
2022,7,40.0,-124.0,0.6744609375,26.665766242242647,9.781668033721047,3.166750502632476,0.22845132056102957,1013.9000614872202,0,0
2022,7,40.0,-123.0,0.4482546875,35.66392233602464,4.0657087939699466,1.933720909900691,0.22205302407664634,1149.288936983794,0,0
2022,7,40.0,-122.0,0.5191984375,32.18925267957874,2.8384975868185336,1.9339062405499727,0.20218933878406398,1247.0312946243212,0,0
2022,7,40.0,-121.0,0.35388437500000003,30.64386539613049,0.9386940638442809,1.7978833346663547,0.17188675845822976,928.4711775835603,0,0
2022,7,40.0,-120.0,0.167996875,32.93537914676054,0.6248486007471854,1.929878794668784,0.03816663033218789,261.74834684934467,0,0
2022,7,40.0,-119.0,0.1419546875,33.5192077036827,0.7966268586834246,1.717784154276565,0.02528180133911867,284.83621950726956,0,0
2022,7,40.0,-118.0,0.1785515625,33.166131238014486,0.388478232817846,1.3543897922954629,0.02475285273726263,266.87395910266787,0,0
2022,7,40.0,-117.0,0.19249375,33.01465050174346,0.9271202853788907,1.424789983319751,0.03009460241563854,274.4081092532724,0,0
2022,7,40.0,-116.0,0.2369734375,31.650354242324855,1.628526557507115,1.3570189331336622,0.10652215698713893,357.050565071404,0,0
2022,7,40.0,-115.0,0.194896875,32.80791971298959,3.2660451962520654,1.538786755494775,0.041247298320134435,285.7269443338737,0,0
2022,7,41.0,-124.0,0.736715,25.294403005073598,11.796647805576852,2.350917917530294,0.24270736188444184,907.330868848496,0,0
2022,7,41.0,-123.0,0.5441328125,31.03249808588338,9.679027671264606,0.6890705912680398,0.24929170486747576,1256.889712647535,0,0
2022,7,41.0,-122.0,0.5346140625,31.939333841877623,3.31785630089243,1.4848372031773422,0.20782966479178394,1098.1865563662723,0,0
2022,7,41.0,-121.0,0.35667499999999996,30.894163019426426,0.5848315323611075,1.583920613457471,0.10201616088549291,617.5080944085494,0,0
2022,7,41.0,-120.0,0.23391718749999998,30.787883300165998,0.3235317545851046,1.8697687673899184,0.026205406714511124,271.3567657629028,0,0
2022,7,41.0,-119.0,0.1597265625,33.05641601470211,0.4304534069170529,1.6495817710361027,0.022161975663195325,271.9780580373481,0,0
2022,7,41.0,-118.0,0.21588593749999999,33.12491920994177,0.378944516452151,1.4933561099022994,0.03044876392169661,300.5073672393337,0,0
2022,7,41.0,-117.0,0.2414265625,31.977465594199426,0.8612110524346406,1.7661269000305662,0.0436456950121028,328.0751552665606,0,0
2022,7,41.0,-116.0,0.2574109375,31.124064271680798,1.4007327391674096,1.466081497311119,0.07162165577693647,403.3718517748639,0,0
2022,7,41.0,-115.0,0.211759375,32.45398224861394,3.5844650830050284,1.358125138514651,0.05186888319189826,333.5001269588247,0,0
2022,8,32.0,-117.0,0.276834375,31.91095164821997,13.374635219729925,2.1221454598713843,0.07606137183404733,417.8224904462695,0,0
2022,8,32.0,-116.0,0.19831875000000002,40.32530523423228,18.943525586433196,1.713990111392239,0.06976874925756962,369.16399537585676,0,0
2022,8,32.0,-115.0,0.166134375,40.51706282092681,19.18079537913897,2.6020020081282524,0.06921860030902323,369.1760196816176,0,0
2022,8,33.0,-119.0,0.29055,25.49299848002775,0.3626302035222295,3.908034783159287,0.06700889525874965,222.34562970697877,0,0
2022,8,33.0,-118.0,0.29446,29.941612842518804,1.1705850712030972,2.477980283992769,0.07661092016432017,356.47644506146514,0,0
2022,8,33.0,-117.0,0.24000312499999998,35.22895687164802,16.163685094721103,1.5653555348157089,0.08043008369784196,462.77618082240224,0,0
2022,8,33.0,-116.0,0.12333125,39.285804920811835,15.985206203691149,1.6357317622941492,0.0410829526121898,307.8374774195254,0,0
2022,8,33.0,-115.0,0.1292546875,39.84607566864263,17.83509712309339,2.3949937115185813,0.03542194283136752,327.19859096687287,0,0
2022,8,34.0,-121.0,0.38070624999999997,21.58898109312986,1.4323976041445974,4.735513610133389,0.1247696509070721,301.56350461766124,0,0
2022,8,34.0,-120.0,0.3754431818181818,27.941147694070334,1.6836191593450875,5.792486835341403,0.11783321954870733,754.5172667525934,0,0
2022,8,34.0,-119.0,0.30526538461538466,32.995349103424374,2.0727637828191727,2.641669222299799,0.08671504878655979,573.6346891961801,0,0
2022,8,34.0,-118.0,0.262575,35.40213019924782,5.1873309688339475,2.8678088439009173,0.05488262061149839,443.87262663803995,0,0
2022,8,34.0,-117.0,0.178965625,34.901088540784805,17.859762037328863,1.4970659796888506,0.07052043657149033,396.95153024513274,0,0
2022,8,34.0,-116.0,0.086715625,38.20674029011882,19.611836379549885,1.3765542278570644,0.029675827551913458,256.4216455211863,0,0
2022,8,34.0,-115.0,0.106909375,39.35519659442289,20.137340497381473,1.7817823469012024,0.036497350982440356,313.268503989093,0,0
2022,8,35.0,-122.0,0.4007625,25.90848035504743,0.9884361328253988,2.185224163366128,0.1370901343643024,610.3619933128357,0,0
2022,8,35.0,-121.0,0.32080192307692307,29.239046778651304,0.688534073114456,3.035540813304287,0.1357965042086912,324.5654440461061,0,0
2022,8,35.0,-120.0,0.2793578125,36.82246457684427,0.43704706818559197,1.6355155149339755,0.10175942060767959,431.65508832316846,0,0
2022,8,35.0,-119.0,0.2867625,34.40569817173868,2.376175221211696,2.590034011343022,0.09602950016657506,457.11815683171153,0,0
2022,8,35.0,-118.0,0.114075,37.435888708791445,4.333902817375446,2.9945375252173982,0.0179063104173188,268.87937542051077,0,0
2022,8,35.0,-117.0,0.087425,38.428116370785645,19.09680056028762,2.109997917714641,0.032051106614451215,256.2003625789657,0,0
2022,8,35.0,-116.0,0.1476984375,34.77886265631648,47.458489859632635,1.4603545584699322,0.06812459839287618,226.369566982612,0,0
2022,8,35.0,-115.0,0.1599859375,35.72285943954224,37.007433796457434,1.407796068258059,0.05631556466061577,248.52193845435977,0,0
2022,8,36.0,-122.0,0.4306840909090909,27.651694715244467,1.080297896963794,2.2475724643329724,0.12432162805969295,414.06798458686376,0,0
2022,8,36.0,-121.0,0.26763593750000003,36.226897696525846,0.7047571392426732,2.194990509989164,0.13128663391195314,519.2975881509483,0,0
2022,8,36.0,-120.0,0.376040625,39.76694231187146,1.0483923518727067,2.54219604596151,0.1265045805003053,598.268868168816,0,0
2022,8,36.0,-119.0,0.388440625,27.803372855340307,47.4367495311121,0.7378606507498066,0.2184635468067661,602.13752835989,0,0
2022,8,36.0,-118.0,0.1326609375,34.12622105229288,23.107961021519685,1.246944638084469,0.03955454403354272,222.45848714374006,0,0
2022,8,36.0,-117.0,0.1004125,37.800156627162835,22.376677921197796,1.60728508962823,0.03906604487408868,236.17173067759722,0,0
2022,8,36.0,-116.0,0.1442140625,32.21739088642983,88.93786530584791,1.0960981047001102,0.1460897884061259,213.54758460074663,0,0
2022,8,36.0,-115.0,0.1328921875,35.4436572397909,28.99966292657652,0.9229851160911616,0.0438772074637874,238.27446077484637,0,0
2022,8,37.0,-123.0,0.5377125,22.224660984162384,1.7905907855997327,3.4390105234991406,0.10746792439491512,354.95030833408237,0,0
2022,8,37.0,-122.0,0.44206875,29.425777994689142,0.7477498608648621,2.850359222243219,0.1292941939873507,370.97844419380027,0,0
2022,8,37.0,-121.0,0.4015890625,37.69182070147609,0.2544400898436549,2.6645159515638195,0.12921382086251368,457.7656778274104,0,0
2022,8,37.0,-120.0,0.4044890625,32.067412379480196,15.190390838466072,2.441246207848943,0.19145135116833506,851.6866606660187,0,0
2022,8,37.0,-119.0,0.26351562500000003,23.659542294471514,56.684141947112465,1.3100046754715742,0.20595869389913413,373.0750202666968,0,0
2022,8,37.0,-118.0,0.1229171875,31.980383768389324,29.338258519924665,0.9961182407713134,0.05021649887484885,221.50591353420168,0,0
2022,8,37.0,-117.0,0.1566265625,31.277842709325995,54.408942783407355,1.4052612220106766,0.07605040169531296,231.22217692434788,0,0
2022,8,37.0,-116.0,0.14075625,31.51704392433169,46.21263567001321,0.9404345921975032,0.07497978466813278,209.17271624784917,0,0
2022,8,37.0,-115.0,0.18521875,32.5613136399177,38.99808480978706,0.9292755666899722,0.085314518020999,220.36903770640492,0,0
2022,8,38.0,-124.0,0.526105,23.81071075931675,1.1612688652247036,3.605163919162621,0.13760793849986083,886.477017775178,0,0
2022,8,38.0,-123.0,0.4443453125,29.898121752277525,0.8418333867261651,3.013884044444936,0.13340056198899458,703.6828255513683,0,0
2022,8,38.0,-122.0,0.3839,35.09452566331435,0.2990648766676429,3.380493868086518,0.12943677171584092,417.34970652032644,0,0
2022,8,38.0,-121.0,0.5069265625,32.91293398334136,1.8893177305976394,1.9684847912500447,0.18019859701074575,1066.0696087870747,0,0
2022,8,38.0,-120.0,0.40530781250000003,25.750434078708793,25.984383622340346,1.2508888250705503,0.21943358452089368,637.9436701536179,0,0
2022,8,38.0,-119.0,0.1733453125,29.747324415945258,30.36118528448739,1.1697695546192204,0.06835311266683756,207.57832401432097,0,0
2022,8,38.0,-118.0,0.127575,29.833852547983998,49.41948174142041,0.484585791069007,0.07782767793183681,229.06577726826072,0,0
2022,8,38.0,-117.0,0.1815609375,27.678689821304832,70.44173680820265,0.827851438661914,0.10519039182252776,204.81951860710979,0,0
2022,8,38.0,-116.0,0.1668625,29.301114700686572,53.01180921138027,0.8199249334916211,0.12870529550378038,213.41526694595814,0,0
2022,8,38.0,-115.0,0.2311765625,28.544999794806223,51.36880624682405,0.8947002305871303,0.1402549378333553,205.55013115517795,0,0
2022,8,39.0,-124.0,0.6686625,30.384146078171298,1.8430866451630834,1.7774219103349331,0.14347982470707224,1151.9572772085667,0,0
2022,8,39.0,-123.0,0.4241046875,35.10288111932818,3.1243238748679403,1.1796110054278253,0.1553250666587583,1006.2484596855938,0,0
2022,8,39.0,-122.0,0.44858593750000003,37.632808626851755,0.7485951913217548,2.1589055574951166,0.14886887419608327,653.4092598594725,0,0
2022,8,39.0,-121.0,0.6295328125,29.93619652255891,10.572877448208118,1.298513643304633,0.2629477458615457,1329.9765642732382,0,0
2022,8,39.0,-120.0,0.31000937500000003,30.64685109661474,19.233656782812858,1.2745972507102552,0.1240033206119332,400.90635721571743,0,0
2022,8,39.0,-119.0,0.1257734375,33.25799525476273,18.93140209481814,0.8386741592752198,0.038531940470459575,237.63281235005707,0,0
2022,8,39.0,-118.0,0.18428125,28.60189759654385,59.868540117673064,0.6819073756759229,0.10542908791572814,219.23674293793738,0,0
2022,8,39.0,-117.0,0.2015875,27.247977175251155,72.32632112332382,0.8688557170495159,0.11805018013523468,205.068014212884,0,0
2022,8,39.0,-116.0,0.2132359375,27.438982659001528,55.43476549551585,0.9587649453054592,0.12740103083272128,205.57367580477148,0,0
2022,8,39.0,-115.0,0.2287,27.300927049882972,65.25238576919534,0.8216963335746204,0.1486296108973923,228.5256386967376,0,0
2022,8,40.0,-125.0,0.7217000000000001,20.199811512936854,3.0993940252300614,3.451269489933191,0.14189054290880862,450.647226224343,0,0
2022,8,40.0,-124.0,0.6670109375000001,27.75014085462019,5.926553594104433,3.050372262239551,0.20927282142382791,1001.2006300967187,1,1
2022,8,40.0,-123.0,0.4386296875,35.50861292808289,6.9656411336431745,1.2809490933112109,0.22684481836134385,1055.020949919708,1,1
2022,8,40.0,-122.0,0.5165578125,32.07575436099885,6.307359520501876,1.280780598015466,0.20858627237299432,1102.6724621187896,0,0
2022,8,40.0,-121.0,0.34925,29.999124114744145,18.63545641877451,1.593877743037628,0.19235494284219634,811.6300191031769,0,0
2022,8,40.0,-120.0,0.158540625,32.15169477001315,14.725124664760614,1.769701753334501,0.04455071078833708,227.5996170938015,0,0
2022,8,40.0,-119.0,0.13769375,32.634554781452316,12.254249273023987,1.6012663892468002,0.03148291828811804,238.0071185762063,0,0
2022,8,40.0,-118.0,0.17201875,31.947513937181068,19.149472439817572,0.9835757682603132,0.03834322319235847,222.1914124675095,0,0
2022,8,40.0,-117.0,0.1844546875,30.74446732305714,34.92387357742288,1.011646947520198,0.07127513359951712,212.3147560050711,0,0
2022,8,40.0,-116.0,0.2267328125,28.739063727471162,43.767932538099075,0.6637217092727926,0.17111451298959787,262.66325009055436,0,0
2022,8,40.0,-115.0,0.193025,29.46409911032648,45.9966503234277,0.7308689120952293,0.09596016169876176,210.81213664729148,0,0
2022,8,41.0,-124.0,0.7424933333333333,26.33733687041911,6.665964688019936,2.1275008150166577,0.21266854455963824,925.838411351045,0,0
2022,8,41.0,-123.0,0.5437875,31.230650074251265,9.798352807916189,0.4728411254499232,0.2445800435799424,1194.8674392187968,0,0
2022,8,41.0,-122.0,0.531,31.885626080728372,7.678132239885116,1.2531288143374586,0.21130341163245578,994.1005927976221,0,0
2022,8,41.0,-121.0,0.33518125,30.441598372305616,13.72356523402729,1.4409285153321716,0.11222682524752871,534.0685170376673,0,0
2022,8,41.0,-120.0,0.21602656250000002,30.21607701547687,15.79441918634572,1.573346741495747,0.03461391663038599,232.51376603730023,0,0
2022,8,41.0,-119.0,0.150246875,32.64598956723369,6.316046664647246,1.518121164931066,0.024820473565850154,234.6446238225326,0,0
2022,8,41.0,-118.0,0.2025890625,32.3863477353127,8.850207287974143,1.0614888714259412,0.034865827970607256,253.97796276956797,0,0
2022,8,41.0,-117.0,0.2132125,30.417285799211097,19.90584467180767,1.1760390010436754,0.05916630452679045,260.04809082951397,0,0
2022,8,41.0,-116.0,0.2258734375,28.89265160714429,29.38110913724401,0.6904851706365254,0.10591684618303848,301.86576407868415,0,0
2022,8,41.0,-115.0,0.2038203125,29.510534397248325,35.99503377095559,0.6839678659377048,0.08534198422585759,247.2559359157458,0,0
2022,9,32.0,-117.0,0.286090625,30.101873540878323,38.583319749410094,1.3158399919301191,0.12091063393486866,341.3027978967875,0,0
2022,9,32.0,-116.0,0.20664062500000002,37.08432815869651,32.513014621759595,0.9287265001952848,0.10713966488838189,285.75906972400844,0,0
2022,9,32.0,-115.0,0.1638375,38.26942192713422,12.84405228095764,1.8651092364830515,0.06916151046752925,289.6110820583999,0,0
2022,9,33.0,-119.0,0.302825,26.857082112630223,20.86967241364235,2.477104055096085,0.0994440926445854,182.4375968426466,0,0
2022,9,33.0,-118.0,0.30001,29.671992560492647,23.686219618693134,1.732671306380452,0.11304534629539202,284.9773683895667,0,0
2022,9,33.0,-117.0,0.2506765625,32.63831373850507,30.277975950117053,0.8604618146509527,0.10684641136063466,370.8998131332919,0,0
2022,9,33.0,-116.0,0.13037656250000002,36.14787538051607,20.89980651969725,1.114443953272179,0.054136177566316356,232.714002719149,0,0
2022,9,33.0,-115.0,0.1352671875,37.69625068505608,10.494889108191074,1.8744571214434715,0.032410819994078695,266.13843732047826,0,0
2022,9,34.0,-121.0,0.41829375,23.44892929924859,33.49234361546749,3.3846501110524807,0.18729790669900392,281.7438763255874,0,0
2022,9,34.0,-120.0,0.38530681818181817,26.591046932490205,38.1303632824463,4.064777546642191,0.17975762428258,563.9990350287973,0,0
2022,9,34.0,-119.0,0.3118711538461539,30.502002999721455,34.527525898560256,1.3226827416304527,0.13472006572277795,414.8463575312725,0,0
2022,9,34.0,-118.0,0.2664125,32.78039754231773,18.59259803193325,1.346654366913936,0.07599239051342006,333.0945133930072,0,0
2022,9,34.0,-117.0,0.1808125,31.97563411394757,13.00703955228144,1.045815347142184,0.06639061139689548,328.27904843725264,0,0
2022,9,34.0,-116.0,0.089834375,35.57446146011354,8.646781438688578,1.0633211411326684,0.02324653102291951,204.51068121474236,0,0
2022,9,34.0,-115.0,0.1129828125,37.19520059426627,9.683781651506962,1.4661585521867122,0.03009451097912253,259.35801258310676,0,0
2022,9,35.0,-122.0,0.4096375,26.525491523742687,19.64586239653343,1.7299155741414127,0.17507497469584143,531.5101593732834,0,0
2022,9,35.0,-121.0,0.33271153846153845,29.056397442939975,28.268017467602462,2.0532120054846743,0.1810111930227687,271.2942262012989,0,0
2022,9,35.0,-120.0,0.28148125,33.758127101262424,10.778207679937424,1.1374946473717091,0.11866307920879784,325.3768588183448,0,0
2022,9,35.0,-119.0,0.2872203125,31.084056504567485,11.877923853422345,1.180027210512862,0.11250251928965245,346.6804468771443,0,0
2022,9,35.0,-118.0,0.115096875,33.465559395154344,3.7902140745025292,1.387343419686219,0.017447342475255274,196.70379883609712,0,0
2022,9,35.0,-117.0,0.090284375,35.182832249005656,3.567736245418729,1.2946490747774977,0.017389264371659975,202.95516506303102,0,0
2022,9,35.0,-116.0,0.14426875,33.18415002028151,8.23716085749382,1.3698690169714316,0.024569455782572386,198.1569053605199,0,0
2022,9,35.0,-115.0,0.158965625,34.1929663817088,13.118261353771032,2.10932481843992,0.030896552403767843,222.43972157593817,0,0
2022,9,36.0,-122.0,0.43140454545454543,27.31361122131349,14.399922483412295,2.0571213058784963,0.1482245888372864,363.06781824113745,0,0
2022,9,36.0,-121.0,0.265515625,33.008964363733945,26.221173930640163,1.7317279720765648,0.16965695288446211,385.71480056270957,0,0
2022,9,36.0,-120.0,0.3478015625,36.31490091482801,9.30529332133645,1.9758756594975848,0.13752873308128777,466.87794174067676,0,0
2022,9,36.0,-119.0,0.3828640625,25.279695868492155,14.389709451894106,0.5306573874243975,0.16902430189980397,512.4380402266979,0,0
2022,9,36.0,-118.0,0.1378765625,30.6561074972153,10.370158007095398,0.9511987218535252,0.02878232796986893,179.08698611427099,0,0
2022,9,36.0,-117.0,0.1045375,34.718946194648765,7.142027489567937,1.4622504671541978,0.022096693846914456,192.7199262427166,0,0
2022,9,36.0,-116.0,0.1464125,31.02698573271436,25.37148620347196,1.1551957490634526,0.059927213523122955,199.74746427033097,0,0
2022,9,36.0,-115.0,0.13711875,34.1100080251694,11.85259607034439,1.7028086226054124,0.03193397621313726,209.5992397516966,0,0
2022,9,37.0,-123.0,0.5331625,23.1823307991028,16.13485545265192,2.51598008784524,0.13906349208619856,327.76127103716135,0,0
2022,9,37.0,-122.0,0.4377171875,28.656633634037462,20.92696714560205,2.6897843528435774,0.1641629166073269,318.3158898415665,0,0
2022,9,37.0,-121.0,0.371975,34.26855762004854,35.92218190776819,1.936901017067253,0.17019042207135088,340.7212249003351,0,0
2022,9,37.0,-120.0,0.4037734375,28.523774321874008,31.8503925797593,1.788816165167377,0.21508417990472578,662.5029635615647,0,0
2022,9,37.0,-119.0,0.2588140625,21.314370632171652,16.121534978697838,1.0833238262840852,0.14917448560396826,316.2185401888564,0,0
2022,9,37.0,-118.0,0.127334375,28.743616159757003,9.548790868098678,1.314776664719418,0.03173816601435339,183.27960278838873,0,0
2022,9,37.0,-117.0,0.165653125,28.61601271629336,17.695307614008726,1.880722097766012,0.0486516608132256,201.66760648135096,0,0
2022,9,37.0,-116.0,0.1441828125,29.668696641922025,17.768273478100838,1.4054671426307332,0.05191308690441976,186.78305600769818,0,0
2022,9,37.0,-115.0,0.1939125,31.005426271756512,20.887797115097584,1.5867635611512962,0.07166685296429526,197.73065648041666,0,0
2022,9,38.0,-124.0,0.5207050000000001,23.68253339131677,50.35100888806099,3.201471440385816,0.199538751884743,819.7302679220835,0,0
2022,9,38.0,-123.0,0.4488484375,28.846979339917528,38.886193068425,2.7198656752504613,0.18704338934686446,579.3734943727031,0,0
2022,9,38.0,-122.0,0.3774046875,33.02251307169599,29.919942490483464,2.440410253875193,0.17301274736722308,321.58979354426265,0,0
2022,9,38.0,-121.0,0.5071015625,29.74276403586072,51.01839650767559,1.2132081808264803,0.23617002235518558,807.7291277004406,0,0
2022,9,38.0,-120.0,0.3955328125,21.938181567192103,34.90012592981273,0.9889764301710462,0.23699003921614747,484.18235615827143,0,0
2022,9,38.0,-119.0,0.1748,26.391015895207747,13.476771184901537,0.8914625268236506,0.05446119374699059,167.98370541073382,0,0
2022,9,38.0,-118.0,0.13140625,26.91844633420311,15.146364107454957,1.0075926539944702,0.046467126078075786,195.02194714732468,0,0
2022,9,38.0,-117.0,0.18609375,25.301306319236783,21.700732757995667,1.3866445452983704,0.06417477064662505,183.23434656485915,0,0
2022,9,38.0,-116.0,0.170475,26.89191026687624,28.757395105163397,1.075760672863368,0.11418770816591046,186.37667852453887,0,0
2022,9,38.0,-115.0,0.23670312500000001,26.357829093933134,35.992629009957255,1.4344206596853557,0.1437146256367365,183.9921767823398,0,0
2022,9,39.0,-124.0,0.676984375,28.122432152430235,47.60115558626765,1.433330233954652,0.20287143654293482,918.372533749789,0,0
2022,9,39.0,-123.0,0.4413375,31.14040900866193,58.79005172635132,0.6755323810208332,0.22057902084456546,750.6697162752971,0,0
2022,9,39.0,-122.0,0.423384375,33.82483143806459,40.50233948389703,1.1133623929458467,0.1986614108085632,470.38190567400306,0,0
2022,9,39.0,-121.0,0.6196203125,26.027960681915307,60.2356934675079,0.9848285496365816,0.3148789740271038,986.7329044500366,0,0
2022,9,39.0,-120.0,0.299753125,26.298999826113413,26.024783145363273,0.900346467462537,0.1460115962558322,306.99071276467294,0,0
2022,9,39.0,-119.0,0.12166875,29.64594303766889,6.545780807460488,0.7556732552740486,0.0304667711257934,186.86083366628736,0,0
2022,9,39.0,-118.0,0.18200625,25.70335245927178,17.528322174872102,0.7375959663582813,0.06529425183931982,182.0628133136779,0,0
2022,9,39.0,-117.0,0.201603125,24.762910151481655,23.262586094165982,1.2592565562058011,0.07311005426777728,182.52459773793817,0,0
2022,9,39.0,-116.0,0.2121296875,25.15572280883791,22.50581595460588,1.3364075376165052,0.09042386081483623,184.51935576740652,0,0
2022,9,39.0,-115.0,0.224678125,25.055380908648193,33.28922518874222,1.1446641647043885,0.1257610529661178,206.6579390084371,0,0
2022,9,40.0,-125.0,0.7052999999999999,19.805479374638384,24.94034762115128,2.8297837740525,0.18180132383181716,378.6197635862563,0,0
2022,9,40.0,-124.0,0.6706453125,25.239289577802044,32.620714394102635,2.449169783704664,0.2478720777564578,774.3633862119168,0,0
2022,9,40.0,-123.0,0.45873125000000003,31.0175595521927,35.94989550645167,0.3822309135066881,0.26948356860213807,760.4971408145502,0,0
2022,9,40.0,-122.0,0.520384375,27.519821532567363,47.098416717449965,0.8974529055206706,0.25894608166482713,808.3102606469765,0,0
2022,9,40.0,-121.0,0.3469125,25.147564911842366,42.20209445218259,0.90353764006867,0.23772345880667364,577.1822322858498,0,0
2022,9,40.0,-120.0,0.1533078125,27.209078900019353,19.920323159272613,1.023494866209159,0.06874456405639645,166.57195473089814,0,0
2022,9,40.0,-119.0,0.1341640625,28.276582328478515,7.733828037704171,1.03192105902495,0.03198134932253092,181.52219452895224,0,0
2022,9,40.0,-118.0,0.16804687499999998,28.020597823460918,3.265717182035388,0.6068779484491124,0.026581470171610475,171.27287585753947,0,0
2022,9,40.0,-117.0,0.1763296875,27.335193379720078,16.3687368610006,0.5978005591815203,0.05100051760673519,173.09025337453932,0,0
2022,9,40.0,-116.0,0.2122390625,25.772359991073632,21.6619718109321,0.7544363340592734,0.14497811165120864,224.89683830644935,0,0
2022,9,40.0,-115.0,0.1849625,26.630671381950407,19.992225452984513,0.8405614967154272,0.07203963034682799,176.1511720251292,0,0
2022,9,41.0,-124.0,0.7366266666666667,23.927210348623802,19.054827788778617,1.445555955089454,0.23226647918606982,719.64487168524,0,0
2022,9,41.0,-123.0,0.547865625,26.564134534200054,29.598177293042482,0.3666834719708151,0.28001069426536557,859.528572182171,1,1
2022,9,41.0,-122.0,0.53656875,27.008098824818948,29.42554314966017,0.8111347076120973,0.2516107473108503,723.5489347949624,3,1
2022,9,41.0,-121.0,0.330375,25.479486274719264,30.61328164647037,0.8915799651834725,0.15090569092167744,391.51777559891343,0,0
2022,9,41.0,-120.0,0.206678125,24.894120939572677,24.258777148748578,1.227579920220486,0.06518232723077133,167.83150634728372,0,0
2022,9,41.0,-119.0,0.1439515625,27.82694726785025,5.2302604296308175,0.9846370920474252,0.026347395446565367,174.01473736390471,0,0
2022,9,41.0,-118.0,0.18898437499999998,28.01215972105664,1.7895627521973267,0.9458659393945056,0.03145781358083083,197.590998490341,0,0
2022,9,41.0,-117.0,0.19145625,26.59370873769127,9.390941936249675,1.1999449165582308,0.05453643368350129,210.24614688940346,0,0
2022,9,41.0,-116.0,0.19996875,25.52346147696179,15.310783520067872,0.9894542467528687,0.09334126379754805,258.4716728888452,0,0
2022,9,41.0,-115.0,0.1975359375,26.21028333504996,17.739610861713828,0.9408170180292909,0.07648053467273708,206.58655383158475,0,0
2022,10,32.0,-117.0,0.28991666666666666,24.901548265641765,8.914950492357576,1.2354024978741345,0.0773976656698411,285.8525437768549,0,0
2022,10,32.0,-116.0,0.2160875,31.18594069942354,4.524124043559397,0.9271676002595264,0.06508496179375592,237.55366867408156,0,0
2022,10,32.0,-115.0,0.16349166666666665,32.06942572439871,3.43507454035219,0.552607536314801,0.06285122773980578,243.0939262267202,0,0
2022,10,33.0,-119.0,0.3196833333333333,22.760873166976467,5.788922498499716,2.55270671993722,0.07538087393647874,142.96664483845234,0,0
2022,10,33.0,-118.0,0.31248333333333334,24.689367725003184,12.029180864369238,1.503101123031659,0.09502239910932421,213.70833174635968,0,0
2022,10,33.0,-117.0,0.2699208333333333,26.86669538405636,12.016033243885005,0.661790443898775,0.08187727838434194,300.757116288878,0,0
2022,10,33.0,-116.0,0.13890624999999998,29.83536057626049,11.541796803971494,1.0926276653221396,0.047599361147931785,179.64890110306442,0,0
2022,10,33.0,-115.0,0.14343958333333331,30.809971481753962,5.636698522170747,0.5821160197284339,0.031420327963367536,206.9379088934511,0,0
2022,10,34.0,-121.0,0.4545916666666666,20.254348978432304,0.8758243196957949,4.183801683295947,0.14490383927540107,241.91184512649974,0,0
2022,10,34.0,-120.0,0.38899393939393945,22.69117299860176,2.0687023201340082,4.1822364120010285,0.12824432171684552,499.30318264347136,0,0
2022,10,34.0,-119.0,0.32363076923076917,25.752472036155044,4.314202430796909,1.057833663284552,0.09283880875858022,361.06878562042345,0,0
2022,10,34.0,-118.0,0.2633,27.109490013122578,6.93927398187455,0.9906121933654916,0.060937448534914194,263.8892146060243,0,0
2022,10,34.0,-117.0,0.17360416666666664,25.386790017158777,7.322623350223267,0.5015302929579619,0.05832842857606946,255.49686374142766,0,0
2022,10,34.0,-116.0,0.0931145833333333,28.491384017082975,9.202113796522582,0.5595020070489191,0.026392589653691893,148.96727993618697,0,0
2022,10,34.0,-115.0,0.11661874999999997,29.756078492441514,11.132545026516283,0.6558695910125473,0.03775842728153348,190.1157998945564,0,0
2022,10,35.0,-122.0,0.43484999999999996,22.341481104204743,0.32478217271503235,1.877928664678959,0.15242803994045462,377.8525944799185,0,0
2022,10,35.0,-121.0,0.34120512820512816,24.45870321887501,0.6238899336701582,2.456948864427517,0.1472059212540804,210.7046008683168,0,0
2022,10,35.0,-120.0,0.28968125,28.03115675064827,0.2452088077866676,0.9440540135737068,0.10784634403003154,250.62541267834604,0,0
2022,10,35.0,-119.0,0.2889395833333333,25.468445373350598,1.1289196112507227,0.7756519909910258,0.09738713502883906,282.65601163730025,0,0
2022,10,35.0,-118.0,0.1221333333333333,27.01746403324991,0.3379627154522779,0.7139406891674439,0.016677953222746445,141.25655381940305,0,0
2022,10,35.0,-117.0,0.0924333333333333,28.169811190328314,0.7358460710698012,0.4103103489605144,0.011951376353540688,143.37082917336375,0,0
2022,10,35.0,-116.0,0.13524583333333332,25.992250299453765,5.987854630252087,0.6479884189315657,0.025692519321236507,145.36393445450813,0,0
2022,10,35.0,-115.0,0.15075624999999998,26.68394337469534,14.725312546392644,0.7393591662704632,0.042321955644956145,158.7024861946702,0,0
2022,10,36.0,-122.0,0.44726969696969693,23.090931674066095,0.5957952357267797,2.172321707188756,0.12922125524556297,258.66638219943553,0,0
2022,10,36.0,-121.0,0.27386875,27.934381980280754,0.12104721044536855,1.6221118018870178,0.134354265146358,305.10582495480776,0,0
2022,10,36.0,-120.0,0.34186458333333336,30.086735582351707,0.6802007113897446,1.7195948715224851,0.12884754967945874,343.84805825538933,0,0
2022,10,36.0,-119.0,0.35609375,19.943516618974773,4.812163955097759,0.6367514182613785,0.15212862305743718,434.3125681625679,0,0
2022,10,36.0,-118.0,0.14335416666666664,24.141248683006552,0.2691421681397798,0.1995711690772884,0.018593705469562107,128.67737316992134,0,0
2022,10,36.0,-117.0,0.10692708333333331,27.735775904501658,1.6557813645654564,0.6548890073254036,0.016214425845812674,137.1962601551786,0,0
2022,10,36.0,-116.0,0.1542375,23.953920882748037,7.8807670646661165,0.6448913092473872,0.03742042728649667,146.9660041620955,0,0
2022,10,36.0,-115.0,0.14016874999999998,26.259472204023815,6.355796663587654,0.7346523745693524,0.031276857660662696,149.41555622499436,0,0
2022,10,37.0,-123.0,0.52405,19.58428390872095,1.2239387282484415,2.430967267434591,0.11557373052002277,255.3618303500116,0,0
2022,10,37.0,-122.0,0.4443854166666667,24.151286905042603,0.4230012364689154,2.732650969762386,0.1358514280729396,234.8530978197232,0,0
2022,10,37.0,-121.0,0.37355625000000003,28.684486346091017,0.22872393255468632,1.7623090875527605,0.13478632479585623,245.25855644606054,0,0
2022,10,37.0,-120.0,0.38461666666666666,23.207010479896326,4.8623231263213995,1.474420768636326,0.18769046824465513,545.722046867013,0,0
2022,10,37.0,-119.0,0.22288749999999996,15.812871620731993,4.506473850955928,0.3926472378630688,0.12915568582473258,250.5331834545359,0,0
2022,10,37.0,-118.0,0.1291083333333333,22.06197370559941,0.7393164118134621,0.9506269155483014,0.023345084600551107,125.89120422489941,0,0
2022,10,37.0,-117.0,0.16073541666666663,22.016954725019414,2.075817857434714,0.9610090332191816,0.03035149779371031,138.51484935730696,0,0
2022,10,37.0,-116.0,0.14686666666666662,22.453797774161085,4.985263992598021,0.7302182540910837,0.03563344702925727,132.03027576673776,0,0
2022,10,37.0,-115.0,0.20252291666666666,23.36109437019596,10.143752631297076,0.824245582119793,0.062124921109086684,141.26029831822962,0,0
2022,10,38.0,-124.0,0.5571133333333333,19.49668986822969,0.8766218422605239,2.907258322810029,0.19071810971878758,592.8642989446719,0,0
2022,10,38.0,-123.0,0.4668166666666667,24.16235705652546,0.5824029934906605,2.4341214023820856,0.16010355949401853,436.0812200466171,0,0
2022,10,38.0,-122.0,0.38228125,27.912839531129418,0.2603432652854565,2.160008547873514,0.1367589773670319,241.77281092852354,0,0
2022,10,38.0,-121.0,0.5015979166666666,24.423390199292115,3.7763393041991833,1.0264037545695468,0.21223860882943674,698.7949681933969,0,0
2022,10,38.0,-120.0,0.3300270833333333,16.86642740926437,4.905865949144328,0.5292934215016953,0.206254949813248,415.49487761221826,0,0
2022,10,38.0,-119.0,0.16464999999999996,19.153866409486366,2.986869963383043,0.6537779403894324,0.04656878402156208,114.12829521577805,0,0
2022,10,38.0,-118.0,0.12600208333333332,19.449304499164725,5.4579001874977,1.1338407911799464,0.0386636420603721,129.32266667485237,0,0
2022,10,38.0,-117.0,0.18481041666666664,18.23804891801652,4.9901494779938105,0.9202175734104622,0.039922196377990014,119.36421995051205,0,0
2022,10,38.0,-116.0,0.16917499999999996,19.386122122118575,6.020392712702716,0.9675298688125056,0.0722116863214841,127.92989797890186,0,0
2022,10,38.0,-115.0,0.22277291666666665,18.626100997001913,11.218561048185194,0.6978000690717007,0.09751989956825005,124.39269106835127,0,0
2022,10,39.0,-124.0,0.6796791666666666,24.19652837630243,0.4290795908623579,1.3868339083605974,0.17924242570836055,719.5323714986444,0,0
2022,10,39.0,-123.0,0.45686875,27.005628827310396,0.10217814942237163,0.6865274589498631,0.18690164659612918,603.0767136253417,0,0
2022,10,39.0,-122.0,0.42296041666666667,29.047727464860515,0.39696060357030655,0.6226602529671584,0.15982653697331742,375.9026658954099,0,0
2022,10,39.0,-121.0,0.5320791666666667,21.561585790880283,3.831639608865345,0.6195439926448342,0.29296625685948197,859.0698442421854,0,0
2022,10,39.0,-120.0,0.25482916666666666,19.907094697029386,3.421621818592513,0.4492653245214675,0.11774992974855562,238.24443051125854,0,0
2022,10,39.0,-119.0,0.11994999999999997,21.19778681878123,4.104881270354355,0.5612099116646851,0.03465341720529778,120.032595586963,0,0
2022,10,39.0,-118.0,0.15272708333333332,17.909060035213372,8.173155554136002,0.5157880988214327,0.056374906532226036,119.67415583785623,0,0
2022,10,39.0,-117.0,0.17086249999999997,16.841439819335957,7.904914396380747,1.0654035003672029,0.05326229109559003,114.0096711460501,0,0
2022,10,39.0,-116.0,0.19848124999999997,16.97062227341438,6.600967331355179,1.2190858755412468,0.06559589473150106,116.2926236866042,0,0
2022,10,39.0,-115.0,0.1927833333333333,16.60864391942181,9.950689228748644,0.6959721612761763,0.08293921171977951,136.25295169185847,0,0
2022,10,40.0,-125.0,0.6952555555555556,17.278723215629572,5.087294287027946,2.464489067291985,0.1717130166512948,288.74639421701437,0,0
2022,10,40.0,-124.0,0.6788416666666667,21.838808762642664,2.8493825369828585,2.1309787564353178,0.2281458012519344,618.1156791280955,0,0
2022,10,40.0,-123.0,0.4907479166666667,26.712828147026826,0.2569362544768694,0.8177561429275982,0.23522656066443326,619.6764361811802,0,0
2022,10,40.0,-122.0,0.4775729166666667,23.12814671301075,1.9782338780665043,0.781692129869222,0.22771799500270554,664.0638023382053,0,0
2022,10,40.0,-121.0,0.28336874999999995,19.858557396550356,2.639301309859121,0.4379848663832203,0.19563169601143043,456.8034621188417,0,0
2022,10,40.0,-120.0,0.14031458333333333,20.335503735080863,2.772713035842145,0.5946730807754431,0.04271394687314184,108.51680440828204,0,0
2022,10,40.0,-119.0,0.13079166666666667,20.10577040641541,3.4358826955163124,0.9005206910996693,0.030402549812870595,114.53089187853038,0,0
2022,10,40.0,-118.0,0.1542895833333333,19.251824343589067,6.164347010230387,0.6189694869468522,0.03596772045217529,105.82739568781108,0,0
2022,10,40.0,-117.0,0.14832916666666665,18.087043288446264,12.670659183090294,0.4565364229122763,0.05912355325555285,102.75876754894853,0,0
2022,10,40.0,-116.0,0.14507083333333332,16.327217189727314,16.915784173210824,0.4971145059380186,0.142362674718262,136.98991108685732,0,0
2022,10,40.0,-115.0,0.13189791666666661,17.089563395900132,7.343010234212244,0.7380884776486434,0.05578938767474181,110.59147003106774,0,0
2022,10,41.0,-124.0,0.6940488888888888,20.54601133886634,10.974723868776062,1.4346541737590868,0.23437885799430744,557.3112219985989,0,0
2022,10,41.0,-123.0,0.5225375,22.198846051000796,4.731885346149767,0.7081078394701756,0.2543242990329701,687.7692500129342,0,0
2022,10,41.0,-122.0,0.4841020833333333,22.538746544622626,4.539192144324744,0.6820903441416695,0.22256412685558358,572.5578797282651,0,0
2022,10,41.0,-121.0,0.24261874999999997,20.076447812972557,8.185577534636224,0.7554239935130865,0.12403142740649559,293.48014504648745,0,0
2022,10,41.0,-120.0,0.15884166666666666,18.47465809237574,5.258247212072575,0.564503356986408,0.038135615728234686,106.21265566442162,0,0
2022,10,41.0,-119.0,0.12968749999999996,19.680350260580763,6.032081276675427,0.6857611432831269,0.0336555002197142,106.13589151762426,0,0
2022,10,41.0,-118.0,0.1644833333333333,19.08662048770537,11.331467379381621,0.7889757626860379,0.05474018826279583,121.2559473933652,0,0
2022,10,41.0,-117.0,0.14677083333333332,17.21320271799643,18.347653981795276,1.13082133548501,0.08261641539553155,125.04448613617569,0,0
2022,10,41.0,-116.0,0.12966874999999997,16.018445702522044,19.11734435943302,1.0213893838392705,0.10819558687107532,157.69238478969783,0,0
2022,10,41.0,-115.0,0.1489020833333333,16.7738504440554,10.818565220137799,1.0574103520104758,0.07210534138064226,129.66398091521114,0,0
2022,11,32.0,-117.0,0.301725,17.688042275110895,33.137984471750315,1.1807777157725816,0.13350510862138532,207.5608284212649,0,0
2022,11,32.0,-116.0,0.224325,21.698222637176535,1.7622871234834747,1.5413841032576228,0.06238527695337929,171.4992185588926,0,0
2022,11,32.0,-115.0,0.16991875,22.795475562413543,0.17959055526262088,2.0706254922405973,0.055913164880540586,187.82414216548204,0,0
2022,11,33.0,-119.0,0.3368,18.69331703186037,23.25804893894201,2.348728670002021,0.12319247987535265,106.93434812128544,0,0
2022,11,33.0,-118.0,0.34632,19.02859940846763,55.146719164880174,0.5865241668076373,0.17671927858282016,161.74278308947882,0,0
2022,11,33.0,-117.0,0.2961625,18.097937504450503,32.556481557321604,1.241745042687695,0.12828116483158533,200.04251913633198,0,0
2022,11,33.0,-116.0,0.1573046875,20.39581857522331,2.92882336339062,1.5515758768824663,0.03776573340098058,125.62071927823126,0,0
2022,11,33.0,-115.0,0.1518859375,21.04720071156822,0.6135167930096941,2.373819677576456,0.025805325640572387,154.4853204395622,0,0
2022,11,34.0,-121.0,0.48876250000000004,16.567795806460936,29.006843973926756,3.5620931368170923,0.2004023649074413,244.3763071981569,0,0
2022,11,34.0,-120.0,0.4050090909090909,16.090210527362274,36.05049578705995,3.715990184917432,0.20000540431501082,354.6075351310499,0,0
2022,11,34.0,-119.0,0.34214423076923073,16.976008296216676,45.02806114569816,1.2055841332447204,0.17364570204688612,243.03185643676,0,0
2022,11,34.0,-118.0,0.2590453125,17.260384194056225,48.88943968376225,0.9375005304904352,0.14872747394773692,171.2670575361699,0,0
2022,11,34.0,-117.0,0.1665984375,15.678277778625517,19.187189070862587,1.589428698939195,0.090891041027175,156.32904367521405,0,0
2022,11,34.0,-116.0,0.097065625,18.188215494155898,7.369566141051109,1.5511908344711187,0.033830590380562624,95.60837538447231,0,0
2022,11,34.0,-115.0,0.120521875,19.65609862009687,6.671951748785432,1.7802897561212376,0.03760819600688082,140.08645142894238,0,0
2022,11,35.0,-122.0,0.4840125,16.438029162089038,36.12861399574285,1.6370808209721996,0.2278106504016452,281.88890032470226,0,0
2022,11,35.0,-121.0,0.3684442307692307,17.184366558759674,31.3874483998018,2.207940567095237,0.2195450114388751,165.45481172700724,0,0
2022,11,35.0,-120.0,0.3067,16.961305681864445,25.684064850565846,0.7578745456659856,0.19066217707263095,126.90916971769184,0,0
2022,11,35.0,-119.0,0.30675625,14.315517250696843,42.10002360900944,1.2098022180818149,0.2109793649779425,137.2344734845683,0,0
2022,11,35.0,-118.0,0.1292015625,15.265822641054807,19.1511273294509,1.1662457942436304,0.07831327948305337,77.8468408389017,0,0
2022,11,35.0,-117.0,0.0934515625,16.651356808344538,10.974722113815005,1.3546584059194808,0.04367493159241141,82.86700351163745,0,0
2022,11,35.0,-116.0,0.1315625,14.84593914349876,14.92603578640228,1.7773188753105775,0.061271475421057764,85.10216022841632,0,0
2022,11,35.0,-115.0,0.154246875,15.348635498682679,21.838844884541686,2.099791684062691,0.08234926594628222,101.94896801840514,0,0
2022,11,36.0,-122.0,0.4695613636363637,15.409139521435076,45.43996242136239,1.803754798307412,0.22792846795284386,167.2364544462074,0,0
2022,11,36.0,-121.0,0.2934671875,16.637421258290633,30.950458385405,1.0531585775157546,0.22115219069851766,149.55889922566712,0,0
2022,11,36.0,-120.0,0.3399859375,17.75507903099063,39.6395555142135,0.784546581772481,0.22396913799974652,155.03458760213107,0,0
2022,11,36.0,-119.0,0.3212359375,8.311069369316126,67.06882933190172,0.9580491002095196,0.30348666641447275,161.1975261475891,0,0
2022,11,36.0,-118.0,0.1374484375,11.881673288345347,25.504270233568604,0.8888913759114173,0.11194706923431816,56.82479729875922,0,0
2022,11,36.0,-117.0,0.1074359375,15.181826631228152,18.73311506619757,0.8725118352601631,0.07227456106079944,70.45950612518936,0,0
2022,11,36.0,-116.0,0.162515625,12.282562152544681,21.784413271006997,0.9136921004960706,0.09981819358136915,71.72030466608703,0,0
2022,11,36.0,-115.0,0.1413515625,14.402189691861494,21.767819896695073,1.0160182608096069,0.08663735157913628,84.67054076027125,0,0
2022,11,37.0,-123.0,0.510375,14.660208161671974,52.34163337422615,1.4227222287214956,0.2483933448791504,172.5014573894441,0,0
2022,11,37.0,-122.0,0.4586875,15.44958411057792,48.79593613903429,2.153293198344777,0.24823949491536174,145.98325356685868,0,0
2022,11,37.0,-121.0,0.38581875,16.936654877662683,41.93610874040132,0.920107311146906,0.2329931090275446,107.54641145467758,0,0
2022,11,37.0,-120.0,0.36665625,10.906984702746097,94.92107004894024,0.9713627643262104,0.32928852405813,203.27375177294016,0,0
2022,11,37.0,-119.0,0.1700625,2.911985182762173,59.12357442116445,1.4419707925661889,0.23135007056925028,64.02075395453721,0,0
2022,11,37.0,-118.0,0.122078125,8.8115252653758,23.893020945024546,0.8761763587239527,0.12378385066986078,50.96919264178723,0,0
2022,11,37.0,-117.0,0.1474953125,9.500081849098226,24.883467834797557,1.0254705642425388,0.11310020585854845,67.69120483659208,0,0
2022,11,37.0,-116.0,0.1485828125,9.941457303365084,25.655138204228933,0.9578040330831402,0.1354923652278052,61.97353429161012,0,0
2022,11,37.0,-115.0,0.2004734375,10.491306837399826,37.22365143744355,1.2796409799237485,0.1812359362840652,68.59031214844435,0,0
2022,11,38.0,-124.0,0.6221949999999999,13.9796755303277,58.354179707400064,2.33115276845469,0.2860444754141348,381.4577319969734,0,0
2022,11,38.0,-123.0,0.48771875000000003,15.753387800852483,51.509954631683286,1.768585715182396,0.2636435286866294,243.96331841126084,0,0
2022,11,38.0,-122.0,0.37721875,16.87268002033236,47.152451370266135,0.9739744177017052,0.24409327738814882,124.56547364126891,0,0
2022,11,38.0,-121.0,0.487375,12.593670550982178,99.6320328119964,1.1345606094577063,0.3665762464205424,284.4471479766071,0,0
2022,11,38.0,-120.0,0.2255921875,2.931831256548584,82.9342230133534,1.5594766569892982,0.3109141452444924,102.05265821423382,0,0
2022,11,38.0,-119.0,0.1385109375,6.151836760838844,22.789339898508842,1.66025809878593,0.14560242063469356,37.46889450121671,0,0
2022,11,38.0,-118.0,0.1166921875,6.481870261828128,23.559626788255628,1.1054014045075011,0.1325863182544708,49.36298786196858,0,0
2022,11,38.0,-117.0,0.16247499999999998,4.217696444193546,27.978274636325295,1.056813279183877,0.15673319432470528,39.98880158178508,0,0
2022,11,38.0,-116.0,0.16013125,6.599566189448062,22.154392106813248,0.91599123508709,0.19004237188233267,56.56490498222411,0,0
2022,11,38.0,-115.0,0.1991140625,4.733520444234234,43.48485184868878,0.6871408828776732,0.30292578571372564,45.1928845141083,0,0
2022,11,39.0,-124.0,0.6607031250000001,13.889391040802039,75.26643144933587,0.9783328803413808,0.3179277373684777,328.1432094518095,0,0
2022,11,39.0,-123.0,0.446421875,14.46676610310875,56.52738119511014,1.025360615639065,0.2997225708431668,267.71893457043916,0,0
2022,11,39.0,-122.0,0.40802031250000004,16.014055665334094,77.06092893181449,1.2829918500763025,0.29669481284088556,170.70812021847814,0,0
2022,11,39.0,-121.0,0.42693125000000004,7.620035250981669,120.59586997179395,1.224974632832477,0.4323150244024065,277.29044028092176,0,0
2022,11,39.0,-120.0,0.20002187500000002,5.470701734224978,40.84310693701809,1.1200273889389054,0.2551160395145416,64.84884780365974,0,0
2022,11,39.0,-119.0,0.11719531250000001,8.006483491261829,20.65294365434056,0.7424566419855251,0.12486491170194411,43.97455265279859,0,0
2022,11,39.0,-118.0,0.131796875,3.386714800198895,37.80243721826082,1.126530343905816,0.19359588556819488,27.98010956030339,0,0
2022,11,39.0,-117.0,0.1333734375,0.4309448719024829,45.8462393287391,1.1935760386913972,0.1969385769632127,21.12372196279466,0,0
2022,11,39.0,-116.0,0.166290625,1.9114239215851079,34.925776664522346,0.9769176306511596,0.25880045294761655,34.9279175279662,0,0
2022,11,39.0,-115.0,0.14612187499999998,1.5672190586726096,43.84618358722037,1.252095244609464,0.28856795794434015,31.250691739842296,0,0
2022,11,40.0,-125.0,0.703575,12.26661156548397,109.54992338740038,1.4131762418532705,0.3449838779590748,188.83707788255478,0,0
2022,11,40.0,-124.0,0.664915625,11.420560924212158,100.17810728436416,1.2669053671444386,0.3961955302291446,243.15361108165234,0,0
2022,11,40.0,-123.0,0.48745937500000003,12.99975573221845,88.22630568442946,0.8527530644587871,0.4040343920389811,230.04770115949214,0,0
2022,11,40.0,-122.0,0.420109375,8.49399404525759,98.32296184299594,1.1526811863349786,0.3836961650186115,213.19042413961142,0,0
2022,11,40.0,-121.0,0.1909578125,3.521779878934243,59.04640573112374,1.0096718943212952,0.3358319481213888,107.37127263564616,0,0
2022,11,40.0,-120.0,0.11986875,5.595392282803882,26.775901103746946,0.8359057474504983,0.17343880070580373,36.129171727225184,0,0
2022,11,40.0,-119.0,0.127625,6.023418498039266,18.952111611497457,0.8945882744894944,0.11483431259791052,39.84470583964139,0,0
2022,11,40.0,-118.0,0.1427171875,4.528114461898831,25.19708558952516,0.8289438465883162,0.15241529146830238,31.215165159665048,0,0
2022,11,40.0,-117.0,0.1125171875,0.9133327881495426,37.31947544997638,1.2872756028720396,0.2002430760198169,20.897057140246034,0,0
2022,11,40.0,-116.0,0.0669375,-1.773762345314001,59.647183996048625,1.391291728627203,0.3174779540962643,20.5979774473235,0,0
2022,11,40.0,-115.0,0.0745796875,0.10161282221477923,36.7879743132562,1.973126938608428,0.1731575058566199,23.64757447503507,0,0
2022,11,41.0,-124.0,0.6490666666666667,10.126525536996366,134.14105555802456,0.6622121066874497,0.4116620152084916,213.54544630481138,0,0
2022,11,41.0,-123.0,0.4612296875,7.937178810437533,89.76986155880695,0.611799079043235,0.42516329818301724,207.70628296304494,0,0
2022,11,41.0,-122.0,0.3831671875,6.409625379244513,83.33470708726054,1.073486272771946,0.39765700797239933,155.3241618676111,0,0
2022,11,41.0,-121.0,0.1419375,2.8064874887466686,63.90890422312623,1.322480561933789,0.285705703165796,55.37104362156242,0,0
2022,11,41.0,-120.0,0.09219375,1.9268640120824436,32.93906980229622,1.4180062151233592,0.17503023048241928,23.510709521360695,0,0
2022,11,41.0,-119.0,0.107225,4.8898520469665705,17.77526004275387,1.159270521570679,0.10965400106377068,36.10088012646884,0,0
2022,11,41.0,-118.0,0.1410140625,4.2707901080449595,22.37444803154176,1.323064138475965,0.15122057795524593,38.074847077950835,0,0
2022,11,41.0,-117.0,0.0923046875,0.7532580534617354,39.49651391280895,2.3694739608849624,0.2320317162407769,26.26691502518952,0,0
2022,11,41.0,-116.0,0.04939375,-1.6777084271112912,52.27487104980355,1.2606550196893325,0.28270974258581794,25.30844323337078,0,0
2022,11,41.0,-115.0,0.07935,-1.3170325040817055,38.53167629836207,1.6668307992153364,0.19153097603056163,23.70421343948692,0,0
2022,12,32.0,-117.0,0.350484375,16.000179093883908,27.569806549877285,1.5989704669276132,0.13907968100681092,147.19465840607882,0,0
2022,12,32.0,-116.0,0.24138125,19.50344913544196,3.5220925902876843,1.5323402050978696,0.06577305639943763,112.90171253494918,0,0
2022,12,32.0,-115.0,0.1892125,19.811208128160075,7.484172584668158,1.145859383002584,0.07121445543022563,110.8441271353513,0,0
2022,12,33.0,-119.0,0.3301375,16.184300871818323,39.732010217562674,2.1071168357627585,0.1716053614052393,65.79171307384968,0,0
2022,12,33.0,-118.0,0.4081825,16.513860394877792,48.87984294648504,0.3786353824133146,0.21462703212614978,101.63764711469412,0,0
2022,12,33.0,-117.0,0.326534375,15.96399666724669,23.726412791006624,1.4687241001075888,0.136624163837843,137.75013154372573,0,0
2022,12,33.0,-116.0,0.17005,17.931993672155585,4.223946362913011,1.316122665125413,0.03976323431537992,76.84556546155363,0,0
2022,12,33.0,-115.0,0.155984375,18.43889059097538,7.707416659400224,1.3472620195463043,0.03701830070505854,93.8651286996901,0,0
2022,12,34.0,-121.0,0.56726875,14.966515200625182,123.05692206651506,1.625317384964432,0.32918757435241475,151.84999505678815,0,0
2022,12,34.0,-120.0,0.4753431818181818,13.583329575315851,110.67485772729002,2.760219540110211,0.3201619358317554,183.37661039197084,0,0
2022,12,34.0,-119.0,0.39329615384615385,13.92052242509388,68.88226710464096,1.1691269286847774,0.252014051037187,121.93266861140728,0,0
2022,12,34.0,-118.0,0.2858578125,14.244246493616437,47.82688745501673,1.8454172638234296,0.1938161843566484,98.87480293400586,0,0
2022,12,34.0,-117.0,0.1731078125,13.26207274313898,16.03846554382926,1.4357183499873156,0.10618090533441109,101.06706630904227,0,0
2022,12,34.0,-116.0,0.0987921875,15.708934479375056,4.477261912256836,1.178231414155501,0.028412099487038024,60.03934785258025,0,0
2022,12,34.0,-115.0,0.1223765625,17.22183617007351,8.061306432068704,0.9458114430963817,0.03893426957950792,85.1798962103203,0,0
2022,12,35.0,-122.0,0.54335,13.878342831519376,166.3027108853612,0.2725946118724761,0.3593375349557527,137.8654260188341,0,0
2022,12,35.0,-121.0,0.4519442307692308,14.35203540760986,127.82591036319118,0.5918459478147892,0.35428992046085905,88.03474339537132,0,0
2022,12,35.0,-120.0,0.36631562500000003,13.814743729560625,82.40957976988739,0.8798894375512315,0.32102352765298653,69.74026549141854,0,0
2022,12,35.0,-119.0,0.3422984375,11.715211486816433,75.30898647121376,1.380710396280722,0.2797626830557341,72.804088704288,0,0
2022,12,35.0,-118.0,0.1291765625,12.209678091541438,27.174913671046852,1.5195891667660808,0.11247856386246215,41.57510097138584,0,0
2022,12,35.0,-117.0,0.097259375,13.867964709189653,7.491809779025971,1.7037432535165595,0.04043741091605151,49.678441253490746,0,0
2022,12,35.0,-116.0,0.13635625,12.482772091896326,6.32907740975952,1.0285693285420725,0.036202512120687785,50.85638607852161,0,0
2022,12,35.0,-115.0,0.16105,13.374115124056434,12.75485509279406,1.1607970620900754,0.05346633253558985,62.499216524884105,0,0
2022,12,36.0,-122.0,0.5008568181818182,12.949248813394247,153.56652164979494,0.7569744256273407,0.3485969350484809,88.73191052539782,0,0
2022,12,36.0,-121.0,0.3527734375,13.146214842027248,108.24928572139925,0.8382401163225455,0.3599918455846848,73.2144268695265,0,0
2022,12,36.0,-120.0,0.3665390625,13.947313965520564,147.31821056659555,0.7530315631940645,0.3372680778785418,76.18461176753044,0,0
2022,12,36.0,-119.0,0.2741359375,5.502686972771947,193.49580153095758,1.2957362640160677,0.3770103387294277,76.89039129763842,0,0
2022,12,36.0,-118.0,0.127609375,8.783922852239325,56.286689473495244,0.9863586805385456,0.1942663481158595,26.918329647742212,0,0
2022,12,36.0,-117.0,0.11390625,12.665895918876913,9.582111725762843,0.6700789760766878,0.04298242670233528,43.35676599293947,0,0
2022,12,36.0,-116.0,0.16497343750000001,10.139876799429633,9.31474566198176,0.9142690232142664,0.06468465571762408,45.4469925025478,0,0
2022,12,36.0,-115.0,0.1449828125,12.231995424147598,13.418773885064184,0.8537928712851682,0.05839080547773706,48.554742825217545,0,0
2022,12,37.0,-123.0,0.51895,12.39657003956458,218.62770954351163,0.3565243222623182,0.3673146424754974,87.01746817678213,0,0
2022,12,37.0,-122.0,0.49830625,12.545367033763618,177.811715904492,0.8943754421707801,0.36074327963227437,74.27294206960748,0,0
2022,12,37.0,-121.0,0.4317265625,13.069917797273227,168.90571417491174,1.0453063246232956,0.3459727667993115,53.778572706505656,0,0
2022,12,37.0,-120.0,0.38223125,7.973944620932329,333.52971472515947,1.4877066835850847,0.39280240638281705,98.14834943972528,0,0
2022,12,37.0,-119.0,0.107178125,-0.535296460120886,217.7059780780155,1.789471334713172,0.2935766270083765,27.0199483493343,0,0
2022,12,37.0,-118.0,0.1080734375,4.306350680320513,50.08584772906488,1.0027274822702574,0.19361907596229222,20.586039987392724,0,0
2022,12,37.0,-117.0,0.137025,6.60153443121143,19.63436358812487,0.671013056705769,0.11199659814116772,37.56798023823649,0,0
2022,12,37.0,-116.0,0.1501515625,6.884744762605262,17.151212782778202,0.6514138968852212,0.11669359444290074,34.9646374816075,0,0
2022,12,37.0,-115.0,0.185940625,7.54631818033036,27.490138073630987,1.168848535150573,0.18684602296480565,34.3102189945057,0,0
2022,12,38.0,-124.0,0.637205,11.456802064629027,245.9935373833332,0.190555332016876,0.3740688935830174,192.19792187213898,0,0
2022,12,38.0,-123.0,0.5287875000000001,12.241653199349699,192.66266736406124,0.4878490698529621,0.36696896213357166,106.37549101375043,0,0
2022,12,38.0,-122.0,0.391109375,12.319412403721984,230.3365501549024,1.129448923307074,0.3705438032586087,52.91240510996431,0,0
2022,12,38.0,-121.0,0.493134375,9.596628684382303,420.1759792605344,1.235783401103313,0.42138966373218,133.66002077236772,0,0
2022,12,38.0,-120.0,0.13169843750000002,0.6921803520572034,305.95766694489157,1.941342575023632,0.3562128287489696,55.055529926903546,0,0
2022,12,38.0,-119.0,0.092990625,1.4608864430458546,87.60230708605832,2.046393547560663,0.2615585778990099,11.036593350581825,0,0
2022,12,38.0,-118.0,0.082425,3.089810197584118,37.71776961832529,1.1020842196560157,0.1774793728705375,22.158087347634137,0,0
2022,12,38.0,-117.0,0.10487656249999999,0.8379890795677198,34.1048741221357,0.9657197222503155,0.22957701997090407,14.425292727537453,0,0
2022,12,38.0,-116.0,0.1113484375,2.8825918966724196,26.83537907171285,0.7780785684039951,0.24040675163269043,25.339057203382254,0,0
2022,12,38.0,-115.0,0.135303125,1.1721118450164987,37.34826284664905,1.5182865317997107,0.3608102545302401,17.21461780834943,0,0
2022,12,39.0,-124.0,0.65986875,10.132300472259544,302.70160163956916,0.5984651627712414,0.38986216565614107,138.91371036879718,0,0
2022,12,39.0,-123.0,0.46241875,10.409994005387855,200.9904074922133,0.9017414558773412,0.3882659311576556,115.78308185562491,0,0
2022,12,39.0,-122.0,0.396575,11.858642404310185,292.32344892545825,1.153355785194617,0.3835697331095254,72.7007994428277,0,0
2022,12,39.0,-121.0,0.3484203125,5.3638081504452835,477.5369941463623,1.4385474039112676,0.46004211934663913,123.25103161856532,0,0
2022,12,39.0,-120.0,0.1264890625,3.2446518513464326,202.632525467493,1.3506258809901288,0.3701606553087952,25.979442754760385,0,0
2022,12,39.0,-119.0,0.090696875,5.921607505121564,82.79070001765376,1.1657727061597936,0.23820680059412472,21.958534489385784,0,0
2022,12,39.0,-118.0,0.080396875,0.8536641167056338,77.38110364618933,1.7666063409931472,0.2701010787358848,9.890064597129822,0,0
2022,12,39.0,-117.0,0.0641609375,-2.099519403519153,66.80751801206952,1.8339703078869043,0.2569800794765513,3.318423987366259,0,0
2022,12,39.0,-116.0,0.0882078125,-1.2810672144735733,58.46401455085015,1.973277602672543,0.36696454658303207,9.292423375882208,0,0
2022,12,39.0,-115.0,0.082865625,-1.3211088688142567,56.810040722780286,1.9226077325014224,0.3600873844597929,9.830959606915712,0,0
2022,12,40.0,-125.0,0.6976083333333333,10.60362103643384,304.1799163755993,2.091255762132881,0.38980672920619003,192.87629715270467,0,0
2022,12,40.0,-124.0,0.65139375,7.965019767515145,318.77372273913807,1.8156595703130405,0.43709923695492486,121.56397104263306,0,0
2022,12,40.0,-123.0,0.49707500000000004,8.653116844546432,249.96505491174048,0.6537413141948368,0.45188938770242915,92.03155350405723,0,0
2022,12,40.0,-122.0,0.39483125,5.378473261863981,287.8628371955756,1.502652181493004,0.4209032481716525,88.92449003178626,0,0
2022,12,40.0,-121.0,0.110065625,1.0970014479852708,182.50151234417444,1.476474648721657,0.37165929072646686,47.99953545443714,0,0
2022,12,40.0,-120.0,0.099884375,2.8985106283618833,90.18176048732585,1.1281583396161166,0.2769378295508764,8.67983850184828,0,0
2022,12,40.0,-119.0,0.1210875,3.0368712056067935,75.8397359142009,1.4155321674121073,0.24726757214915365,12.782331905327737,0,0
2022,12,40.0,-118.0,0.1106625,0.0444751739502145,89.53166973981297,1.2097948626783512,0.26089895059985496,5.842173122800887,0,0
2022,12,40.0,-117.0,0.0580734375,-1.7102129505526378,82.51014782319999,1.8318368349807064,0.28471030567281985,3.263987717218697,0,0
2022,12,40.0,-116.0,0.0084234375,-3.1076728574691117,89.9536901825968,2.03019904068962,0.3294712683205963,4.620370687916875,0,0
2022,12,40.0,-115.0,0.025225,-1.0938643224777493,49.42763852625376,2.181629788440288,0.2598890719875212,9.174257051199675,0,0
2022,12,41.0,-124.0,0.6116050000000001,6.950153938758342,325.6918448644102,2.4618459208615286,0.43082836793742296,132.06256325874065,0,0
2022,12,41.0,-123.0,0.41363125,3.799536046674195,273.5804598752338,0.9860396419352616,0.43727448037875594,67.85811856389046,0,0
2022,12,41.0,-122.0,0.30466875,2.696238582364998,220.18838778342342,1.7958436528575863,0.42626647571081755,51.24510044697672,0,0
2022,12,41.0,-121.0,0.08047343750000001,-0.20856727015585014,140.04005351773685,2.078972684655623,0.3232859953116345,21.097486838698387,0,0
2022,12,41.0,-120.0,0.04071875,-1.9426267577755603,94.84162472392654,2.602247041992451,0.24424901059878767,2.3293698905035853,0,0
2022,12,41.0,-119.0,0.087421875,1.0567846790436946,74.80409240554309,1.493687132357529,0.2268374584695344,8.216635673306882,0,0
2022,12,41.0,-118.0,0.1175671875,-1.0857764182551968,91.05389867647773,1.7910815807931195,0.23031625536180309,4.85080189537257,0,0
2022,12,41.0,-117.0,0.027609375,-2.851567219149654,92.85594918503648,3.551681328351837,0.26074632745917126,4.1623348370194435,0,0
2022,12,41.0,-116.0,-0.00873125,-3.496205372964159,85.60131408478355,1.7715072757703103,0.292058733201796,7.183657726272941,0,0
2022,12,41.0,-115.0,0.015540624999999999,-3.41332615267844,55.97278487141466,1.6392213546131942,0.24686606693011454,4.787445766851306,0,0
2023,1,32.0,-117.0,0.410959375,13.774376303149829,142.98535840255866,1.7908489022408112,0.2933603954571549,132.92474555782974,0,0
2023,1,32.0,-116.0,0.26213125000000004,18.43471036726431,24.407631751575565,1.7910106356804678,0.10003292752850435,135.49303682520986,0,0
2023,1,32.0,-115.0,0.2090625,19.538914206720186,20.445279345342016,1.3896060860203658,0.07543960630252793,146.40071196481586,0,0
2023,1,33.0,-119.0,0.3513,15.178268235729604,156.6793951545442,1.932126490998299,0.34893211241691346,71.09574228525162,0,0
2023,1,33.0,-118.0,0.45685000000000003,14.957867681851969,208.34360551379967,0.7122384608524853,0.3608662039575611,96.30167838186026,0,0
2023,1,33.0,-117.0,0.349496875,13.685257845540225,133.49268542272696,1.5364635707810812,0.28045819171013364,111.3812446128577,0,0
2023,1,33.0,-116.0,0.17606249999999998,16.716218043911862,18.731445806526636,1.521965967340697,0.07466173364270112,94.84448668081313,0,0
2023,1,33.0,-115.0,0.15618125,17.787501215165687,14.546712428757047,1.416913523337323,0.052868092572817195,121.82853161357343,0,0
2023,1,34.0,-121.0,0.6307812500000001,13.985583303308005,211.58466538084394,0.8342485500783174,0.37722284392216726,190.21617108955982,0,0
2023,1,34.0,-120.0,0.5312431818181819,12.064421795260547,232.01359912028036,2.091334474460072,0.37672040531634504,181.60906202639592,0,0
2023,1,34.0,-119.0,0.4331576923076923,12.152655547388957,207.45970676347008,0.7419780766100685,0.36532872736141775,120.33047756323448,0,0
2023,1,34.0,-118.0,0.31722656250000003,12.525775343371997,183.13814423648367,1.323776047767986,0.34290606520509204,87.75288669858128,0,0
2023,1,34.0,-117.0,0.18136093749999999,11.158565416643722,73.74649381866405,1.2027560260867527,0.21822152086483534,91.6909915395081,0,0
2023,1,34.0,-116.0,0.097578125,14.394672289202305,19.610606400721764,1.1829883831777257,0.08094808972010045,70.02203108277172,0,0
2023,1,34.0,-115.0,0.1230953125,15.857440267070668,28.941168018111085,0.9049776309669229,0.11499612530072525,101.56719631049782,0,0
2023,1,35.0,-122.0,0.5857375,13.47275092832507,266.9365122322524,0.4861430376861015,0.38412704262682174,193.09235084801912,0,0
2023,1,35.0,-121.0,0.5313346153846153,13.748915940025226,216.9916108709551,0.9574459584996158,0.3940172061336445,106.93823770643809,0,0
2023,1,35.0,-120.0,0.44875000000000004,13.112500378393381,136.21290636850247,1.1898227422463044,0.40785785932694707,74.02409333735704,0,0
2023,1,35.0,-119.0,0.3781859375,10.187900815471547,148.47201927235076,0.908953316543646,0.3830492390740302,73.09021428227425,0,0
2023,1,35.0,-118.0,0.1303328125,10.552088132981353,79.26465690737317,0.9938458303551329,0.2865842391726791,43.9859798643738,0,0
2023,1,35.0,-117.0,0.0984671875,12.104056261431804,49.516434349545335,1.1311309995385497,0.20146931627745265,51.32012837566435,0,0
2023,1,35.0,-116.0,0.1358609375,10.33725361208764,53.12451514085481,1.0897475625588944,0.20948452398341186,51.796737825497985,0,0
2023,1,35.0,-115.0,0.160571875,11.069505963786977,63.54717354891548,1.2031036298349504,0.24533955384326234,61.544778174720705,0,0
2023,1,36.0,-122.0,0.5357818181818182,12.58804620796869,239.79223002265016,0.928531205993194,0.384227614715069,132.74055019472584,0,0
2023,1,36.0,-121.0,0.4293203125,12.67091801397265,158.25666630310664,1.0352912226413584,0.4089156023917659,91.5773306041956,0,0
2023,1,36.0,-120.0,0.4164125,13.727760294945032,206.59154680227587,0.8057638769536215,0.38756288251569193,82.3517901590094,0,0
2023,1,36.0,-119.0,0.259515625,3.948356031602451,314.37825135556704,1.0191905440280526,0.3981728556976523,70.46806951984763,0,0
2023,1,36.0,-118.0,0.115415625,6.695822872654112,121.28704975960503,0.7949918198833835,0.33948818554160415,26.5542782144621,0,0
2023,1,36.0,-117.0,0.1131703125,10.680954490169423,58.62353629102657,0.9275373140609862,0.2405499575599547,42.262112838216126,0,0
2023,1,36.0,-116.0,0.1472234375,7.32119505943793,71.51218600241194,0.9225429329339624,0.2748581251149536,40.01179721672088,0,0
2023,1,36.0,-115.0,0.1437453125,9.642516254609653,84.20056084772298,0.9433091803643736,0.28042814776461605,47.11665376089513,0,0
2023,1,37.0,-123.0,0.5434,13.080051040649437,245.91777151120553,0.8212220325268654,0.3813760460063976,182.03421495854855,0,0
2023,1,37.0,-122.0,0.544715625,12.928766553632695,238.8861699679777,0.9974591180219567,0.3898893985697018,136.0506768493603,0,0
2023,1,37.0,-121.0,0.483696875,13.58834779954729,226.23542816048214,1.4585929009312713,0.3876180626371855,85.66708560101688,0,0
2023,1,37.0,-120.0,0.409515625,7.309135001705563,378.00640802500493,1.2454630360332843,0.4081592534178047,115.76307832729071,0,0
2023,1,37.0,-119.0,0.076325,-2.4833876594420197,285.37700398495144,1.3437776740082823,0.3242530201071052,27.388320886529982,0,0
2023,1,37.0,-118.0,0.09449687500000001,1.5832627004193007,108.68221827452729,1.0998598695445705,0.3373971539799885,14.756754972040653,0,0
2023,1,37.0,-117.0,0.127478125,3.5416632190827677,77.88536910569022,1.0896731122441068,0.305520672311065,32.28409762959927,0,0
2023,1,37.0,-116.0,0.13389375,4.07040747058009,72.58696671245346,1.0151127747066595,0.3363982073722347,30.089370789937675,0,0
2023,1,37.0,-115.0,0.158509375,4.491874190299761,126.02325066594133,1.400970388019746,0.39695825948510116,24.952554958872497,0,0
2023,1,38.0,-124.0,0.6324400000000001,12.281217382287513,413.56490658266193,0.3072806777836135,0.3875824186537001,360.40800027549267,0,0
2023,1,38.0,-123.0,0.567678125,13.271578699542651,327.6717407037104,0.6890763518822657,0.38769803252271423,186.10932922456414,0,0
2023,1,38.0,-122.0,0.423146875,13.603442064408352,278.03447403615064,1.3803108984683845,0.3968837559223175,107.66623553354293,0,0
2023,1,38.0,-121.0,0.49924062500000005,9.886261027859131,380.8855128348405,1.5607111299776382,0.4282508082287286,216.33236296474934,0,0
2023,1,38.0,-120.0,0.10122656249999999,-1.1215134712957386,303.88988930402047,1.2705953672240191,0.4008871086182132,64.67059603892267,0,0
2023,1,38.0,-119.0,0.05545625,-2.27862530831365,103.96036555660615,1.299426449324853,0.35070525478291253,2.113397582434118,0,0
2023,1,38.0,-118.0,0.0608625,-1.3962501141332595,69.84534490523586,1.0823691826794666,0.29912802448836706,6.443229387514293,0,0
2023,1,38.0,-117.0,0.0669734375,-3.0469035994621834,89.59174764943967,1.1969184587379835,0.31388135975407017,2.7172479312866926,0,0
2023,1,38.0,-116.0,0.0551875,-1.6907989563480292,79.9661656249846,1.164418213836259,0.4236200922919857,6.184628582559526,0,0
2023,1,38.0,-115.0,0.0673375,-2.6211842536926113,97.61854194706032,0.9938195608022944,0.43289632822877616,1.8165482906624675,0,0
2023,1,39.0,-124.0,0.679675,11.318299911868216,381.0185534287775,0.7975612873187138,0.3922939242855195,245.67299033515155,0,0
2023,1,39.0,-123.0,0.49240781250000004,11.096444840585065,308.4459086288298,0.4044837891831508,0.4027849422988071,184.22595772426575,0,0
2023,1,39.0,-122.0,0.401034375,12.765929909675378,298.2142253652746,1.315517867035532,0.40296847877963893,136.13758946303278,0,0
2023,1,39.0,-121.0,0.33439375,4.4438953199694495,393.06927359332985,1.3754256661362625,0.4666020299798699,196.23149558901787,0,0
2023,1,39.0,-120.0,0.0767390625,0.2913663187334947,166.7700058654482,0.8808444741435305,0.42660993946495873,19.868377945385873,0,0
2023,1,39.0,-119.0,0.0677140625,2.538095038937005,82.1874274746115,1.093199005617791,0.3663772828476403,9.100582101382315,0,0
2023,1,39.0,-118.0,0.0383921875,-2.9543763791360895,82.4966167904968,1.218548913159902,0.3183516802326325,1.4033730840310454,0,0
2023,1,39.0,-117.0,0.020121875,-4.567613906245057,71.69428727259586,1.023487385643972,0.2837566060404624,0.5263561615720391,0,0
2023,1,39.0,-116.0,0.029656250000000002,-4.305173324769516,78.15696907831082,1.0590786543148412,0.4041739006837209,0.4741700831800699,0,0
2023,1,39.0,-115.0,0.0373640625,-3.896877254978275,82.77568736714969,1.4750520396511655,0.36261342770309857,4.318305989727378,0,0
2023,1,40.0,-125.0,0.7030166666666666,11.559746412051652,347.0623045981875,1.5276904427576368,0.38981133464416723,377.7258267833127,0,0
2023,1,40.0,-124.0,0.6548406250000001,9.051754762280389,332.7039420012916,1.6535169592850325,0.43641225625109925,241.07740737963468,0,0
2023,1,40.0,-123.0,0.5161687500000001,9.523964923427975,351.6966253858591,0.427115548800683,0.45388369758923847,144.21544992364943,0,0
2023,1,40.0,-122.0,0.4036234375,5.549147732027134,289.5081646614308,1.474265694504201,0.43389886841979075,148.30385230015963,0,0
2023,1,40.0,-121.0,0.0989859375,0.257818963450795,165.2072368063564,1.187576742291978,0.41730155419277887,57.66812805086374,0,0
2023,1,40.0,-120.0,0.0856203125,1.2614393572653775,75.8267082613493,0.5372720977447086,0.36739241307781584,6.084931315854192,0,0
2023,1,40.0,-119.0,0.109678125,1.406137169561088,56.17336187181721,0.739975875410007,0.36495431680833135,10.944990324787796,0,0
2023,1,40.0,-118.0,0.09214062499999999,-1.7188341356092671,54.89541127947817,0.7709544964955393,0.3455789941613392,1.8840264528989792,0,0
2023,1,40.0,-117.0,0.0337890625,-3.4407122335126132,70.13825330553303,1.0924899323963049,0.3420647382736206,0.5616456037387252,0,0
2023,1,40.0,-116.0,-0.0077171875,-4.324048992895282,91.93136523147771,1.1679923114388409,0.35593621641077017,3.9279580814763904,0,0
2023,1,40.0,-115.0,0.0040671875,-4.222264325234182,71.37943388564238,1.8321319986107865,0.2999972576095212,0.8074515499174595,0,0
2023,1,41.0,-124.0,0.617635,7.615180668437805,272.51040652271297,2.1388335990846734,0.4356987057620907,251.15229214231172,0,0
2023,1,41.0,-123.0,0.39735625,3.894489952825758,319.8078205217207,0.7363638799890051,0.45914993074632454,109.00179203599691,0,0
2023,1,41.0,-122.0,0.3046171875,3.477394491626395,219.63507801895688,1.515561976520779,0.4516417630898055,87.40302047226578,0,0
2023,1,41.0,-121.0,0.0964484375,0.31172726538875395,85.56502478798578,1.7185246115648318,0.3725820683663891,34.91840430069715,0,0
2023,1,41.0,-120.0,0.0393703125,-2.678579450422699,58.067822630011534,1.7531950359761912,0.3162852794893326,1.091573853045702,0,0
2023,1,41.0,-119.0,0.0764734375,0.3437330369026733,45.101399334573244,0.6796831262993805,0.33042469556613635,8.319589775055647,0,0
2023,1,41.0,-118.0,0.0936375,-1.5890132581033782,41.408833615907525,0.9650435485907872,0.31150353659865676,3.1561902724206448,0,0
2023,1,41.0,-117.0,0.0045734375,-3.593274021148659,50.95248067421565,2.4517584061187536,0.30126207265802607,2.3327296366915107,0,0
2023,1,41.0,-116.0,-0.02318125,-4.628749875099398,59.01281073359499,0.9831109784820082,0.32247904071243855,6.118540186434984,0,0
2023,1,41.0,-115.0,-0.0067515625,-4.859305409462198,57.060697382741665,1.4169538530304198,0.27269002987492463,2.535143867135048,0,0
2023,2,32.0,-117.0,0.442971875,14.13237838404521,63.69236241006959,1.8321178326414391,0.2475742392596744,166.42287303693593,0,0
2023,2,32.0,-116.0,0.269703125,19.67445670877187,5.00002213665951,2.122737091857267,0.09691348671913143,165.84195895120502,0,0
2023,2,32.0,-115.0,0.221184375,20.736933088302635,5.905541953683979,1.8172816639950515,0.09921908307643161,169.1844193264842,0,0
2023,2,33.0,-119.0,0.39268749999999997,15.219773319789368,67.17659708955992,3.363609645316481,0.26375703016916907,102.8379276394844,0,0
2023,2,33.0,-118.0,0.4670025,15.593428584507564,90.54601753353187,1.0680443692559445,0.2918885768405975,135.88468947758275,0,0
2023,2,33.0,-117.0,0.357584375,14.834648593834494,56.437257573993094,1.7355195834095736,0.21630721255427313,158.40965195093304,0,0
2023,2,33.0,-116.0,0.17174375,18.431628177847205,5.606774370239265,2.0150669453445103,0.04651195343051632,125.25308434851468,0,0
2023,2,33.0,-115.0,0.15094375000000002,19.674905174119154,6.344803971291668,1.607777486237846,0.04138915772948941,150.80987801775336,0,0
2023,2,34.0,-121.0,0.65246875,13.830155706405677,91.09715361991633,2.8688845529968323,0.3132618282522474,214.15551751852036,0,0
2023,2,34.0,-120.0,0.5533219696969698,12.67120644788207,114.2928476795014,4.147675944784655,0.3084574180936056,270.7451856836225,0,0
2023,2,34.0,-119.0,0.4357096153846154,13.765367287157236,128.00341800794266,0.7927994256470172,0.2697713230992411,185.28814121889764,0,0
2023,2,34.0,-118.0,0.320003125,14.208279338904813,105.08542008610178,1.1630723641657954,0.24196235090494153,128.00992792472243,0,0
2023,2,34.0,-117.0,0.18133125,12.82652469362533,36.49710108438242,1.0950384672516964,0.1345636468558084,132.238831021823,0,0
2023,2,34.0,-116.0,0.0959015625,16.803405346189244,7.10499206470061,1.1875074275979909,0.03131583829720811,98.518643877469,0,0
2023,2,34.0,-115.0,0.1284640625,18.70203163112915,9.85863957466293,0.9685471485270488,0.043709723367577454,139.4485137425363,0,0
2023,2,35.0,-122.0,0.6188125,13.615737601688977,76.53519314625967,1.4475298369366976,0.33968081076939893,242.45319887995723,0,0
2023,2,35.0,-121.0,0.5733596153846154,14.350094413757343,83.35698571899641,1.6136774570106671,0.3338167162314148,138.18047678050323,0,0
2023,2,35.0,-120.0,0.50984375,14.371224268845175,96.31299426691342,0.8697924916980091,0.33775217724697926,107.15462197549641,0,0
2023,2,35.0,-119.0,0.3996515625,11.522476674829232,115.6491296263944,1.1037697007202232,0.3269608521035739,105.81828048452735,0,0
2023,2,35.0,-118.0,0.14908593750000002,13.315893856116727,55.25124598206688,1.1812456413655994,0.14792377572684057,74.60793922655284,0,0
2023,2,35.0,-117.0,0.0993390625,15.310202148982484,16.24860068695355,1.29105683180406,0.06096374811161127,87.82853453885764,0,0
2023,2,35.0,-116.0,0.13265,13.480203017166712,15.721838352323658,1.0010762137917188,0.07240417209409529,87.98768394626677,0,0
2023,2,35.0,-115.0,0.167003125,14.472410876410372,22.686994996906407,1.2706564572589882,0.10444160373437969,96.36422921903431,0,0
2023,2,36.0,-122.0,0.5468295454545454,12.6240020793238,76.28638529695363,1.5828720675563297,0.3436886889249903,148.61741944244415,0,0
2023,2,36.0,-121.0,0.497825,14.081396496295945,61.51526597240675,1.0454346647720838,0.340776855746905,130.93660969752818,0,0
2023,2,36.0,-120.0,0.45525,15.198250610487822,111.98692222969342,0.5855964845141516,0.33272830574285417,125.66635385155678,0,0
2023,2,36.0,-119.0,0.244353125,4.589255377224536,158.82468725466836,1.0103453398349307,0.37831006553911023,107.59376105852425,0,0
2023,2,36.0,-118.0,0.1005046875,8.909727762426677,81.10354388044883,0.9183797159229354,0.24385172199635274,44.158159173093736,0,0
2023,2,36.0,-117.0,0.1093859375,14.124573385715504,31.339947729424722,0.8765366396534207,0.10593173901240026,70.36392751615494,0,0
2023,2,36.0,-116.0,0.133203125,10.36463893481665,26.673958766327388,0.6506937070855352,0.16566491233451022,67.83087027724832,0,0
2023,2,36.0,-115.0,0.14364375000000001,12.720631899152508,26.718419640378244,0.9215382878852598,0.16580966150476817,74.81146801728755,0,0
2023,2,37.0,-123.0,0.559525,12.40715731212073,88.62700023600567,1.987989579189876,0.35586259620530264,178.71140874922276,0,0
2023,2,37.0,-122.0,0.57013125,13.070955493904314,79.10663049890705,2.41929910537182,0.34874773912486573,144.04432549296567,0,0
2023,2,37.0,-121.0,0.513734375,14.441650869165166,77.6415368440162,1.014322205758229,0.3344092887072336,100.93134501948953,0,0
2023,2,37.0,-120.0,0.4009890625,8.092264815739249,195.55709198029447,0.8576513588161888,0.38434715107792894,160.31442733947188,0,0
2023,2,37.0,-119.0,0.059693750000000004,-1.6252510275159402,141.0140212523352,1.200444653845991,0.3095621189900807,40.13566323556006,0,0
2023,2,37.0,-118.0,0.0738984375,4.4924464583397175,75.59265581803132,0.966640178631564,0.26584895913090023,30.481652007438242,0,0
2023,2,37.0,-117.0,0.1208421875,6.720727973324934,39.68184337863434,0.9865154133106387,0.21365089679048171,55.60080648865551,0,0
2023,2,37.0,-116.0,0.11633125,7.11142311096194,31.540014677734263,0.968871286526746,0.2589004678385598,52.210739930160344,0,0
2023,2,37.0,-115.0,0.15040625,6.959191741262188,47.2201820361029,1.2964993022844673,0.3515578597074463,41.62153089419007,0,0
2023,2,38.0,-124.0,0.6146133333333333,11.640429469517324,113.69587656954039,2.3744021565507274,0.3558670887871394,407.44466856122017,0,0
2023,2,38.0,-123.0,0.5815187500000001,13.14779297964916,93.04658080363382,2.152452206404206,0.35879128816581907,206.2803345033899,0,0
2023,2,38.0,-122.0,0.4565015625,13.80307242870333,88.35417487570751,0.9202793831471884,0.355617999675728,104.31529255583882,0,0
2023,2,38.0,-121.0,0.4780296875,10.26865030356818,177.75797065259624,0.8652011408692629,0.4063009630356516,244.50883723329753,0,0
2023,2,38.0,-120.0,0.09217499999999999,-0.05168573175155096,155.93763896176327,1.5043433739264174,0.3803821624744506,87.54846453666687,0,0
2023,2,38.0,-119.0,0.036615625,0.013219775472386175,55.14869572506953,1.5435294143673512,0.3444245230583917,7.078500115312636,0,0
2023,2,38.0,-118.0,0.06535625,2.1618094376155526,36.986923906074054,1.1263957421134494,0.2812798722159295,25.921152555383742,0,0
2023,2,38.0,-117.0,0.072375,-0.2338206495557351,34.65858627022911,1.024734360263302,0.30020890101080844,11.309626745060086,0,0
2023,2,38.0,-116.0,0.0551046875,0.6876842907497078,29.59732910530377,0.9620713087930032,0.42612625871385845,17.134398338384926,0,0
2023,2,38.0,-115.0,0.054878125,-0.9470876353127373,32.12079092772413,1.0628058130996634,0.4085460251995495,5.749342264607549,0,0
2023,2,39.0,-124.0,0.6892125,11.792676595279168,125.99182444536794,0.9255613200446092,0.35930360498882474,308.7939447723329,0,0
2023,2,39.0,-123.0,0.495103125,11.89426469121663,85.62507074238468,1.017286532256478,0.36208058929159526,227.889075409621,0,0
2023,2,39.0,-122.0,0.4151359375,13.362199708393657,104.18970313766707,0.7517988506755525,0.3633446604723022,149.79000424500555,0,0
2023,2,39.0,-121.0,0.3063875,5.825687929562182,197.75964751751826,0.8706039505243295,0.4487536560211863,250.04475726746023,0,0
2023,2,39.0,-120.0,0.07623125,2.44136296170101,77.37705008038986,1.3457924788654403,0.4140493011190778,38.18418562877923,0,0
2023,2,39.0,-119.0,0.07775,6.736131039687596,32.736925537751205,1.17040282266832,0.317983311911424,41.30278341472149,0,0
2023,2,39.0,-118.0,0.0542640625,-0.41242884567803273,34.12339593196023,1.328155852472222,0.2963316071601141,7.238879683427513,0,0
2023,2,39.0,-117.0,0.0294734375,-2.2549791063580926,26.216898475826866,1.2703393115206434,0.2640464426506133,3.3936717081815004,0,0
2023,2,39.0,-116.0,0.0289171875,-2.3375279886381684,26.831799083442576,1.2888107537433615,0.3854981217355955,3.6639858735725284,0,0
2023,2,39.0,-115.0,0.0276390625,-1.7593415788241487,30.984805327893383,1.6007368172617291,0.3473143964296296,10.409169481135905,0,0
2023,2,40.0,-125.0,0.6968333333333333,10.101037234351773,151.68429424794954,1.7634364100297366,0.3780027861317629,274.07191321253777,0,0
2023,2,40.0,-124.0,0.5664796875,9.46951101677761,133.21982057677317,1.5150693555679748,0.4225673448471796,260.3679986204952,0,0
2023,2,40.0,-123.0,0.480740625,11.18131922994344,108.01009287969876,0.9407433192750324,0.43450883172807236,216.53727698139846,0,0
2023,2,40.0,-122.0,0.37443125,7.228682775156859,132.18209789046753,0.931546811392016,0.409655464547021,204.74385609850287,0,0
2023,2,40.0,-121.0,0.08986406250000001,2.3184649194990072,76.24405844980586,0.8838700346670891,0.3878195555437179,100.38676206022501,0,0
2023,2,40.0,-120.0,0.07928906250000001,4.5532360008784885,30.139000983030684,0.9488934933157264,0.3469459187416803,26.795668178237975,0,0
2023,2,40.0,-119.0,0.1055625,5.572218666757884,21.283446474985368,0.8518515616102404,0.3049373130003611,42.76747407857329,0,0
2023,2,40.0,-118.0,0.1074625,0.7476932253156647,24.53702747733999,0.8684933011872527,0.32860999022211346,11.757673462852836,0,0
2023,2,40.0,-117.0,0.0517609375,-2.162676852089991,20.93599982471872,1.2283474807026131,0.31230243401868,2.6288999943062663,0,0
2023,2,40.0,-116.0,-0.008735937499999999,-3.2633975642067874,27.363219195098765,1.3161072897938473,0.34694799958240413,8.751648711040616,0,0
2023,2,40.0,-115.0,0.005379687499999999,-2.662769068990407,14.34914454729963,2.2065848468639824,0.2905494474938937,4.412144655361772,0,0
2023,2,41.0,-124.0,0.5722066666666666,7.901370021275136,144.28953182795752,1.119789455014839,0.4261440811964569,227.48297270801334,0,0
2023,2,41.0,-123.0,0.3077421875,5.661142478670413,114.22711367631067,0.6334105429579167,0.4386080212536312,175.6581146037206,0,0
2023,2,41.0,-122.0,0.25530625,5.785959441321253,99.16906234720457,0.9957477260588652,0.44385834854273565,148.55302521027625,0,0
2023,2,41.0,-121.0,0.1048078125,2.2359138233321296,49.92551206523288,1.2053770472598944,0.35159571539788015,61.1852603033185,0,0
2023,2,41.0,-120.0,0.046367187500000004,-1.1033023153032318,28.552187503368742,1.5624649024964476,0.294254886607329,5.457374383695424,0,0
2023,2,41.0,-119.0,0.0735609375,3.2601289255278694,15.949519014970548,1.068213225507818,0.28367705678655986,28.867958928458393,0,0
2023,2,41.0,-118.0,0.090453125,0.37880126237871536,22.870158207656033,1.409362797027788,0.30383364324058804,13.004168984480202,0,0
2023,2,41.0,-117.0,0.023228125,-2.822369531222737,26.896509471402652,3.2032035650601705,0.2821229855929102,5.75104623567313,0,0
2023,2,41.0,-116.0,-0.025321875,-3.6816050989286992,28.602682649211175,1.4180009537486893,0.3092825178589139,13.597520417533815,0,0
2023,2,41.0,-115.0,-0.008578125,-3.708378543172536,17.30656171129752,1.5507985930837376,0.26328228378579727,7.325645186938345,0,0
2023,3,32.0,-117.0,0.450853125,14.715977348819884,125.95269660952368,3.073667288448983,0.30776609528449267,181.07786169275641,0,0
2023,3,32.0,-116.0,0.267728125,22.973055765705745,14.21594917329827,2.8281916112249523,0.08376191380203407,237.4794117640704,0,0
2023,3,32.0,-115.0,0.226590625,24.209572364437996,10.92886849793473,2.7321641328962585,0.07437235501504708,236.1749957781285,0,0
2023,3,33.0,-119.0,0.4146875,14.616476784983007,141.60312870073,3.918954119549785,0.35955606993808537,113.94294910132885,0,0
2023,3,33.0,-118.0,0.45998,14.816607616793743,190.67962402033487,1.6782918595575744,0.3715945510454075,140.91068872561056,0,0
2023,3,33.0,-117.0,0.35519062500000004,15.584798615978638,127.03325314934233,2.56059548772548,0.2854563776523836,168.51917607709765,0,0
2023,3,33.0,-116.0,0.16400625,20.783848634842933,18.824024773415715,2.544054846311978,0.05884841020389265,174.17295451741666,0,0
2023,3,33.0,-115.0,0.1461109375,22.196725248521396,16.10715705457011,2.741299725440057,0.047641533036385776,201.21702866163105,0,0
2023,3,34.0,-121.0,0.66209375,12.895219923860296,199.84908746111077,2.7584207682458715,0.38441823673931924,255.18412748351693,0,0
2023,3,34.0,-120.0,0.5657068181818182,11.7357762251898,179.31425040707848,4.679587403760252,0.3861622549338541,267.87348560085803,0,0
2023,3,34.0,-119.0,0.4442096153846154,12.908082725707922,151.75743788179665,2.441826727844828,0.3778862624514158,175.2152863698892,0,0
2023,3,34.0,-118.0,0.3343890625,13.843279210982804,150.17486218849996,3.192718900599353,0.3513362680071143,134.50742955319583,0,0
2023,3,34.0,-117.0,0.189534375,13.874224358220278,71.63916523123959,2.94529487890773,0.21181792886026443,151.91452484577894,0,0
2023,3,34.0,-116.0,0.095521875,18.533324806151867,30.552511285272033,1.6249466057815831,0.07206551874837562,132.4664471903816,0,0
2023,3,34.0,-115.0,0.1392875,20.156210041046172,36.45078739638308,1.5819117429605527,0.09426275889078771,175.43058097362518,0,0
2023,3,35.0,-122.0,0.643325,12.77340192487165,221.86223761665502,1.556704957733312,0.39111760611175206,275.312140583992,0,0
2023,3,35.0,-121.0,0.6028211538461539,13.555889434435842,175.53653410693,1.8334152091837856,0.398843702548195,163.56022995060837,0,0
2023,3,35.0,-120.0,0.54769375,14.476732772396478,100.12728482971767,1.4167433866408226,0.40929840264781825,137.69825419876724,0,0
2023,3,35.0,-119.0,0.4275890625,11.203089640217463,165.4781451870022,2.548582646550934,0.3971671426808962,119.31381467729807,0,0
2023,3,35.0,-118.0,0.2013921875,13.337317054502456,61.503003067549855,3.5054977871723065,0.2706846639674197,98.12130930367857,0,0
2023,3,35.0,-117.0,0.1171671875,16.4885211483125,35.75318068752864,3.4429361713486744,0.11492619495238024,123.36560746189207,0,0
2023,3,35.0,-116.0,0.14350625,14.589927499525036,42.016882165548,2.003063503676987,0.13068495963209414,120.07058958988637,0,0
2023,3,35.0,-115.0,0.1932625,15.70702435431944,55.27000589783171,1.6986293163422217,0.17820743014735557,131.2078278278932,0,0
2023,3,36.0,-122.0,0.5642045454545455,12.295057717003566,191.88670023662073,1.442340475256363,0.3903605028253768,181.9078838170478,0,0
2023,3,36.0,-121.0,0.56265,13.787984343498003,122.97456590014377,1.2393360052821838,0.41195549791859043,157.28208480868489,0,0
2023,3,36.0,-120.0,0.492471875,15.306978267239003,239.3872956235228,0.9802473482576818,0.3924981458212739,153.33501680288464,0,0
2023,3,36.0,-119.0,0.23507968750000002,3.975141359144665,406.9743423678247,1.1468610356844644,0.40179477680114006,107.50248527619988,0,0
2023,3,36.0,-118.0,0.110234375,9.07172440251999,112.6604070376871,0.985866901653566,0.351471713794175,52.747856243513525,0,0
2023,3,36.0,-117.0,0.1225703125,14.77633644996153,45.16712710748294,1.558156069173244,0.1913518662093788,97.61385142337531,0,0
2023,3,36.0,-116.0,0.13978125,11.164881194022417,56.11018738265017,1.8434030405858384,0.2303470453267456,93.81389094050974,0,0
2023,3,36.0,-115.0,0.1585578125,14.079434044130409,59.51466266552785,1.5342496928106344,0.20427285919907268,107.50443290453404,0,0
2023,3,37.0,-123.0,0.5801125,12.147029126075012,214.88134627717415,2.163089128364636,0.3917245198321599,213.34541123360395,0,0
2023,3,37.0,-122.0,0.5954875000000001,13.116929803356076,196.41410911321816,2.074923109123034,0.39705128556511304,176.8015711568296,0,0
2023,3,37.0,-121.0,0.5623859375,15.119231650137145,207.60770043845156,1.210113306813897,0.39174247781435645,133.05909209884703,0,0
2023,3,37.0,-120.0,0.4123875,7.453284628160567,426.4619014647124,1.592964127130491,0.4119571008348978,173.31048287451267,0,0
2023,3,37.0,-119.0,0.054646875,-1.5962327418788576,312.2630931392578,1.613312553977942,0.32930157678101646,45.287542627193034,0,0
2023,3,37.0,-118.0,0.0793671875,4.600738451557806,92.03149326632598,0.9282808186811776,0.3444299691466875,30.983512639068067,0,0
2023,3,37.0,-117.0,0.12930468750000002,6.425336579353598,65.46647375936487,0.9809853036639816,0.31643548255325643,63.23322840034962,0,0
2023,3,37.0,-116.0,0.1261109375,7.606856864498532,62.12955871152559,0.6425086977013679,0.3343990089431886,67.80541827902198,0,0
2023,3,37.0,-115.0,0.1786203125,8.427374135294286,88.85389165508428,0.9811808818800102,0.39684379132845066,67.52631417475641,0,0
2023,3,38.0,-124.0,0.615775,10.60318728211107,296.42081815925917,1.7208591697795703,0.39712164991645404,420.96563801169395,0,0
2023,3,38.0,-123.0,0.6019734375,12.539906743264996,253.41947976986745,1.961560979435225,0.39636161763180966,239.30953303351998,0,0
2023,3,38.0,-122.0,0.5056109375,14.288912207080493,225.66003044622818,1.4985103326937437,0.4039031507507447,136.83002046309412,0,0
2023,3,38.0,-121.0,0.48296875,9.435129107198435,382.57980248446444,1.439504841282713,0.4331575141799065,232.43438184726983,0,0
2023,3,38.0,-120.0,0.1052578125,-0.583620745135864,309.25447325709143,1.5645512285737957,0.39046311602797557,106.75499064382166,0,0
2023,3,38.0,-119.0,0.061159375,1.3228003471128567,88.20554981495121,1.361819792563251,0.3755221296382207,16.100435866974294,0,0
2023,3,38.0,-118.0,0.0802609375,1.769135132143596,77.68496982308903,1.2286913055458877,0.32518323294578055,29.22580682206899,0,0
2023,3,38.0,-117.0,0.0964515625,-0.3478415212323327,87.77854167411903,0.8506030289093381,0.3327647671904615,13.113719876855612,0,0
2023,3,38.0,-116.0,0.09581406249999999,1.6404710923471946,83.24054646792689,0.7324663431407027,0.46209128377258135,25.676034623757005,0,0
2023,3,38.0,-115.0,0.1024203125,0.36054581519098505,100.15061655568758,1.610147160618021,0.4434466297908496,9.994316147640347,0,0
2023,3,39.0,-124.0,0.685578125,9.397865621505275,307.6157385438947,0.5854310254022672,0.4069602681744483,295.4915233422071,0,0
2023,3,39.0,-123.0,0.4959484375,10.327799415588402,241.95610167945603,0.8692635214717002,0.41325659873665016,228.8297734921798,0,0
2023,3,39.0,-122.0,0.4446265625,13.051156670047408,259.02113336625376,1.344790523122322,0.40879861513773597,161.01266269106418,0,0
2023,3,39.0,-121.0,0.3075015625,4.011969084893529,435.85050892571786,1.3850324869619393,0.460551215756324,236.36735102627426,0,0
2023,3,39.0,-120.0,0.12336562499999999,3.20217458201995,139.05886834974268,1.2879233542506852,0.431997969265907,61.56234710942954,0,0
2023,3,39.0,-119.0,0.099065625,7.692937823264852,63.00931092838624,1.1781209074267618,0.3419972927339615,73.05330340750515,0,0
2023,3,39.0,-118.0,0.1000015625,0.012861262598363565,87.42686099859753,1.278848665036112,0.3229757294219027,12.388066272251308,0,0
2023,3,39.0,-117.0,0.0670078125,-2.0162621128943385,74.8117821712313,1.3550996474767962,0.280630825988708,4.5518712140619755,0,0
2023,3,39.0,-116.0,0.0682484375,-1.6255131659968995,79.74317105973938,1.6754639972004255,0.424819548924764,6.0927546583116055,0,0
2023,3,39.0,-115.0,0.0613859375,-1.340561702174508,81.24736994060555,1.5583734734183023,0.3576172647937651,13.267841772176325,0,0
2023,3,40.0,-125.0,0.6933166666666667,9.179859415690089,290.927187773198,0.3987447283344062,0.4014144154574851,291.70276928279134,0,0
2023,3,40.0,-124.0,0.5187296875,6.71937823603232,307.20128113890866,0.4110490598698995,0.439739760532174,250.00631797593087,0,0
2023,3,40.0,-123.0,0.4599875,8.715387831964826,292.502144766253,0.8730252971893447,0.4586283321021705,210.31552937347442,0,0
2023,3,40.0,-122.0,0.353490625,5.122805913802132,298.2787624422727,1.3408717306230464,0.4283014926859127,210.50779288634658,0,0
2023,3,40.0,-121.0,0.106721875,1.9105349771438256,157.7898205213515,1.2743096711925432,0.40879874972886937,138.10066017322242,0,0
2023,3,40.0,-120.0,0.1058140625,5.085977003651305,74.28695768604854,1.369827455314834,0.36505247956962994,45.60767381917685,0,0
2023,3,40.0,-119.0,0.12040625,5.98483099783623,70.80359076636711,1.4748855898997328,0.3319682565427596,65.26111799757928,0,0
2023,3,40.0,-118.0,0.14361875,2.504291276008871,80.41019732619503,1.0246225905164017,0.3710910953501219,21.00248436909169,0,0
2023,3,40.0,-117.0,0.0997984375,0.0026778205748705375,64.44982084932604,1.4218969577159362,0.35953371755538444,6.505289580672979,0,0
2023,3,40.0,-116.0,0.0261796875,-1.7520636173986404,74.20164481292346,1.547696846636246,0.35991399679132685,15.38545498624444,0,0
2023,3,40.0,-115.0,0.0524375,0.288790944314794,39.706419869538934,1.9913365909129952,0.3636110787109662,20.104105002246797,0,0
2023,3,41.0,-124.0,0.5235133333333334,5.610080631488563,298.92810500920825,1.3553550357028052,0.4377051425236527,258.1896618422535,0,0
2023,3,41.0,-123.0,0.2557109375,3.1245579211942776,281.3898059029398,0.7503574902586001,0.4457735364796013,197.96232134103775,0,0
2023,3,41.0,-122.0,0.22790625,3.3904386058930704,230.9268291063873,1.7441190117072882,0.4433132932391218,156.85944247525185,0,0
2023,3,41.0,-121.0,0.1424484375,1.2060358785814067,123.2785246756194,1.841569532080819,0.3592034869937486,70.56325452867895,0,0
2023,3,41.0,-120.0,0.080078125,-0.23152680243212836,75.23576537634113,2.22018055542634,0.30244943435474103,10.996083728969097,0,0
2023,3,41.0,-119.0,0.0998921875,4.280962808670559,61.836672662970216,1.35162957890365,0.3104015617601333,47.55267035216093,0,0
2023,3,41.0,-118.0,0.1293359375,2.0466964352515653,75.82532004008868,1.4988578347092072,0.34737585148503697,24.96082871221006,0,0
2023,3,41.0,-117.0,0.0519484375,-0.9174680986711863,65.18491166199425,2.9781992636908354,0.3098237097904246,12.334236525930464,0,0
2023,3,41.0,-116.0,-0.0133390625,-2.2614787517055177,61.841699709397346,1.5827281197389198,0.3160526774903779,22.066906560212374,0,0
2023,3,41.0,-115.0,0.02984375,-0.8483154589129782,36.48452315966466,1.5179130725097818,0.32389827248870684,20.01805033069104,0,0
2023,4,32.0,-117.0,0.420059375,21.45654538472496,2.810669168130886,1.947424344122322,0.15162562463018625,329.35260282829404,0,0
2023,4,32.0,-116.0,0.25344375,31.16082042058312,0.054921060101520376,1.905254846934016,0.057815439171261224,317.022898234427,0,0
2023,4,32.0,-115.0,0.21857812499999998,31.9960831642151,0.03042774205042059,1.8721067716008204,0.05420013335016035,307.834186591208,0,0
2023,4,33.0,-119.0,0.4068875,17.375067265828477,3.004377744392883,3.6714161836145314,0.1864120165506998,158.2140065729618,0,0
2023,4,33.0,-118.0,0.4378875,19.47628982120093,3.554224631981384,1.9050193161709703,0.2046848925837764,231.8968651816249,0,0
2023,4,33.0,-117.0,0.3332609375,24.45391681989036,2.1786007930053586,1.7172188224917988,0.13697936733563737,341.6457501007244,0,0
2023,4,33.0,-116.0,0.1547875,29.688644409179712,0.03135650348795588,1.9358830571971093,0.030659772290123795,243.73825744260103,0,0
2023,4,33.0,-115.0,0.1410078125,30.950831007957483,0.03045707871152097,1.959736490275128,0.020944551626841175,279.2571174213663,0,0
2023,4,34.0,-121.0,0.6310562500000001,15.770239660475,0.16109617977969984,6.341942920064409,0.2754721849052994,332.5991818370918,0,0
2023,4,34.0,-120.0,0.5496772727272727,18.13482881796482,0.5193223808533897,6.601376817577412,0.25193447681388464,539.0922201966697,0,0
2023,4,34.0,-119.0,0.4373346153846154,21.12396710387664,3.4860753557125963,1.9300018433173625,0.20450143284267844,366.20105105714924,0,0
2023,4,34.0,-118.0,0.3369875,22.929696051279727,4.633504468248617,2.5285983328190724,0.15617506934536826,270.6155200721696,0,0
2023,4,34.0,-117.0,0.1922984375,23.877730560302762,1.0461896092159861,2.3189926889541224,0.0930087678962283,306.83134752325714,0,0
2023,4,34.0,-116.0,0.0913421875,28.23935731252037,0.03612906602157289,1.6915960096450868,0.017129505011770407,208.39981688186526,0,0
2023,4,34.0,-115.0,0.131634375,29.87314466635388,0.05162627366317446,1.3987807946678783,0.024910014205508705,269.3568157264963,0,0
2023,4,35.0,-122.0,0.6531750000000001,17.84215920766198,0.1367386796040648,3.082091226682888,0.291605003674825,466.77096746861935,0,0
2023,4,35.0,-121.0,0.5740211538461539,19.957864523341524,0.2762316972286509,4.180441348157692,0.2622937682007792,271.04946693930873,0,0
2023,4,35.0,-120.0,0.5028515625000001,23.286175227165245,1.0650582045776957,1.4437663655594226,0.20281249648994867,279.32305296417326,0,0
2023,4,35.0,-119.0,0.42583281250000005,20.4401649951935,4.047267641173136,2.479825792502875,0.23010108835167353,276.92103188019246,0,0
2023,4,35.0,-118.0,0.2108828125,24.27455963293714,0.178368565858733,2.949158281219752,0.05924193296167581,189.89542894996706,0,0
2023,4,35.0,-117.0,0.1201125,26.733908414840723,0.5313274816138858,2.8340468533047933,0.023521077632904005,204.74633784033358,0,0
2023,4,35.0,-116.0,0.148996875,24.77101209163668,0.4188183594955319,1.538764751797602,0.02600407931539742,204.6733710449189,0,0
2023,4,35.0,-115.0,0.195384375,25.904928278923062,0.3374864247156495,1.5734729273543064,0.03473924166626395,223.7227119039744,0,0
2023,4,36.0,-122.0,0.5889022727272727,17.308770189381633,3.0677468514586623,3.677622323556915,0.2690337577652851,288.7078435583548,0,0
2023,4,36.0,-121.0,0.5276453125,22.4365901231766,2.4435657907737607,2.2337680419604298,0.23855341606669953,326.80647005327046,0,0
2023,4,36.0,-120.0,0.476178125,23.76328416665397,3.632790678413045,2.3417636006942173,0.24593087467882369,325.07317897398025,0,0
2023,4,36.0,-119.0,0.2736203125,12.516229057312032,9.8828403644724,0.935011099868376,0.3868108487791485,241.3150748470798,0,0
2023,4,36.0,-118.0,0.137909375,20.813929653167744,3.081263778032195,0.8325043442018536,0.13270394504070276,154.4755493523553,0,0
2023,4,36.0,-117.0,0.1288359375,25.818342947959927,4.207987607689034,0.6182435401884345,0.03748533229033146,185.988450772129,0,0
2023,4,36.0,-116.0,0.1545609375,21.936901966730773,3.1537842371029967,0.8611609671030851,0.06783292459117037,192.61163903865963,0,0
2023,4,36.0,-115.0,0.162415625,24.487777105967226,3.411272344411742,0.9048760606228132,0.05539712773429016,198.30152241047472,0,0
2023,4,37.0,-123.0,0.6072375000000001,15.164739004770937,7.790098934666645,3.938182106098842,0.27679050101174246,318.6496743001044,0,0
2023,4,37.0,-122.0,0.6033734375,18.682036394543143,6.172443699013523,4.244117081331078,0.27560754771585816,281.2073138775304,0,0
2023,4,37.0,-121.0,0.5534734375,22.900306812922175,2.0251884490711802,2.3667348424684302,0.24884048104286188,263.2269667228684,0,0
2023,4,37.0,-120.0,0.4325203125,15.712755091985088,9.397280439035427,2.139122930316005,0.34910775191254084,382.38944148179144,0,0
2023,4,37.0,-119.0,0.08279062499999999,6.807375168800373,6.7030645806802625,1.278436776515486,0.3915031691392263,99.33140384964645,0,0
2023,4,37.0,-118.0,0.1157765625,17.200421770413737,1.1339751437766665,1.2029044090131409,0.18740495443344113,136.80974417366087,0,0
2023,4,37.0,-117.0,0.1516765625,18.630046359697996,3.2227596167935246,1.0959162075454698,0.10546388030052181,181.86153599526733,0,0
2023,4,37.0,-116.0,0.149378125,19.36608822345736,5.338333350838553,0.8705295862579774,0.11485783888234027,172.737960354425,0,0
2023,4,37.0,-115.0,0.2125140625,20.042010426521323,6.802880008937251,0.8549638835124593,0.17380964789125652,180.4747397545725,0,0
2023,4,38.0,-124.0,0.66574,14.790356055365681,17.815809112584923,4.663386086979127,0.31620412932501896,694.7410157571236,0,0
2023,4,38.0,-123.0,0.6263890625,18.58690148989362,11.255950237856638,4.36785438024404,0.29765599966049194,468.88476388994604,0,0
2023,4,38.0,-122.0,0.53049375,21.5699996074041,9.199772066668999,2.5190067091556623,0.28347085416316986,252.36324197612703,0,0
2023,4,38.0,-121.0,0.5150515625000001,17.72545167605085,18.391480007441174,1.4531470363795027,0.35739255911774104,520.9614430787042,0,0
2023,4,38.0,-120.0,0.1584765625,7.362985277175923,16.24116933834685,1.3410412005331696,0.42852793236573533,217.33857691287994,0,0
2023,4,38.0,-119.0,0.1256703125,12.227852034568812,3.3275329407764787,1.5213547261076057,0.3146079901191923,85.98117728251964,0,0
2023,4,38.0,-118.0,0.1169875,14.024973734219884,4.102445709751379,1.4350998713770289,0.19422046873304574,129.49232233222574,0,0
2023,4,38.0,-117.0,0.1413921875,10.703745094935126,3.225088854552638,1.4960016824052933,0.2907270732853148,86.8028411641717,0,0
2023,4,38.0,-116.0,0.1452296875,14.078911789258342,6.09368205931915,1.4731911876626498,0.2919681575563219,137.24184955935925,0,0
2023,4,38.0,-115.0,0.1852921875,11.143118365605698,9.952245549531114,1.162867968564566,0.39345217545827227,92.8627431858331,0,0
2023,4,39.0,-124.0,0.69505625,16.509282414118466,27.706717177526485,2.2947234111383263,0.3328282859590318,635.9239604789764,0,0
2023,4,39.0,-123.0,0.5141578125,19.169350957870506,13.807952440576088,1.2942111925334387,0.3176936735709508,533.3634529961273,0,0
2023,4,39.0,-122.0,0.4733,21.668820762634294,19.95202390407158,0.8026852451596168,0.30825195180045234,347.7492983220145,0,0
2023,4,39.0,-121.0,0.3873390625,12.43740445772809,47.2362311922474,1.2018065451845157,0.45728464126586915,557.2755001485348,0,0
2023,4,39.0,-120.0,0.2078890625,12.34794216156008,10.915462662698161,1.6868725576632424,0.37719514734215204,145.57182230055332,0,0
2023,4,39.0,-119.0,0.127746875,18.19453144868217,3.6323827591253632,1.5995545286874986,0.12245198918713461,163.46861491911113,0,0
2023,4,39.0,-118.0,0.16218125,9.98693265914919,8.9750946864946,0.6537887767707019,0.3150844742854436,70.12125593610108,0,0
2023,4,39.0,-117.0,0.1474953125,6.290214816729247,6.784900128142368,1.419659867546872,0.3580853952301873,29.39961978700012,0,0
2023,4,39.0,-116.0,0.1523765625,7.425902565320364,5.8592872594012135,1.5189242396194635,0.4335361537006166,52.64961742796004,0,0
2023,4,39.0,-115.0,0.1467734375,7.17212184270225,13.898809011326563,1.5469150489115375,0.4056210594044791,50.103584537282586,0,0
2023,4,40.0,-125.0,0.7481333333333334,12.18029211538815,95.42325577318304,1.7685903536721477,0.37108282159875944,336.9630732470088,0,0
2023,4,40.0,-124.0,0.607184375,13.462082672119166,72.39524325285984,1.8688590395995983,0.42066874139838745,485.5319666676223,0,0
2023,4,40.0,-123.0,0.5033000000000001,17.899934800465928,38.138373092980515,0.9654996259191044,0.4044103794627719,500.3734660567716,0,0
2023,4,40.0,-122.0,0.4128625,13.426947045326255,45.34451038506759,1.0667322089074898,0.41056528356340194,455.9047124348581,0,0
2023,4,40.0,-121.0,0.227875,9.738659548759482,24.908557337941062,1.5182583535754095,0.43609041372934976,260.2157515939325,0,0
2023,4,40.0,-120.0,0.1641375,15.037945381800355,13.736940956906807,1.7640241398375522,0.2207494328419367,129.67355421278626,0,0
2023,4,40.0,-119.0,0.14922968749999999,16.001663382848122,12.66966833663119,1.7552300443675506,0.1626306917932298,150.6160331191495,0,0
2023,4,40.0,-118.0,0.195328125,13.340469535191875,17.770068989367616,0.8920567782434733,0.28223608434200287,104.22706953249872,0,0
2023,4,40.0,-117.0,0.1776390625,9.578019563357056,17.758171576307547,0.828129914454214,0.3632170114252302,65.71354530751705,0,0
2023,4,40.0,-116.0,0.13979843749999998,5.841156156857835,17.06987902452184,1.05302974829836,0.42043752405378554,35.847302759066224,0,0
2023,4,40.0,-115.0,0.14157187499999999,9.712387434641546,14.03287033480538,2.0656560398724912,0.3110679225789176,90.27852804865688,0,0
2023,4,41.0,-124.0,0.5860216666666668,11.179621025368048,113.17576393001245,1.1050821183255752,0.43294541665065434,375.3843152274688,0,0
2023,4,41.0,-123.0,0.34007031249999997,11.362077363332137,58.120268433587086,0.7798524819953998,0.4531681987974378,392.46578759048134,0,0
2023,4,41.0,-122.0,0.3358734375,12.462983504931149,46.07802539993955,1.4782363132935268,0.43882115483284,365.1838677469641,0,0
2023,4,41.0,-121.0,0.26876875,9.766757988929772,31.784016442717444,1.5025669664512598,0.38244489696290757,172.91107482742518,0,0
2023,4,41.0,-120.0,0.1718296875,8.832760771115648,18.18012077291442,1.847878797943593,0.3429308927721447,56.73241498880088,0,0
2023,4,41.0,-119.0,0.15138125,13.747040557861347,18.16354858619107,1.709671366967063,0.22390443914466432,117.35378403682262,0,0
2023,4,41.0,-118.0,0.19578125,11.732910585403467,26.3276691914065,1.2910640902606476,0.3084131919675403,95.99164093378931,0,0
2023,4,41.0,-117.0,0.164259375,7.204531908035307,28.478489526779782,2.312331622045225,0.35392253200213114,51.407607505097985,0,0
2023,4,41.0,-116.0,0.112053125,5.032319680849739,27.003255476476085,1.3726436766161154,0.38462313181824154,49.94806367903948,0,0
2023,4,41.0,-115.0,0.1442296875,7.889121564229352,22.43221741099788,1.8911842678243955,0.3648833940426508,81.79764705710113,0,0
2023,5,32.0,-117.0,0.371584375,22.273041528271115,10.586561599161826,2.8159679952710848,0.08366585931470313,346.15586535073817,0,0
2023,5,32.0,-116.0,0.2336,33.548640161944995,0.19187569746037522,2.482764286074665,0.04722893366249656,384.6166040748358,0,0
2023,5,32.0,-115.0,0.203175,34.21831432773222,0.4016947572793583,2.394100044681441,0.042314462123378575,374.37929515726864,0,0
2023,5,33.0,-119.0,0.3198625,18.10688060637446,14.588662852879963,3.695676669454367,0.0973370972500052,185.24199165403843,0,0
2023,5,33.0,-118.0,0.36475749999999996,19.69153764786261,22.868144755598507,2.551954020356036,0.12340341332138223,238.64910850922266,0,0
2023,5,33.0,-117.0,0.304421875,25.765155226184497,10.064087306496106,2.3552179118396923,0.08361971762872507,370.90997386258096,0,0
2023,5,33.0,-116.0,0.142859375,32.13708684059884,0.19100234971602956,2.4760040375309385,0.01946668599241519,308.78442677203566,0,0
2023,5,33.0,-115.0,0.1335203125,33.560545270673714,0.37077834026177925,3.1589622735667136,0.008161257672053468,341.13750397227705,0,0
2023,5,34.0,-121.0,0.56305,16.17467298610238,17.740262791550755,3.806546503563352,0.2169268639711496,262.38614910592634,0,0
2023,5,34.0,-120.0,0.5109545454545454,18.856388480595736,24.49506747635952,4.8631247024647335,0.19319815090324868,490.69300813205314,0,0
2023,5,34.0,-119.0,0.4116173076923077,21.78954084095038,20.425664332468987,3.443452671631849,0.13314892695500297,370.8101327125078,0,0
2023,5,34.0,-118.0,0.32420625,24.01455896439093,14.450772629466258,3.928181328645288,0.08176630895624876,292.7003059303388,0,0
2023,5,34.0,-117.0,0.1907375,26.321158089176333,8.503708952453337,3.187745573843496,0.06453129617116779,346.52679204009473,0,0
2023,5,34.0,-116.0,0.08586875,31.22073382254572,1.0299938371147732,2.065130812478983,0.0060074380649033,253.42617754358798,0,0
2023,5,34.0,-115.0,0.114025,32.96686788835836,1.2271285162981371,2.7841837456018115,0.01644557970826338,329.20429029036313,0,0
2023,5,35.0,-122.0,0.609425,18.453602993872863,22.50854248308798,2.054913829066083,0.24087878709198324,424.5976274833083,0,0
2023,5,35.0,-121.0,0.4891942307692308,20.70734650238771,16.85139386397721,2.582269547302676,0.19664984785363399,259.09163468541243,0,0
2023,5,35.0,-120.0,0.40771874999999996,26.484821099619737,15.453905762520037,1.796313520983599,0.1360823012167407,339.28765333257616,0,0
2023,5,35.0,-119.0,0.37764375,23.871379947662376,15.316909841608606,3.531316229434987,0.12987480112301403,354.6884221723303,0,0
2023,5,35.0,-118.0,0.1682921875,27.537050542523794,2.8924815928306202,4.397099007003613,0.026190753265093687,239.25712006166577,0,0
2023,5,35.0,-117.0,0.1029421875,30.165786800076912,3.2306124562140326,3.9721378522965134,0.02124759394635432,250.6939040031284,0,0
2023,5,35.0,-116.0,0.1429734375,28.2063750866921,7.492468423556886,2.21169304914576,0.02541584353293137,244.01915667112917,0,0
2023,5,35.0,-115.0,0.1703546875,29.66277367376514,5.879959288400016,2.690390799083667,0.02830485566969837,275.88069532066584,0,0
2023,5,36.0,-122.0,0.5608409090909091,19.036052577819543,27.46207617633294,2.108896391754697,0.21120411132360054,302.718469534408,0,0
2023,5,36.0,-121.0,0.4159234375,25.434772025385232,16.87036194966396,1.9220232611118684,0.16893775905332253,388.6178135871887,0,0
2023,5,36.0,-120.0,0.41806875,28.3094800549169,11.705329140063725,1.9371907610211745,0.1577664809201353,429.6352150849998,0,0
2023,5,36.0,-119.0,0.3269,16.476336636081836,51.30062225402554,0.9636960363012106,0.33079222741947373,329.03045683633536,0,0
2023,5,36.0,-118.0,0.1544640625,25.24526137228937,5.119031724866829,1.7326296596020485,0.03560502234325609,210.04907763563097,0,0
2023,5,36.0,-117.0,0.1204296875,29.829349467062205,2.742499077108107,2.397748638578156,0.023632930171105106,238.39362245053053,0,0
2023,5,36.0,-116.0,0.16161562499999998,25.955266955591032,12.874998349111877,1.9064923223711288,0.03604301746173567,241.93609540816394,0,0
2023,5,36.0,-115.0,0.1484125,29.26516497058256,5.110295453455649,2.3080757493015187,0.029734842238887633,255.92455943115056,0,0
2023,5,37.0,-123.0,0.60830625,16.42300687605338,28.325853367682896,3.3929972555295738,0.21114992839033883,293.2439665310085,0,0
2023,5,37.0,-122.0,0.554596875,20.570264578378342,26.16228904702922,2.74345039212272,0.21248323280751488,288.3387621259317,0,0
2023,5,37.0,-121.0,0.46530625000000003,26.922356739351848,16.366678952586255,2.2729094394386724,0.1694915458079307,335.7030434999615,0,0
2023,5,37.0,-120.0,0.4244359375,19.689801065383442,48.023223142486415,1.9362163859240595,0.30023859329121083,480.03689758479595,0,0
2023,5,37.0,-119.0,0.1375640625,11.899545718777588,51.20214630046149,0.9847490264725952,0.3911604461490467,158.62561599351466,0,0
2023,5,37.0,-118.0,0.1414859375,22.98658668917997,13.697342911150656,0.9674003706057384,0.05542539492730168,208.98324565496296,0,0
2023,5,37.0,-117.0,0.17055,23.556212182198816,7.037036783408723,2.018403212472648,0.03396583084137203,244.46770851500332,0,0
2023,5,37.0,-116.0,0.1651890625,24.56643833191167,6.064188165005646,1.794570599497468,0.035329693427649835,230.29029194731265,0,0
2023,5,37.0,-115.0,0.22236875,25.861191629594398,6.357482598509989,2.103216625275939,0.055195477701002506,249.7739491518587,0,0
2023,5,38.0,-124.0,0.64309,17.49954794606858,32.60100495818913,3.4349934124311137,0.25553381143932263,637.4213793625433,0,0
2023,5,38.0,-123.0,0.5945984375000001,21.237838171374438,28.263687585827313,2.9558152896411727,0.23026609805322457,476.35222179815173,0,0
2023,5,38.0,-122.0,0.486425,24.654444343813026,22.869881672200165,2.917429836982532,0.1968720520055422,298.6380495131016,0,0
2023,5,38.0,-121.0,0.5303546875,21.22083242785548,54.10021493339201,1.443058803400142,0.2977216336675869,598.5483415424824,0,0
2023,5,38.0,-120.0,0.26715468750000004,11.778894704388062,83.6143327982839,1.0341486402174629,0.4408514493255205,245.45078200753778,0,0
2023,5,38.0,-119.0,0.18565,18.939817923884256,34.32045733683964,1.104431993459882,0.15535004068446412,172.8990115225315,0,0
2023,5,38.0,-118.0,0.1524375,20.50985812679416,28.599748119127355,0.5982554063331589,0.08290766900585539,210.5695541249588,0,0
2023,5,38.0,-117.0,0.18511875,18.98478455235884,20.51696992607077,0.7546928053980554,0.09800774628116235,202.45024468749762,0,0
2023,5,38.0,-116.0,0.179334375,21.489753226311002,14.067681703131996,1.1783632229567065,0.08469644573427013,227.18856146093458,0,0
2023,5,38.0,-115.0,0.2451578125,20.266863156903195,18.7472924230363,1.8809250352091773,0.14259117232855928,217.64465200249106,0,0
2023,5,39.0,-124.0,0.7118906250000001,20.599444054019088,52.20648409926554,1.654458066863377,0.2812225504588055,716.0812898073345,0,0
2023,5,39.0,-123.0,0.5191859375,23.762056884458012,43.156194464650355,0.841724371347812,0.2566345161007296,632.5667772907764,0,0
2023,5,39.0,-122.0,0.4864734375,26.462111914542433,31.07600213156303,2.134640044323332,0.2158803026522359,445.1135139679536,0,0
2023,5,39.0,-121.0,0.5050109375,16.586580617966217,100.97723730036279,0.8889123067822069,0.43373204046680075,634.6171516925097,0,0
2023,5,39.0,-120.0,0.2985484375,18.17078664533556,48.39211209804972,1.2960964264381556,0.2614703377087911,229.17251277249306,0,0
2023,5,39.0,-119.0,0.15536875,23.27344787043912,24.59642101207038,1.3141570657528832,0.05688126881917312,208.44112208578736,0,0
2023,5,39.0,-118.0,0.218490625,18.078130140612227,45.96382143103739,0.5369914097192617,0.182216267752391,180.09886040817946,0,0
2023,5,39.0,-117.0,0.2320765625,16.776434109287894,35.21601945289632,0.5294225484651449,0.19743327139526282,179.81795349624008,0,0
2023,5,39.0,-116.0,0.23562968750000002,17.9188981702251,24.49904215649923,0.8234702777897408,0.17741149535743134,195.14056819025427,0,0
2023,5,39.0,-115.0,0.2361578125,17.45371202807275,36.43066059925815,0.832114810790746,0.27380314565473984,197.73799844551831,0,0
2023,5,40.0,-125.0,0.7871333333333334,14.712832838489192,44.099299149417156,3.296299289564641,0.30249671525852656,404.4912051823405,0,0
2023,5,40.0,-124.0,0.677265625,18.427911892244914,52.32223399111291,2.814469803351779,0.3508491096317127,664.53406738583,0,0
2023,5,40.0,-123.0,0.523478125,23.830357339305284,56.306729988541804,0.8780491002893299,0.33609225929424325,663.2818159414455,0,0
2023,5,40.0,-122.0,0.5038890625,19.274825037679392,76.98888281488081,0.9143851313962638,0.3690334183554495,588.6875363066792,0,0
2023,5,40.0,-121.0,0.3681875,16.908737493330456,62.36164151818713,1.0482295999181015,0.38124231753810756,397.98371586948633,0,0
2023,5,40.0,-120.0,0.212084375,20.81160297239983,44.13283635989984,1.141556032771858,0.11456248388495492,176.89423286356032,0,0
2023,5,40.0,-119.0,0.17545,21.29316248739922,48.11858778015932,0.9693507193381456,0.09867148662126188,192.34031497035176,0,0
2023,5,40.0,-118.0,0.232175,20.05451664155532,48.563944139864645,0.2688752692013988,0.12864807953116708,172.62515134643763,0,0
2023,5,40.0,-117.0,0.242415625,19.216254737300275,42.498035087596975,0.4042170382455319,0.15727935843570254,175.95679685473442,0,0
2023,5,40.0,-116.0,0.27175625,16.770362526370658,49.39149782189389,0.4742131142503119,0.35415926607706216,180.51778979133815,0,0
2023,5,40.0,-115.0,0.2257953125,19.177634096145653,41.8033941754814,0.5758140213956917,0.14269939321343614,182.51554993912578,0,0
2023,5,41.0,-124.0,0.6807,17.196349110483716,55.16008258200679,2.6048872015540767,0.3720521645449111,603.260239544842,0,0
2023,5,41.0,-123.0,0.4689453125,18.201126978474296,79.843878011566,0.4515511966312355,0.4231716910357116,588.4156884858385,0,0
2023,5,41.0,-122.0,0.47729375,19.65563292964814,74.93912285321613,0.7039023151071607,0.3689758418708719,569.9048568494618,0,0
2023,5,41.0,-121.0,0.397015625,17.833790420716834,80.4295420752581,0.6052441429531652,0.31366265909646146,319.8248367989436,0,0
2023,5,41.0,-120.0,0.27883125000000003,17.32098751991028,67.85871038341185,0.7973471126531206,0.24203058372261702,161.1586076905951,0,0
2023,5,41.0,-119.0,0.20015625,20.723782411698394,46.166154752832256,0.7951812136687901,0.11471374316882059,178.48661076277494,0,0
2023,5,41.0,-118.0,0.27108125,20.13493895069247,48.12447792978247,0.202306518603284,0.14778874638260048,189.64096519630402,0,0
2023,5,41.0,-117.0,0.3166203125,17.835417604446434,51.38172065966984,0.753752225216775,0.2228028386510828,182.50085867475718,0,0
2023,5,41.0,-116.0,0.31945,16.24012452863881,68.64465955772658,0.6290467534074895,0.3352847150577012,192.81987426802516,0,0
2023,5,41.0,-115.0,0.2767984375,18.20836563571809,64.17208533861896,0.4648128290427493,0.2031813295938635,194.2972756223753,0,0
2023,6,32.0,-117.0,0.338928125,25.30042392412824,5.162669452076329,3.436787085233822,0.07250058982107371,396.40562050044537,0,0
2023,6,32.0,-116.0,0.21809062499999998,36.47202038764955,0.12362526187814633,3.024002424338656,0.039973002672195376,407.0755890570581,0,0
2023,6,32.0,-115.0,0.1846125,37.355408906936674,0.0386010987512008,2.284470432213643,0.038858848147922065,380.3915833123028,0,0
2023,6,33.0,-119.0,0.3119125,20.197381210327165,7.896247891878261,3.9082532831775945,0.07838198873731819,194.70857642591005,0,0
2023,6,33.0,-118.0,0.33775499999999997,22.16101819780141,9.315690163071128,2.687652580311044,0.09176779164208301,269.90516018122435,0,0
2023,6,33.0,-117.0,0.2849953125,28.77676454385124,4.341310694982781,2.946005811720568,0.06955368253919808,414.7664827760309,0,0
2023,6,33.0,-116.0,0.1335515625,34.80931775569918,1.4275222683153288,2.8831619204205645,0.021640837523672254,324.2405354976654,0,0
2023,6,33.0,-115.0,0.1288078125,36.48737235864005,0.2135619187555448,3.129090701160333,0.006990407903989126,350.7393723120913,0,0
2023,6,34.0,-121.0,0.50924375,17.826914755503353,17.722577118173415,4.425249639639764,0.19589050919921303,282.63023852681124,0,0
2023,6,34.0,-120.0,0.4825977272727273,20.937330195879728,16.877060001659295,5.282179543292397,0.17271316798046377,516.5789265072707,0,0
2023,6,34.0,-119.0,0.3861269230769231,24.142279496152206,9.26133333473918,3.4686572677535468,0.10475024497746739,399.47099974140144,0,0
2023,6,34.0,-118.0,0.31109375,26.605481266975428,6.800076099281682,3.970095310181207,0.06349292927318145,322.0600032946095,0,0
2023,6,34.0,-117.0,0.188803125,29.156151429812137,6.124044176360144,3.3413759078565963,0.05885080893834427,379.69179451465607,0,0
2023,6,34.0,-116.0,0.08404687500000001,33.94315741856895,1.842100512405409,1.9844974873592869,0.009257646401723175,264.2570656025782,0,0
2023,6,34.0,-115.0,0.10823593749999999,35.86802639961245,0.4104490989647047,2.844802258370752,0.014282795124583731,339.37793341465294,0,0
2023,6,35.0,-122.0,0.52305,20.123709360758482,7.424022643064632,2.32037300013218,0.18678836557600226,483.49556513130665,0,0
2023,6,35.0,-121.0,0.4231865384615385,22.40387280129981,13.092171901146362,3.0793869307200508,0.17825782686217215,275.86583611674797,0,0
2023,6,35.0,-120.0,0.361071875,28.633793870608038,18.606072165241017,1.9097006601537736,0.14124547342459357,349.56629190128297,0,0
2023,6,35.0,-119.0,0.348846875,25.92793034712476,22.839944916015043,3.5585026753132323,0.1371503757105933,356.3548044767231,0,0
2023,6,35.0,-118.0,0.149484375,30.09448808034263,6.4235556537113325,4.536891647384609,0.027034717135959143,249.77898539509624,0,0
2023,6,35.0,-117.0,0.095328125,32.715919192632064,6.839128084649815,4.167570566064854,0.022964979542626225,266.3884264184162,0,0
2023,6,35.0,-116.0,0.133446875,30.99449202219648,5.592857128178252,2.255104623179782,0.02416955795552992,254.25074598751962,0,0
2023,6,35.0,-115.0,0.15471875000000002,32.74777258237206,2.427346877922787,2.624650573914383,0.02654736108250083,287.05761721357703,0,0
2023,6,36.0,-122.0,0.5195909090909091,21.586924154108257,5.996963496573668,2.337711643563133,0.1465780847401731,336.5776705922503,0,0
2023,6,36.0,-121.0,0.360096875,28.696961196263654,10.19331241415955,2.161633027750017,0.14951585034529363,434.58299059420824,0,0
2023,6,36.0,-120.0,0.407684375,31.046275798479734,24.07602068426229,2.032927933597356,0.16605766581164463,443.00251244567335,0,0
2023,6,36.0,-119.0,0.379,19.41601382096611,76.22610532136775,0.7888358166649554,0.3110571444034576,372.27011180948466,0,0
2023,6,36.0,-118.0,0.1558125,27.759994467099528,16.389405228366627,1.6047049312164576,0.03751698997285625,214.80888279620558,0,0
2023,6,36.0,-117.0,0.1125765625,32.523947580655445,7.743136830796971,2.2276020780927044,0.02511979771984943,243.63961024209857,0,0
2023,6,36.0,-116.0,0.155771875,28.853673013051374,13.96705197559811,1.8648873287482728,0.03605669505066338,250.06347859743983,0,0
2023,6,36.0,-115.0,0.1375796875,32.13980537255608,6.271173352544679,2.2092738240311003,0.029930024345715792,265.4155398486182,0,0
2023,6,37.0,-123.0,0.590775,18.560337257385285,1.8819408623329537,3.873377141617662,0.12754552364349359,358.86988416314125,0,0
2023,6,37.0,-122.0,0.502871875,23.76126470565798,2.766133858060016,3.1678463417708054,0.14283434119489455,346.62454940068227,0,0
2023,6,37.0,-121.0,0.43055625,30.764859779675827,3.330048978497757,2.579654713238234,0.1345654689603381,388.2765453308821,0,0
2023,6,37.0,-120.0,0.4289921875,23.08023123741152,51.86121548915423,2.0940137815557374,0.28578508132033875,531.0920386109501,0,0
2023,6,37.0,-119.0,0.2041609375,15.791000628471398,58.25743369216241,0.5876479007299296,0.3146783914830949,221.26559540629387,0,0
2023,6,37.0,-118.0,0.14768125,25.933569089571655,14.759379079734458,0.7732591147004594,0.03596668872568338,219.46807974018157,0,0
2023,6,37.0,-117.0,0.1662484375,26.348950012524945,9.031060025264992,1.8369209381491,0.033016505506303535,250.48730883281678,0,0
2023,6,37.0,-116.0,0.158884375,27.47336729367576,5.607460964640154,1.7786020451794586,0.03282112247414054,240.00588105991483,0,0
2023,6,37.0,-115.0,0.2072171875,28.824959739049305,4.302647769620194,2.071598096692987,0.049699515766567615,260.31910022720695,0,0
2023,6,38.0,-124.0,0.584155,19.84995285034181,1.1490167561125495,3.78211909925118,0.16273506623727302,791.1310896277428,0,0
2023,6,38.0,-123.0,0.528403125,24.42255905469261,0.9285315071991818,3.1199284016401254,0.14651735160085885,602.9654926387593,0,0
2023,6,38.0,-122.0,0.43584062500000004,28.525313202540104,1.4227436521849768,3.5347188515240915,0.13549137843979725,367.02787782996893,0,0
2023,6,38.0,-121.0,0.5309765625,25.3707585334778,22.366907786746992,1.9784793322698784,0.23438074489434557,739.8065143497661,0,0
2023,6,38.0,-120.0,0.3766359375,15.934197934468614,76.33220950530983,0.7002197086071252,0.39249502751562326,337.29330194182694,0,0
2023,6,38.0,-119.0,0.213271875,22.201338171958945,28.995791556482686,1.3820852834885249,0.08211619191699553,207.25020568352193,0,0
2023,6,38.0,-118.0,0.1641890625,23.46510148843132,19.158922009339108,1.3610132781045563,0.051408018337355685,236.31140682846308,0,0
2023,6,38.0,-117.0,0.1994609375,22.287087265650463,19.2145734226159,0.6933134333107,0.05271763039959797,225.5970088299364,0,0
2023,6,38.0,-116.0,0.182828125,24.578831752141337,13.57951724359907,1.1031033523844618,0.07356544401910566,247.2186469240114,0,0
2023,6,38.0,-115.0,0.2538875,24.002533404032413,11.06283777782835,1.9313607376840456,0.08751706149843,246.48928351234645,0,0
2023,6,39.0,-124.0,0.7027,25.17280311584475,7.951283933763875,2.0239558450057813,0.18059883713722227,970.7608425524086,0,0
2023,6,39.0,-123.0,0.5002265625,28.65313323338828,11.356040708889736,1.0030304063101774,0.1867307659652498,813.1617399631068,0,0
2023,6,39.0,-122.0,0.52846875,31.280346028010072,4.927823426370992,2.137165321438248,0.1595214741097556,538.8169902144,0,0
2023,6,39.0,-121.0,0.5966203125,21.637012036641458,59.448498407547845,0.8939109694570447,0.38856032391389206,849.6581646613777,0,0
2023,6,39.0,-120.0,0.34383281250000003,22.293466369311037,41.10706841031231,1.3186018679976874,0.18225270112355546,312.24190013017505,0,0
2023,6,39.0,-119.0,0.16260625,26.139454102516194,21.60290010662891,1.4466951571740805,0.0450693461630079,236.7933178320527,0,0
2023,6,39.0,-118.0,0.2391953125,21.447351988156665,35.686618754809274,1.133282485457134,0.09769840770297576,217.7855708869174,0,0
2023,6,39.0,-117.0,0.26097187499999996,20.63155267238619,32.752159856428875,0.8159421340131328,0.08333787487612826,215.13860672712326,0,0
2023,6,39.0,-116.0,0.2614390625,21.605036155382816,27.20402541028477,0.8583211501568029,0.08686619500319159,226.03592299856246,0,0
2023,6,39.0,-115.0,0.2684828125,21.748865063985214,34.19832057709016,0.8994167398921419,0.11873301267623897,247.03958723694086,0,0
2023,6,40.0,-125.0,0.7703333333333333,16.34922516434284,4.175787639248875,4.537129185877073,0.18342193085470318,477.44376584887505,0,0
2023,6,40.0,-124.0,0.6985515625000001,22.1775489250819,19.068001875822915,3.973335156852931,0.2600789563523398,842.7460270468146,0,0
2023,6,40.0,-123.0,0.5057015625,28.581542174021425,23.878750730474962,0.5841504950771652,0.27488115959697296,831.5777733223513,0,0
2023,6,40.0,-122.0,0.5432859375,24.547813137372355,37.668042689730896,0.4194102084269687,0.3084590295950571,789.8633051663637,0,0
2023,6,40.0,-121.0,0.415403125,21.714433368047104,44.0323481933973,1.195709476915841,0.2938406391276253,560.6386346044019,0,0
2023,6,40.0,-120.0,0.2112296875,24.29071741104129,27.931530600582732,1.286832651203471,0.06606762309869126,211.1599148483947,0,0
2023,6,40.0,-119.0,0.1731453125,24.95035307407382,22.666691675951256,1.4097612289678414,0.04256933165921101,232.78053058311343,0,0
2023,6,40.0,-118.0,0.2306171875,23.965523529052764,29.149600178172363,0.926607880313226,0.05353859066963191,213.3903574431315,0,0
2023,6,40.0,-117.0,0.2543671875,22.963840015729296,28.20900838280238,1.0627950927572165,0.06319590740733672,212.61728054378182,0,0
2023,6,40.0,-116.0,0.3201796875,20.938234972953826,35.25590534711398,0.7469337615711975,0.1873230745395024,244.2026014905423,0,0
2023,6,40.0,-115.0,0.25980625,22.68894960880281,33.69353093596317,0.8879522029493903,0.08652663197782301,213.08528212830424,0,0
2023,6,41.0,-124.0,0.7335200000000001,20.990472075850896,22.23012312083957,3.0851902014091137,0.2710860897582254,787.9723906103108,0,0
2023,6,41.0,-123.0,0.5482375,23.408389218648296,43.49629871005334,0.7839207936793101,0.3530170023441314,842.402788461186,0,0
2023,6,41.0,-122.0,0.5410843750000001,24.21257137457532,41.19555220397331,1.3537681522556606,0.29329239759180276,729.5006565982476,0,0
2023,6,41.0,-121.0,0.4263484375,21.695228870709762,44.07216549309112,1.2858069245200767,0.2134021166298124,397.4409911315888,0,0
2023,6,41.0,-120.0,0.3080015625,20.860112412770608,47.03531308489062,1.4826519042374555,0.12822278837362922,195.85560995619744,0,0
2023,6,41.0,-119.0,0.2079171875,23.982911586761496,24.901998102834,1.325986183802003,0.051439327663845416,210.24182753171772,0,0
2023,6,41.0,-118.0,0.287428125,23.42877984841667,36.96754306012906,1.2104644298512393,0.08136950367026854,220.72436776943505,0,0
2023,6,41.0,-117.0,0.349978125,21.14262623786928,39.78575217927016,1.4980559492385417,0.12192056278387703,217.41884155198932,0,0
2023,6,41.0,-116.0,0.39715,19.809770091374734,44.580482518469466,1.1271704436001075,0.1917706105444166,243.52426477707922,0,0
2023,6,41.0,-115.0,0.319703125,21.34713021914167,41.995196476747765,1.1873978597468546,0.12942711479134025,226.62778140511364,0,0
2023,7,32.0,-117.0,0.32358125,33.22543049166282,4.6124063100023704,2.216575074436332,0.06691642986830838,519.2314621526748,0,0
2023,7,32.0,-116.0,0.210003125,44.2164419420304,6.799362194101377,1.7011064740055164,0.042171684003645314,442.5323938485235,0,0
2023,7,32.0,-115.0,0.170571875,44.42733595755795,5.602517225156589,2.89428006530508,0.04270663440868412,434.4395832158625,0,0
2023,7,33.0,-119.0,0.35662499999999997,24.071192759852302,0.3733374777539211,3.2706645382829618,0.06855515510805185,226.2805476784706,0,0
2023,7,33.0,-118.0,0.3559875,29.126989471271493,0.605904991736376,2.3329000116641634,0.0768303243917376,377.16478190074366,0,0
2023,7,33.0,-117.0,0.27429375,37.457325069365986,4.144629523466392,1.775711761095761,0.06112378354995476,554.1020784294233,2,1
2023,7,33.0,-116.0,0.127928125,42.700899042621764,3.052764632116123,2.210086500067156,0.018751412950536207,350.58647650294006,0,0
2023,7,33.0,-115.0,0.125125,44.00815779470631,4.901846232201024,3.1769167499086364,0.009963231061094494,403.2956804148853,0,0
2023,7,34.0,-121.0,0.47530625000000004,21.470792460697993,0.5850665249530114,4.757728169986511,0.13835906042420304,331.35643865292275,0,0
2023,7,34.0,-120.0,0.46429545454545457,27.794241770784428,0.7337216096767875,4.636629245131828,0.12115606573359043,802.4378011962682,0,0
2023,7,34.0,-119.0,0.36415000000000003,32.81501853191924,0.6998424563678969,3.077108504782283,0.08675675606444935,605.5306017589875,0,0
2023,7,34.0,-118.0,0.2987140625,35.81622691615938,1.4610936067356306,3.531615675541701,0.054477600320692945,485.6788228498772,0,0
2023,7,34.0,-117.0,0.1860703125,37.76893318391618,4.607427459518476,2.994957406131053,0.040584314894932534,487.9057868383825,0,0
2023,7,34.0,-116.0,0.0837,42.08653452627123,3.432363564456864,2.063116433196028,0.0038783505398739503,295.2028186991811,0,0
2023,7,34.0,-115.0,0.106778125,43.64676301248614,3.652989691431685,2.811303350079021,0.009735192983381168,378.6483609583229,0,0
2023,7,35.0,-122.0,0.4619625,26.409353797666512,0.2576262357933956,2.36070129037112,0.14431773718967228,717.989219352603,0,0
2023,7,35.0,-121.0,0.39265961538461536,29.670569551908063,0.34250191266985497,2.962472862879008,0.13894990471923252,360.59239081656324,0,0
2023,7,35.0,-120.0,0.34425,37.47151807354345,0.17443957210616642,1.434254946112416,0.10907203439743285,468.3143080910668,0,0
2023,7,35.0,-119.0,0.336675,34.89254615691402,0.4706183116240936,3.177930895489891,0.09715144672701431,501.877315226011,0,0
2023,7,35.0,-118.0,0.144784375,38.99900309039703,0.344985923106833,4.021681364813156,0.020463688719657105,308.7435568450019,0,0
2023,7,35.0,-117.0,0.0936609375,41.256017088121,1.6926937404377895,3.898074520194013,0.007887644472942506,310.86734659038484,0,0
2023,7,35.0,-116.0,0.12890000000000001,39.16304275604989,4.069962133030458,2.3505080194255337,0.014238493737354032,291.47893004119396,0,0
2023,7,35.0,-115.0,0.1510421875,40.51864900435173,6.603870367939635,2.629213313554119,0.019976724860488675,318.0430695647374,0,0
2023,7,36.0,-122.0,0.5009704545454546,27.57793562321371,0.4761466847598554,2.9583045854530967,0.12635296196687407,483.37235775860876,0,0
2023,7,36.0,-121.0,0.34535781249999997,36.79832292679821,0.25742413879470405,2.186124007685068,0.13246094795965377,568.7696766108274,0,0
2023,7,36.0,-120.0,0.421965625,39.63831332729712,0.3502253110809761,2.4981311079290043,0.1289784869840068,626.6044746153057,0,0
2023,7,36.0,-119.0,0.4129,29.225258430357922,7.867296984727545,1.1303397771540094,0.16583369944685245,697.4410399561748,0,0
2023,7,36.0,-118.0,0.1526453125,36.75937076076387,0.678090904216333,1.8126366799440763,0.02213173079234293,257.02340237330645,0,0
2023,7,36.0,-117.0,0.1092265625,40.98181601801228,0.43965998509065685,2.475142813669695,0.010434011938751344,280.5367838591337,0,0
2023,7,36.0,-116.0,0.150371875,37.44695447644882,1.8608812841875988,2.107086139065626,0.02294811221861065,296.85979429632425,0,0
2023,7,36.0,-115.0,0.1343765625,40.206694852152204,3.322763195569678,2.273634270456105,0.02196620580970595,297.73521539755166,0,0
2023,7,37.0,-123.0,0.5878625,21.431465905712518,1.107612684677406,3.707895766720589,0.1106796828649377,393.8449351117015,0,0
2023,7,37.0,-122.0,0.4873765625,29.293564107341172,0.2834327186747032,3.4532990934756054,0.13079387430221798,413.2156172612061,0,0
2023,7,37.0,-121.0,0.4427078125,38.13855445308072,0.2152873802288013,2.628657589992285,0.12928022203906886,489.8046745220199,0,0
2023,7,37.0,-120.0,0.4375703125,32.49271168554985,2.7459054853125053,2.4636100020894767,0.2013392381129726,934.2019819887355,0,0
2023,7,37.0,-119.0,0.2606109375,25.932338763821534,13.073229523683949,1.4795260660331917,0.16818762626699216,439.4295836100355,0,0
2023,7,37.0,-118.0,0.1441203125,34.848044867669415,3.0201923235608774,1.3348193910644168,0.02593267540777879,260.00265090260655,0,0
2023,7,37.0,-117.0,0.1574609375,34.93733501741965,1.6166754666073757,2.557763676500168,0.02751751388272927,297.0261825248599,0,0
2023,7,37.0,-116.0,0.1474875,35.93296365122644,0.8455406076564032,2.413730880792296,0.02757465102339298,280.44480201788247,0,0
2023,7,37.0,-115.0,0.198325,37.165739208652155,1.99221616082923,2.187554270547197,0.0458907161348609,299.5901866815984,0,0
2023,7,38.0,-124.0,0.55987,24.427520432010795,0.4309788945420223,5.3586988949290175,0.13991607030232744,1206.2459359566371,0,0
2023,7,38.0,-123.0,0.4876203125,30.497037636849207,0.3214472106947141,4.093259954554975,0.13433987799511157,813.4081528987736,0,0
2023,7,38.0,-122.0,0.4221875,34.28602095880819,0.06973446750180297,3.320049870384888,0.12980976668737265,431.00099021103233,0,0
2023,7,38.0,-121.0,0.5295921875,33.23336019362175,0.4162120766295629,1.7129281876685312,0.18263883712471168,1198.8092131214216,0,0
2023,7,38.0,-120.0,0.4285375,26.288538159093566,8.391724726493521,1.6102061360337452,0.2549909468620054,687.449712655507,0,0
2023,7,38.0,-119.0,0.2128734375,31.87411057872159,7.5508384633167225,1.3755486719594603,0.04624926210731584,247.16392601840198,0,0
2023,7,38.0,-118.0,0.1552453125,32.87794937933647,3.3792749180747705,1.4171290348420924,0.031275771638398495,288.5065709706396,0,0
2023,7,38.0,-117.0,0.19713124999999998,31.784821721046228,5.064630708034201,1.945364788361824,0.034435023543655185,279.18145433068275,0,0
2023,7,38.0,-116.0,0.17409375,33.58738347330404,4.908090517233177,1.9802594745883737,0.0635153904397,296.68528982438147,0,0
2023,7,38.0,-115.0,0.2483765625,32.887758004280855,4.9910494725509125,2.392282892879876,0.07741406463807625,300.7073070621118,0,0
2023,7,39.0,-124.0,0.687675,31.26058794144663,0.39052969248132285,2.6497203281011696,0.1432653556587875,1400.0431860331446,0,0
2023,7,39.0,-123.0,0.4810140625,36.01409219464951,0.5157103895498949,1.3608786918515887,0.15414906894007033,1138.5243467520922,0,0
2023,7,39.0,-122.0,0.5615734375,37.71136471840646,0.07255148545937115,2.338914030539061,0.14874204608701885,714.2596853664145,0,0
2023,7,39.0,-121.0,0.631421875,30.54796295319836,0.8105631585522133,1.5658596112540408,0.26861572329716016,1558.1620986340567,0,0
2023,7,39.0,-120.0,0.34216250000000004,32.025038306943856,2.574548418010636,1.8838624260144288,0.11478926545830179,467.56668435409665,0,0
2023,7,39.0,-119.0,0.1561828125,35.29471661506163,2.410544608096643,1.742939474012792,0.029661637480540907,280.93675419222564,0,0
2023,7,39.0,-118.0,0.2284609375,31.51745824198571,2.654818412224813,1.4234397629127329,0.04176968432241866,277.21838746219873,0,0
2023,7,39.0,-117.0,0.25101249999999997,31.04329406369119,6.488024782697721,1.2935185246311602,0.040521797954395214,271.201578900218,0,0
2023,7,39.0,-116.0,0.251903125,31.346219212009082,5.375251699547334,1.625593553480981,0.05516036159248758,279.48236314114183,0,0
2023,7,39.0,-115.0,0.265078125,31.48102933668324,7.831661323393746,1.617508069283862,0.06625383323238737,325.049428967759,0,0
2023,7,40.0,-125.0,0.7431583333333333,18.721523757989264,2.7979302508735295,5.129906326826395,0.14267906179849676,528.7726252443259,0,0
2023,7,40.0,-124.0,0.6892703125,27.508151688114307,0.9869947697325188,4.722337612838116,0.20445598357467237,1204.7280620317906,0,0
2023,7,40.0,-123.0,0.4854609375,36.25766296848176,0.2439420803739267,1.4497236377627292,0.22016524403325968,1183.827235829085,0,0
2023,7,40.0,-122.0,0.5391312500000001,32.51286547722358,0.7492642051829534,1.3510411927292565,0.21236883856916935,1245.588893769309,0,0
2023,7,40.0,-121.0,0.39665625,31.176632268967193,1.0445071983440357,2.113218654906434,0.18269726858344126,942.9581498261541,0,0
2023,7,40.0,-120.0,0.1830421875,33.69284520918325,0.3587529662354427,2.398605215285924,0.03874165460627561,268.1923875352368,0,0
2023,7,40.0,-119.0,0.15440937500000002,34.13134334471921,0.6789423658801752,2.1788692014957523,0.026182245503189695,280.227871844545,0,0
2023,7,40.0,-118.0,0.20517968749999999,33.53427681153823,1.2157050094856459,1.429903522984851,0.026076959025475237,259.8070171661675,0,0
2023,7,40.0,-117.0,0.2336015625,33.05559018658056,1.067263366962834,1.4836986415910085,0.03142018888586307,263.35049292538315,0,0
2023,7,40.0,-116.0,0.300303125,31.211959211287976,4.160206359188123,1.1898048629483136,0.11157268606206419,341.33025212213397,0,0
2023,7,40.0,-115.0,0.249140625,32.694258977520875,5.607750792364641,1.344474126647726,0.04424342609220931,271.6701744357124,0,0
2023,7,41.0,-124.0,0.752505,25.922290359004872,2.281026767668158,2.791403510313431,0.20662265319550766,1056.2322192307977,0,0
2023,7,41.0,-123.0,0.5599734375000001,31.254453531388343,1.4757142070038753,1.0136582696551493,0.24459210230458164,1284.5224412158132,0,0
2023,7,41.0,-122.0,0.54450625,32.25999917830193,1.867330693016811,1.8447783504010435,0.21231938914586135,1104.3281259480864,0,0
2023,7,41.0,-121.0,0.38262968750000004,31.070856966510917,1.2432139500333506,1.9059110877771244,0.10768171920571272,613.5064808186144,0,0
2023,7,41.0,-120.0,0.2645328125,31.12801295249695,0.6081932823462921,2.23299853707893,0.0283874404686753,273.5172715038061,0,0
2023,7,41.0,-119.0,0.181140625,33.61917530644327,0.12796750695542866,2.004476559498265,0.02280330850232027,270.0423259520903,0,0
2023,7,41.0,-118.0,0.246871875,33.48573941876815,0.32972271026210365,1.7221081757894678,0.031710244314644885,295.6797778606415,0,0
2023,7,41.0,-117.0,0.2888953125,31.838605622322355,0.8113899401678282,1.973899924593853,0.04585292198324712,312.521398300305,0,0
2023,7,41.0,-116.0,0.3394828125,30.539905381971813,4.3565955146505075,1.4258921226360894,0.08150253308716637,369.91337046492845,0,0
2023,7,41.0,-115.0,0.2827171875,31.848745341454805,6.560639771009846,1.653346756010638,0.05634925218038656,311.7694202810526,0,0
2023,8,32.0,-117.0,0.329553125,31.12801213725923,48.7642875722436,1.7854936035549025,0.11028155139697493,420.3185497317463,0,0
2023,8,32.0,-116.0,0.21376875,40.607716271185126,57.83494104061404,1.4069100388617377,0.10905320798197096,363.8263412285596,0,0
2023,8,32.0,-115.0,0.1638875,41.61489416245494,43.32058046374598,1.4231949347823818,0.0989114578052233,364.74906490184367,0,0
2023,8,33.0,-119.0,0.362775,24.531739930183676,61.17049426201859,3.3866655162634616,0.1290238544505129,199.1001721471548,0,0
2023,8,33.0,-118.0,0.368065,28.394647992041833,65.23163649304588,2.23283054567544,0.13436737163092494,309.2558945218722,0,0
2023,8,33.0,-117.0,0.2852015625,34.3228424164557,63.37568520929793,1.3161096307929594,0.11404580775127612,447.2018808592111,0,0
2023,8,33.0,-116.0,0.13640156250000002,39.23993416293976,52.69198104169348,1.3934857745761404,0.06838588464644643,294.1664473619312,0,0
2023,8,33.0,-115.0,0.127371875,40.940984390627975,29.16669993091503,1.6750413161910642,0.05140400509680468,330.87641140446067,0,0
2023,8,34.0,-121.0,0.45503125,22.50428031388148,7.579792058605744,4.227569991050961,0.14332139064761468,311.8486589131256,0,0
2023,8,34.0,-120.0,0.46022045454545457,26.391688007343575,37.65685723044896,4.659849903471268,0.1605628500857932,655.0288470744184,0,0
2023,8,34.0,-119.0,0.37933076923076925,30.225696915846633,83.95197942832374,1.8898547185452204,0.15469680609438805,474.1900742818148,0,0
2023,8,34.0,-118.0,0.3126921875,32.83186360636067,78.94571016904095,2.1470005645167234,0.11969994633428509,373.7539240391925,0,0
2023,8,34.0,-117.0,0.1967296875,33.550898116634755,58.99337128166238,1.5660255622535588,0.1027244412770835,383.75313428696245,0,0
2023,8,34.0,-116.0,0.090428125,37.815295384007136,47.203020270803364,1.1290866894941336,0.0563756051242992,242.10140551440418,0,0
2023,8,34.0,-115.0,0.11035468749999999,40.138351128178286,22.109305331373008,1.6084387900170736,0.0413560739127538,317.49078445136547,0,0
2023,8,35.0,-122.0,0.4475875,26.120514949675567,2.1668580210594257,2.0089397218593588,0.1415664790779031,599.36289396137,0,0
2023,8,35.0,-121.0,0.38145384615384614,28.71927151423631,4.643819396870587,2.7393576249453315,0.14207767368776264,322.57042648509525,0,0
2023,8,35.0,-120.0,0.3323859375,34.04303172634496,40.99498231325427,1.1177532777871662,0.15311528726290627,371.89322244375944,2,1
2023,8,35.0,-119.0,0.3472171875,31.377441986145534,93.75715659361461,1.9088388076292948,0.16689144667758735,391.04418037459254,0,0
2023,8,35.0,-118.0,0.1511453125,34.42263114375456,73.97930192191282,2.318391180695301,0.08197900716976449,235.3105890797451,0,0
2023,8,35.0,-117.0,0.1002046875,36.779963250314054,48.17058642756322,2.092906378357962,0.05833037822477274,240.99890002980828,0,0
2023,8,35.0,-116.0,0.1455328125,34.777090198762984,51.97229197610298,1.2649389626445264,0.06680914535317366,232.6262410497293,0,0
2023,8,35.0,-115.0,0.1639578125,36.31010611134193,41.525157712289484,1.307725054106188,0.0633763751035095,255.61107660178095,0,0
2023,8,36.0,-122.0,0.4932840909090909,27.18414121760186,3.465942834365251,2.044361492231052,0.12735069842942953,388.74275745315987,0,0
2023,8,36.0,-121.0,0.3356171875,34.30680020701503,6.482408692949804,1.6582802371812049,0.13742908739274542,482.4799264315516,0,0
2023,8,36.0,-120.0,0.4170609375,36.78794080518909,24.86269672762731,1.529000379255424,0.15435691033640211,498.89125023037195,0,0
2023,8,36.0,-119.0,0.428778125,25.550670403818952,95.00749929238239,0.5183969889529051,0.24131728884994338,541.8396890163422,0,0
2023,8,36.0,-118.0,0.16029375,31.52097376238917,92.60212707694748,1.0118276429132511,0.09948143555272006,205.78416355419904,0,0
2023,8,36.0,-117.0,0.1156390625,35.9787240289873,65.46689088817814,1.5808874074911523,0.0710264428328442,222.38506784196943,0,0
2023,8,36.0,-116.0,0.15803125,31.905219465686447,79.55080581259111,1.3087171250022236,0.10280593877197589,227.17256017494947,0,0
2023,8,36.0,-115.0,0.1396828125,35.36683655861888,37.07048118475953,0.9314304844145171,0.05785624987335611,236.31451115943491,0,0
2023,8,37.0,-123.0,0.584125,22.82007443827969,3.195774819591435,3.2665264078339686,0.10980127575576942,348.88568241149187,0,0
2023,8,37.0,-122.0,0.4822140625,29.295955263671082,3.03483630271136,2.8580811696937465,0.13219613467066088,361.15051293745637,0,0
2023,8,37.0,-121.0,0.4390234375,36.538380818213206,6.224382048362287,2.043616183159551,0.13561845626882324,419.9193799868226,0,0
2023,8,37.0,-120.0,0.439575,29.719867440192957,40.3794765787957,1.5411976536296672,0.2192872551179701,769.8721823981032,0,0
2023,8,37.0,-119.0,0.2903421875,22.018721391308727,79.65733933624009,0.9949110393094814,0.22046674611747902,363.1832933751866,0,0
2023,8,37.0,-118.0,0.15352968749999998,29.499701403033377,72.52354182664433,1.45227294079908,0.09318451535317199,211.08973515219986,0,0
2023,8,37.0,-117.0,0.17799062499999999,29.309246373945687,82.37832582917193,1.9671811867000304,0.1045657611021431,222.4783479468897,0,0
2023,8,37.0,-116.0,0.1584640625,30.286233582035212,58.44344136666635,1.574607511516826,0.09296357791910885,210.17899818252772,0,0
2023,8,37.0,-115.0,0.2117453125,31.877576161969117,49.57940996054688,1.503177763203257,0.10493910184470552,223.16156257875264,0,0
2023,8,38.0,-124.0,0.5442199999999999,24.026433087420752,1.2990884022303342,3.703235218539029,0.13736292760431973,931.3652341564497,0,0
2023,8,38.0,-123.0,0.4792484375,30.017804694944843,1.4483114554373344,3.1154922981316724,0.13435495829069483,694.0850582905114,0,0
2023,8,38.0,-122.0,0.4186265625,34.20793461338168,3.0302683207033,2.9872339527159446,0.13289417951337748,387.94600230176,0,0
2023,8,38.0,-121.0,0.536928125,31.565525904009437,18.498136041575464,1.6553369199225796,0.2035837590053517,979.9746760400012,0,0
2023,8,38.0,-120.0,0.4389671875,23.48942445478134,59.49805405352393,0.8642610816973462,0.26636139936344594,587.9097355064005,0,0
2023,8,38.0,-119.0,0.212771875,27.58982751754025,52.83307617891708,0.7045136221220594,0.10339476120087403,207.5851181289181,0,0
2023,8,38.0,-118.0,0.1582875,27.976401647444717,59.124341545516046,1.1977750141198882,0.08334435634715578,233.05846436414868,0,0
2023,8,38.0,-117.0,0.21234375,26.135656982852588,77.74265025172511,1.506657769619098,0.11774650312239118,206.95277431514114,0,0
2023,8,38.0,-116.0,0.1880140625,27.89186366450405,67.417363248655,1.2987516664770478,0.1581236306698091,216.10779513139278,0,0
2023,8,38.0,-115.0,0.260175,27.359157719150687,65.7302342205135,1.850062324277133,0.17794124798108168,211.98032284155488,0,0
2023,8,39.0,-124.0,0.68510625,30.108441355920633,7.824863850959929,1.8186819156980285,0.1522121570443594,1142.7994600962847,0,0
2023,8,39.0,-123.0,0.4732765625,33.79288375300748,10.376549869665297,0.7545014661912681,0.16701677537733503,946.330085862428,0,0
2023,8,39.0,-122.0,0.5385593750000001,36.15922125231838,7.857073176541718,1.5362852397317126,0.15747161674243143,593.8539863564074,0,0
2023,8,39.0,-121.0,0.642915625,28.022209362829912,35.11295684974769,0.8474836936430753,0.2931695759937327,1208.6249518906698,0,0
2023,8,39.0,-120.0,0.3367875,28.249887438743375,36.79946654837707,0.8187246625766103,0.1561322789038381,376.8112395191565,0,0
2023,8,39.0,-119.0,0.157225,30.998229829726707,41.787341082358154,0.6941489746140677,0.07432660524563119,231.6402813885361,0,0
2023,8,39.0,-118.0,0.2254046875,26.99232194039132,51.47000666137913,0.8726614849967851,0.09412021278053198,222.6686350768432,0,0
2023,8,39.0,-117.0,0.251390625,26.06785780691333,50.91587368760386,1.4644903717788629,0.09817210640958556,213.5261546354741,0,0
2023,8,39.0,-116.0,0.2580890625,26.251914942649126,52.43120699551085,1.633335509482531,0.1342232275393701,213.5987188667059,0,0
2023,8,39.0,-115.0,0.268153125,26.08888731771902,69.22406268667558,1.4671981856180425,0.17025337616602576,234.47809542994946,0,0
2023,8,40.0,-125.0,0.7300916666666667,20.658556778883906,2.171608594032253,4.198958822661533,0.13184095881745803,479.7483214901553,0,0
2023,8,40.0,-124.0,0.684346875,27.238153976009762,12.65963407594839,3.609326961922674,0.21558630338279144,975.051624700427,0,0
2023,8,40.0,-123.0,0.484734375,33.86808674873846,17.461560511851104,0.4218685548113524,0.24321820947431746,973.5514835920185,0,0
2023,8,40.0,-122.0,0.542296875,30.25898697606981,21.103037366533073,0.598542631671346,0.2281076763906786,1031.0416588326916,0,0
2023,8,40.0,-121.0,0.3793296875,27.882762688975202,25.439049195387753,0.9498464225051678,0.20712498407210067,755.1799905486405,0,0
2023,8,40.0,-120.0,0.16938125,29.544415484705304,26.56670062232891,1.029125326260516,0.06966177558386193,214.85023945569992,0,0
2023,8,40.0,-119.0,0.148815625,30.038566100212854,24.470956142881306,0.8914713320270048,0.050231705429733396,227.59609937202185,0,0
2023,8,40.0,-118.0,0.19714375,29.45083416200455,23.673372421303185,0.619133317345471,0.04491398892095008,213.595480308868,0,0
2023,8,40.0,-117.0,0.2280390625,28.991706774311705,29.433221867197545,0.7890354799660074,0.06519880025617533,214.44387582596391,0,0
2023,8,40.0,-116.0,0.2800765625,27.322857129189302,35.38741388719657,1.0529280134162464,0.15798898537953687,270.58570086956024,0,0
2023,8,40.0,-115.0,0.2409984375,28.575127827736665,28.232024595030936,1.1532431197127702,0.07005813108977446,219.4495954317972,0,0
2023,8,41.0,-124.0,0.7548933333333334,25.921036595170236,14.87620741490403,2.1845619512869656,0.21631008840946028,895.4194027516577,0,0
2023,8,41.0,-123.0,0.5625625000000001,29.111696230980673,23.567677786463292,0.5497251196766381,0.2631036446940514,1083.6168638197705,0,0
2023,8,41.0,-122.0,0.5485953125,29.811688810779227,18.44189836073795,0.9007796845762788,0.22968796504441125,916.5217542322353,0,0
2023,8,41.0,-121.0,0.358834375,27.994059634977788,26.977717721724304,0.822529003981883,0.136571051612977,488.93952975049615,0,0
2023,8,41.0,-120.0,0.23691718750000001,27.208318521130494,35.7685488032935,0.9846107900052916,0.0704597494294566,213.26252701692283,0,0
2023,8,41.0,-119.0,0.1656125,29.75983573082957,16.591453537234457,0.8748939512241324,0.03780280101683827,219.9302363442257,0,0
2023,8,41.0,-118.0,0.227765625,29.851462844110323,15.08522786561528,0.7483635678893041,0.0416805231443015,243.6973312869668,0,0
2023,8,41.0,-117.0,0.2567390625,28.262965589954028,21.184631701448353,0.7382630141671315,0.06658959228505368,256.8033670540899,0,0
2023,8,41.0,-116.0,0.2881625,27.0126884706559,30.94441521342972,0.6340404076624748,0.11074489226905243,299.44515915121883,0,0
2023,8,41.0,-115.0,0.257828125,27.988914731241064,32.194767691084536,0.6230597114645747,0.08457862850158442,251.2754964409396,0,0
2023,9,32.0,-117.0,0.336190625,27.992547289530464,12.908896020405791,2.1781604698584007,0.08387447330686777,333.5776508320123,0,0
2023,9,32.0,-116.0,0.21805,37.254738140106234,21.19310438519051,1.704357527148887,0.08656912975841094,300.9130163118243,0,0
2023,9,32.0,-115.0,0.163990625,37.80991323788964,30.73106478785803,0.9907298951003786,0.09178481234444509,283.9525619056076,0,0
2023,9,33.0,-119.0,0.3796125,23.08100992838544,9.740546400450967,3.3001390654624365,0.09302259021335176,165.0021579116583,0,0
2023,9,33.0,-118.0,0.38350249999999997,25.135591617160394,20.409795820815667,2.1594761770075834,0.11167914037351252,227.73800510913134,0,0
2023,9,33.0,-117.0,0.2980640625,30.592037773132343,23.34981254188051,1.7658028532578405,0.09766666988531744,346.61345463246107,0,0
2023,9,33.0,-116.0,0.1491328125,35.523234717051224,19.601198899351857,1.603166310255708,0.056244699160257955,235.61025166418403,0,0
2023,9,33.0,-115.0,0.1337859375,36.82876478036247,29.463324052073858,1.3673996712199048,0.05341471367412138,253.91550862696022,0,0
2023,9,34.0,-121.0,0.4459625,21.05286780463328,4.245901845498186,4.2885347177373445,0.13255710248593927,265.03773778676987,0,0
2023,9,34.0,-120.0,0.46440227272727275,23.82811890033763,6.232432624258447,4.902777332874064,0.140653936469595,508.8156208283071,0,0
2023,9,34.0,-119.0,0.4059596153846154,26.533584200215163,17.00367698045441,2.500478260889209,0.12018980871238596,356.4609122964052,0,0
2023,9,34.0,-118.0,0.3321953125,28.73805349667869,22.223521078728936,2.748079277898032,0.09226864079634343,270.7961335545406,0,0
2023,9,34.0,-117.0,0.2081125,30.27085790634158,14.140839277558825,1.8498250001202472,0.07482797735267212,308.46795393154025,0,0
2023,9,34.0,-116.0,0.0989125,34.00455186367037,21.181308020629785,1.0275261367492166,0.045871830317709146,191.52385648339987,0,0
2023,9,34.0,-115.0,0.115271875,35.687752040227274,31.253821504094503,1.1596114228671033,0.0559468355443742,244.46746380999684,0,0
2023,9,35.0,-122.0,0.4435625,23.14234517415366,1.954581643246911,2.151035028710732,0.14072087870703798,443.6207991093397,0,0
2023,9,35.0,-121.0,0.37611538461538463,25.166465628860358,3.0815278082583903,2.77663880425144,0.139610326935423,241.99793110482204,0,0
2023,9,35.0,-120.0,0.320440625,30.11377922693891,4.2130132753186444,1.4697559401551394,0.11491888893975148,291.37426312081516,0,0
2023,9,35.0,-119.0,0.3619046875,27.642402362823503,9.244639481210015,2.473254156665219,0.12115857402483617,302.6957748224959,0,0
2023,9,35.0,-118.0,0.1654765625,31.0744802395503,4.441001041584514,2.8006019291934816,0.03152081767717993,189.5228015491739,0,0
2023,9,35.0,-117.0,0.1123140625,32.77574361960096,31.659620170273683,2.3621568841056555,0.06064815355671771,186.17901648394763,0,0
2023,9,35.0,-116.0,0.1602875,30.807551407814046,29.914249487944744,1.3436015243149748,0.06076314581765063,181.21297238394618,0,0
2023,9,35.0,-115.0,0.170528125,32.34859399795534,19.784954198428295,1.4361810941475472,0.04680441717306769,206.9831321714446,0,0
2023,9,36.0,-122.0,0.48781363636363634,23.67283155653215,4.887674848792799,2.205725236144944,0.1267067923690333,286.21105223216796,0,0
2023,9,36.0,-121.0,0.3261515625,29.678231875101748,3.7370315369003038,1.853159094795336,0.13538897434870398,361.2068109214306,0,0
2023,9,36.0,-120.0,0.381875,32.5759688695272,8.741753230594895,2.063635319676312,0.13557963073253626,391.7251795064658,0,0
2023,9,36.0,-119.0,0.43189375,22.179563387235024,24.529317448639176,0.640269190002656,0.21125702361265816,412.2885512188077,0,0
2023,9,36.0,-118.0,0.1753625,28.30986917018893,8.346756742128036,1.185540752956268,0.03773039148913484,167.92126756627113,0,0
2023,9,36.0,-117.0,0.127965625,32.055245780944844,28.133368174337647,1.79090269879613,0.06095678342713245,176.27999233081937,0,0
2023,9,36.0,-116.0,0.16993906250000002,27.92356410821281,56.437269606419704,1.444488265811812,0.11367991069952643,173.7264801049605,0,0
2023,9,36.0,-115.0,0.1462453125,31.345412381490092,31.533738885798357,1.0630205135763695,0.06424087550905011,187.27208417840302,0,0
2023,9,37.0,-123.0,0.5790625,20.87362054189049,4.692248123490117,3.017718396058313,0.10994954771465726,284.26362993195653,0,0
2023,9,37.0,-122.0,0.4738703125,25.236335727903604,4.395443845642906,2.4820879482949865,0.13245052430364818,270.1894805844252,0,0
2023,9,37.0,-121.0,0.4075546875,31.19597495396934,8.0466801848047,2.2473459534449587,0.13945049113697472,311.9327734457329,0,0
2023,9,37.0,-120.0,0.43309375,25.303813807169625,32.13702333977153,2.021752912118558,0.21806912256611713,549.6421931311488,0,0
2023,9,37.0,-119.0,0.29276718749999997,18.68969646294914,30.05359001343777,1.2880542245482496,0.19117611447970068,278.44547329004854,0,0
2023,9,37.0,-118.0,0.1704140625,25.68975588480634,30.15440475081732,1.21000094354363,0.06616301337877904,161.31757001858205,0,0
2023,9,37.0,-117.0,0.2056390625,25.385899027188643,45.71426758428743,1.9517666966142664,0.09309791359636513,176.55086307786405,0,0
2023,9,37.0,-116.0,0.1721296875,26.122136489550293,37.50474244242241,1.3794536783303426,0.09567911426226294,162.8737369319424,0,0
2023,9,37.0,-115.0,0.22159375,27.648540027936324,36.06860857343008,1.6112703464191074,0.1001878248320685,178.15375071950257,0,0
2023,9,38.0,-124.0,0.5375650000000001,21.026408742268938,11.35072639098098,3.0020575394200604,0.153024116092258,668.882374962171,0,0
2023,9,38.0,-123.0,0.4838703125,25.560077714920066,4.564296043270133,2.626168185420902,0.13680050538645844,501.56775885261595,0,0
2023,9,38.0,-122.0,0.409271875,29.210253747304304,5.09379483645489,2.8640470207740765,0.13518668214480078,288.1751792738214,0,0
2023,9,38.0,-121.0,0.54386875,25.677978459994016,45.36466631924441,1.5898028254712824,0.2490840670135286,610.2490436751395,0,0
2023,9,38.0,-120.0,0.42907656250000004,18.927421410878527,47.68785956201782,1.1761864146404697,0.2763771755827798,399.9674099031836,0,0
2023,9,38.0,-119.0,0.2126484375,23.338194163640363,32.406383947261475,1.0353858759012555,0.07836451232433315,152.92470785789192,0,0
2023,9,38.0,-118.0,0.16890624999999998,23.507327365875263,42.76954271716704,0.9624012282709784,0.09149488906065618,168.94717793911695,0,0
2023,9,38.0,-117.0,0.2282046875,21.72459428310397,57.62358690498104,1.3597581969908312,0.1341202812062369,153.06101460009813,0,0
2023,9,38.0,-116.0,0.1994296875,23.57018445332847,31.854307799392245,1.263079690443926,0.12773300409317015,165.8534265588969,0,0
2023,9,38.0,-115.0,0.2649625,23.159884198506695,28.46502564733555,1.9210325865717413,0.13229359090328213,169.18041254393756,0,0
2023,9,39.0,-124.0,0.692534375,24.976354424158757,18.124825375878117,1.4892943502012377,0.16897153721915348,801.6923516988754,0,0
2023,9,39.0,-123.0,0.4741734375,28.194374521573412,12.75928836201956,0.8775940306535022,0.16570605668756694,677.9144597239792,0,0
2023,9,39.0,-122.0,0.48230625,30.39923057556154,15.501082696744106,1.6479115974216578,0.1646710246801376,418.88469574041665,0,0
2023,9,39.0,-121.0,0.6391296875,22.082149052619958,56.230945334561966,1.0331798434050492,0.34638261000315346,760.9364703530446,0,0
2023,9,39.0,-120.0,0.3265359375,23.401170746485416,31.601932420187495,0.9557525453917244,0.15161323812272812,267.08238280843943,0,0
2023,9,39.0,-119.0,0.1568984375,26.091234636306776,40.72201280740728,0.5270531443533372,0.0800952917999691,163.6054980335757,0,0
2023,9,39.0,-118.0,0.2338,22.010264921188377,56.8029871757858,0.8060794067000556,0.12295504278606835,160.0864432984963,0,0
2023,9,39.0,-117.0,0.2525,21.335017895698574,42.21775621061852,1.4009157458154256,0.09224255283673599,159.04917055740952,0,0
2023,9,39.0,-116.0,0.258296875,21.44985282421114,33.07407564369669,1.8458966376674173,0.11090685062938262,162.1963429497555,0,0
2023,9,39.0,-115.0,0.266415625,21.80534485181175,29.078224495776794,1.7011967247587312,0.11802190542221065,185.58585189748555,0,0
2023,9,40.0,-125.0,0.7348083333333334,18.476484199806507,36.553250887430345,2.596966242331816,0.16599023960254808,394.45645941628345,0,0
2023,9,40.0,-124.0,0.69631875,21.853306611379008,50.0278005458199,2.2904755803805585,0.2654719591140747,638.9166049193591,0,0
2023,9,40.0,-123.0,0.4982796875,27.129237731297838,43.79522316975226,0.4330405789340672,0.28680003517203856,624.2612290661782,0,0
2023,9,40.0,-122.0,0.5527984375,23.933677935600304,53.722773966171644,0.6741123889065397,0.2715023146735297,673.880934366025,0,0
2023,9,40.0,-121.0,0.3735859375,21.899008027712526,47.89901227576365,0.8156694839598188,0.24544724325338996,492.8854792378843,0,0
2023,9,40.0,-120.0,0.1690640625,24.00478755633039,27.87184581046631,0.934175256751486,0.07998838623364762,150.15509142540395,0,0
2023,9,40.0,-119.0,0.1515671875,24.656681418418906,24.75007046831479,0.9744279694728704,0.054859019319216364,160.81517469137907,0,0
2023,9,40.0,-118.0,0.2191671875,23.602513647079483,53.376098218166135,0.7276943151137722,0.09584719803598189,143.1885651545599,0,0
2023,9,40.0,-117.0,0.24881875,23.48056306044264,46.14701453482439,0.8900241170171462,0.09026636381944014,149.31657374836504,0,0
2023,9,40.0,-116.0,0.264903125,22.145959575970988,34.53496220407715,1.3469744397327916,0.1686658266517851,200.742500834167,0,0
2023,9,40.0,-115.0,0.23069062499999998,23.59315793514254,19.18404578117361,1.5527740748260477,0.06600346664587652,166.4682737318799,0,0
2023,9,41.0,-124.0,0.753775,20.55774124993221,65.09807264318397,1.5059133068867765,0.28186391959955664,605.9395907653703,0,0
2023,9,41.0,-123.0,0.57101875,22.107897663116482,48.25352556889584,0.3500304079630017,0.3102540148629082,684.1861343709752,0,0
2023,9,41.0,-122.0,0.555865625,23.252567291259787,34.36856116985609,0.7363531189782125,0.2555782579713397,616.0600061994046,0,0
2023,9,41.0,-121.0,0.356321875,21.892561395963053,38.76986197082033,0.6726067152998674,0.15461423926883272,340.98212292883545,0,0
2023,9,41.0,-120.0,0.2297609375,21.258450865745566,33.63259887208869,1.1226215104379529,0.08017367621262864,148.3998167095706,0,0
2023,9,41.0,-119.0,0.16702031250000002,24.041561834017457,20.348915652164123,0.9632029929887788,0.04591350489192534,152.28379471227527,0,0
2023,9,41.0,-118.0,0.245734375,23.860459089279203,32.035214182712934,1.0909654655792242,0.07737935649024111,166.4235251955688,0,0
2023,9,41.0,-117.0,0.2912109375,22.563543041547167,36.8203316431277,1.5982807153265253,0.09172571334573953,179.4779187766835,0,0
2023,9,41.0,-116.0,0.27030624999999997,21.60498571395876,32.81056956274142,1.0081014962694093,0.12545073396629752,217.51580608543009,0,0
2023,9,41.0,-115.0,0.257771875,22.561672870318112,26.876734624408982,0.9578172540226544,0.089110764198833,185.32963457982987,0,0
2023,10,32.0,-117.0,0.32280416666666667,25.92623469445015,5.53805986534428,1.289698890103162,0.07475643132322574,312.2624531388283,0,0
2023,10,32.0,-116.0,0.21714583333333332,32.62854427214594,0.15409710000824356,1.8332778448379927,0.06061672908003608,266.58636587671936,0,0
2023,10,32.0,-115.0,0.16530416666666664,33.932175470167614,0.03807572763037113,2.1527932087696167,0.05647631101710816,265.71200834587216,0,0
2023,10,33.0,-119.0,0.38278333333333325,23.095368096136298,3.3636842865831795,3.2024819700407945,0.0746444322729623,144.20977607369423,0,0
2023,10,33.0,-118.0,0.38974000000000003,25.532948299120857,7.6570691862788935,1.4607769801101576,0.09361527162640748,234.14784340808788,0,0
2023,10,33.0,-117.0,0.3056729166666667,27.98203441712166,4.062089837375993,1.349830879111091,0.07235023827962973,331.7998688435182,0,0
2023,10,33.0,-116.0,0.15332499999999996,31.28469754342112,0.0613506429232302,1.9290889050697664,0.03433122846388043,200.303940102458,0,0
2023,10,33.0,-115.0,0.1379208333333333,32.443543398764845,0.04388857747983362,1.9271366113856565,0.0187755377702815,224.83290522359312,0,0
2023,10,34.0,-121.0,0.42875,21.483507728576683,0.6839963619000855,4.130078020538488,0.12792912008087262,279.64428315560025,0,0
2023,10,34.0,-120.0,0.44608484848484853,23.030601837814512,1.2812085150765522,5.133671811760198,0.12268948034495937,545.1526750782223,0,0
2023,10,34.0,-119.0,0.40312051282051276,25.750832154910583,3.314418850710246,0.7798010997575691,0.09894317143673993,375.43249469345966,0,0
2023,10,34.0,-118.0,0.32364583333333335,26.89698812577035,4.2026755411512795,0.8822017258963869,0.068012814047516,271.71663276385516,0,0
2023,10,34.0,-117.0,0.19966041666666665,25.87087053175898,1.2956578296012822,1.8586551225865104,0.05681911815879161,271.3243692414835,0,0
2023,10,34.0,-116.0,0.1015895833333333,29.404729069432932,0.23273402008783248,1.8154921734923115,0.020389111452205157,159.92140478920192,0,0
2023,10,34.0,-115.0,0.11782083333333329,31.238086526624645,0.1479177747256699,1.6766046980416198,0.023621954584634394,213.88031903188676,0,0
2023,10,35.0,-122.0,0.4502666666666667,23.44510606335058,0.7843584765083733,1.9112329209483017,0.1393998079402472,447.8453267365694,0,0
2023,10,35.0,-121.0,0.3679358974358974,25.13383672128936,0.6086255005394255,2.4829105614770675,0.13776398152071873,240.59220943122338,0,0
2023,10,35.0,-120.0,0.3129125,26.995244921407416,1.743580448660964,0.7172374491019573,0.11372421665858193,241.56384728848934,0,0
2023,10,35.0,-119.0,0.35234791666666665,24.18937155046773,3.974149237606639,1.1231052651359428,0.11350622644988435,253.6046179011464,0,0
2023,10,35.0,-118.0,0.17408124999999997,26.232945422203333,0.14916225451599982,1.1364295477824211,0.024627426298715692,144.89702542778105,0,0
2023,10,35.0,-117.0,0.11676874999999998,27.828146683785242,0.34106103818487554,1.4949033294354852,0.023378982018398938,149.62316153105348,0,0
2023,10,35.0,-116.0,0.15676041666666662,26.077709985548474,1.312454465065116,1.656178866746181,0.024586834894713482,152.3363166488707,0,0
2023,10,35.0,-115.0,0.16026458333333332,27.5158579149554,1.0072824091054144,1.8664138913410548,0.02554600052936098,178.1747731147334,0,0
2023,10,36.0,-122.0,0.48637575757575763,23.48802817560013,3.2589978719295747,2.096667019062851,0.1354611055903032,274.0692996391744,0,0
2023,10,36.0,-121.0,0.31941458333333334,26.91693375495174,1.4036132499910536,1.3933799802501698,0.13463358661179897,291.31010465789586,0,0
2023,10,36.0,-120.0,0.35089791666666664,28.40535273398124,2.3504262801594678,1.3723018015298574,0.14424040881536337,303.68396604899317,0,0
2023,10,36.0,-119.0,0.41665416666666666,18.665954869793325,9.380608798224443,0.5282642328687321,0.18983123155050374,354.76999555248767,0,0
2023,10,36.0,-118.0,0.18061041666666663,23.091344997959776,2.4665948015041295,0.5316551599560883,0.029182874387310355,122.62757809367031,0,0
2023,10,36.0,-117.0,0.1309458333333333,26.878307014896052,0.9956923324949685,0.8748622881989983,0.024536079937411855,137.48250366188586,0,0
2023,10,36.0,-116.0,0.17521874999999998,23.64462281350169,2.01667402986061,0.742169253996603,0.03244328082248723,149.69111420214176,0,0
2023,10,36.0,-115.0,0.14649791666666664,26.419628038714027,1.7444400593973342,0.964173879217468,0.02842335002396692,157.02057420276105,0,0
2023,10,37.0,-123.0,0.55015,21.682758195938632,7.458781359005684,1.788096414067758,0.1250411669413248,282.31476712971926,0,0
2023,10,37.0,-122.0,0.45793333333333336,24.45066238526378,6.017803603692566,2.3228637952091,0.14343783943029284,252.02631760233393,0,0
2023,10,37.0,-121.0,0.3762770833333333,27.871931040671587,4.751987989280337,1.523128287229989,0.1391966173084833,234.2909185681492,0,0
2023,10,37.0,-120.0,0.41409375,21.8047444466622,5.994267297197098,1.2465459309021418,0.22630472016590894,469.17120611760765,0,0
2023,10,37.0,-119.0,0.2869354166666666,14.976738925134008,9.029196576435083,0.5417316331680173,0.1623287463700899,217.65428222715855,0,0
2023,10,37.0,-118.0,0.1747270833333333,20.220799272291142,13.125354192439431,1.1354999722539776,0.06189716086592721,114.36550528742373,0,0
2023,10,37.0,-117.0,0.20108125,20.57771503848417,6.569914055276627,1.154710780300804,0.04449021495798576,135.81988227088004,0,0
2023,10,37.0,-116.0,0.17029374999999997,21.588244364338568,1.9968338322229329,0.995515973071425,0.03428324159755497,132.66423682216555,0,0
2023,10,37.0,-115.0,0.21898124999999996,23.17794114082093,3.1056667223907652,1.0046162379728103,0.05104891715511196,149.04458087403327,0,0
2023,10,38.0,-124.0,0.57042,20.465853200932976,16.18803289523593,2.0934346153891923,0.192426286376078,597.6576668520768,0,0
2023,10,38.0,-123.0,0.49229375000000003,24.450884191451557,10.756993201781029,1.8672846941350096,0.16578131241183122,421.88614164479077,0,0
2023,10,38.0,-122.0,0.3922333333333333,26.84898195266726,11.918995530564302,1.4986197879493215,0.15439406774377307,229.59407209418714,0,0
2023,10,38.0,-121.0,0.54241875,23.168316644237905,21.87422989051413,0.8600503553660027,0.24391384278574296,614.3019053852186,0,0
2023,10,38.0,-120.0,0.40820416666666665,15.185562813666579,12.579055969823116,0.615930004659909,0.26559238760702064,329.4498013565317,0,0
2023,10,38.0,-119.0,0.2018583333333333,17.404987953555214,18.30468187223744,0.5629384337808123,0.10813487569491063,98.80913165397942,0,0
2023,10,38.0,-118.0,0.1651520833333333,18.00020098224766,11.21427654403817,0.9612896303671598,0.06984506723701309,118.77154209651053,0,0
2023,10,38.0,-117.0,0.22423749999999998,16.82355774141129,14.054731001365894,0.8478546644416772,0.08640195156938281,109.7878129221499,0,0
2023,10,38.0,-116.0,0.19142499999999996,18.624378968823365,8.61729122813415,0.9358832945742288,0.08114352565939704,126.47248001303524,0,0
2023,10,38.0,-115.0,0.25808333333333333,18.33094692537864,6.315399428117985,0.5226413056164241,0.08712698535252637,127.57649994455278,0,0
2023,10,39.0,-124.0,0.6797000000000001,22.730261713458667,33.8955079216845,0.7524680704404495,0.24407005438240623,602.3119138553739,0,0
2023,10,39.0,-123.0,0.46263333333333334,24.328112489946445,29.45738611857962,1.01377766501393,0.2290469222171332,507.02145881950855,0,0
2023,10,39.0,-122.0,0.4436333333333333,26.581063327481694,25.5184748687185,0.8368955095217785,0.20523479164287606,339.16169940494,0,0
2023,10,39.0,-121.0,0.6265541666666667,19.461622195090037,25.781118544969672,0.7910876556627141,0.33901114649670094,708.9288047282025,1,1
2023,10,39.0,-120.0,0.30836874999999997,17.80745651183593,9.634284536574,0.449401637975503,0.13920076335630108,191.84237159788609,1,1
2023,10,39.0,-119.0,0.1507333333333333,19.395897006988545,13.577188831973785,0.3826139562415759,0.07233613921749973,104.79203041177243,0,0
2023,10,39.0,-118.0,0.23496458333333328,16.444742505781132,17.019113061238045,0.2994967378336007,0.10596597451035691,105.35538604017347,0,0
2023,10,39.0,-117.0,0.2432958333333333,15.744104588416345,19.41137621294331,0.8404784534657942,0.10537299770180894,104.01138139422983,0,0
2023,10,39.0,-116.0,0.24287916666666665,16.288199597020327,16.996224877644295,0.9294189901877532,0.09659009787344161,110.77239154838026,0,0
2023,10,39.0,-115.0,0.24975416666666664,16.56497857186104,13.708698098767513,0.5203755305286014,0.08961859409527109,133.92233988270164,0,0
2023,10,40.0,-125.0,0.7590777777777777,17.34332028734218,44.596826089662365,1.4511017179229309,0.28302709404000814,292.2030331359969,0,0
2023,10,40.0,-124.0,0.7079895833333334,19.638840216975076,46.5245514653958,1.3186174476996642,0.3438019287842576,454.2118371464312,0,0
2023,10,40.0,-123.0,0.5099,23.04930859534974,24.183029310066217,0.903910533598925,0.3197340279497126,455.9046310605481,0,0
2023,10,40.0,-122.0,0.5567562500000001,19.970249217556386,22.992195562679285,0.916663843973888,0.3064660583772967,520.5881684087217,0,0
2023,10,40.0,-121.0,0.3865166666666667,16.956691914220034,14.40295111503076,0.7767544279208086,0.2415341754113474,359.80967129580677,0,0
2023,10,40.0,-120.0,0.16796874999999997,18.02867857410063,10.758504971150273,0.3158625612490644,0.06072307049587203,96.06115729548037,0,0
2023,10,40.0,-119.0,0.15526874999999996,17.693300957833586,17.904808978769893,0.5793334989768795,0.06921862562497454,95.60485486872494,0,0
2023,10,40.0,-118.0,0.23440416666666664,16.858048726666375,22.346266779337043,0.427141262714258,0.1014090029783146,83.08798994403332,0,0
2023,10,40.0,-117.0,0.25971875,16.398229248293003,19.69185471649837,0.4392539287712362,0.10403958507763438,85.97477059811354,0,0
2023,10,40.0,-116.0,0.24884166666666663,15.60039716689819,28.013512260500306,0.6518329112852871,0.18571621724354323,122.0024301437661,0,0
2023,10,40.0,-115.0,0.21716249999999998,16.86825872544322,13.644409367103094,0.7561843962304907,0.06537615483806974,104.71752320881933,0,0
2023,10,41.0,-124.0,0.7395755555555555,18.277917860571232,61.84037672470879,0.8829328700574767,0.3690666230633552,411.078651001056,0,0
2023,10,41.0,-123.0,0.5735520833333334,18.4523622482054,29.04630359377336,0.7918471709998968,0.3516430585615096,465.0373843032867,0,0
2023,10,41.0,-122.0,0.551425,18.84075467355792,22.8222864691503,0.8279680358323596,0.2902397619139763,428.19476570002735,0,0
2023,10,41.0,-121.0,0.358275,16.93245752703761,24.697896792773122,0.7927231239268886,0.18784371146591758,226.4202581718564,0,0
2023,10,41.0,-120.0,0.22694999999999999,15.578614261073465,18.529319438371772,0.6800756796324415,0.08149140079816179,92.54050930030644,0,0
2023,10,41.0,-119.0,0.17306666666666662,16.936132710979855,21.216410679031128,0.5526191675074728,0.07998142479568394,84.40101786982268,0,0
2023,10,41.0,-118.0,0.2617875,16.519132817176096,27.726746398244018,0.7028816478490704,0.10746699122972382,90.76481487136334,0,0
2023,10,41.0,-117.0,0.3142083333333333,15.075114660878356,29.718816048685426,1.3084011143148548,0.14010854241668536,96.51307854801416,0,0
2023,10,41.0,-116.0,0.26039583333333327,14.672200490582394,31.40731738064062,0.8757615417587947,0.1555650214995107,124.5388489915058,0,0
2023,10,41.0,-115.0,0.24992916666666665,15.526233783845004,22.82570907961201,0.910022257638738,0.10478089894017861,112.46489430777729,0,0
2023,11,32.0,-117.0,0.32916249999999997,20.572742509841945,21.787742466280235,1.0739422963673344,0.11346753107176884,222.04726259224117,0,0
2023,11,32.0,-116.0,0.227721875,24.529232343037947,9.924402308264746,1.847706906013568,0.08474094933933676,169.96948886662722,0,0
2023,11,32.0,-115.0,0.18113125,26.15545045534772,4.0284579960498945,2.288196165049602,0.06292480362786183,189.87538269720972,0,0
2023,11,33.0,-119.0,0.37911249999999996,20.927644729614286,20.22900882790424,1.5961095068755915,0.12073059082031244,103.63399796187878,0,0
2023,11,33.0,-118.0,0.3927775,22.264959648980057,30.791465847988302,0.5740662086616803,0.13969243844350174,184.0449709445238,0,0
2023,11,33.0,-117.0,0.3167390625,21.228462068239867,19.56762963587977,1.2405150132375995,0.10788124766614698,222.04695420805365,0,0
2023,11,33.0,-116.0,0.158440625,23.325821391741457,7.913004454771055,1.7673147936466294,0.04803398085965047,123.38586512487382,0,0
2023,11,33.0,-115.0,0.1408578125,24.5904804547628,5.766793001988901,2.5360006050009543,0.02729920976691771,151.14373911637813,0,0
2023,11,34.0,-121.0,0.422175,19.112846480475554,31.246350925961508,1.472614904303963,0.18388217775909985,229.49881401533884,0,0
2023,11,34.0,-120.0,0.4376772727272727,18.755239559905718,19.101625918194483,1.894356329046249,0.16285280490965148,394.1088314309265,0,0
2023,11,34.0,-119.0,0.3938673076923077,20.00384730151578,17.812150235045557,1.3371618432713694,0.1304878165579249,272.8032759653452,0,0
2023,11,34.0,-118.0,0.316884375,20.59110782146456,18.946763208681716,0.8623380499060458,0.09970215823915266,190.89990039356053,0,0
2023,11,34.0,-117.0,0.195434375,18.561254159609504,6.213976616585626,1.610178344631686,0.06541707747512389,174.62942749261856,0,0
2023,11,34.0,-116.0,0.102690625,21.210336343447395,5.87452583628334,1.665788960078748,0.03094960881604085,95.5893243663013,0,0
2023,11,34.0,-115.0,0.1186015625,23.14492737452191,7.766127201342954,2.0267741330256555,0.03557033903068961,135.71314711589366,0,0
2023,11,35.0,-122.0,0.4672625,19.053973770141624,67.08728972504474,0.7828800338972256,0.23375591701931414,286.2731786444783,0,0
2023,11,35.0,-121.0,0.3664,20.140583569779377,32.54223855228698,1.0617564284605434,0.20049555960543808,171.69654584274844,0,0
2023,11,35.0,-120.0,0.303125,20.70337365468346,8.191690628031267,0.7145986380894009,0.12943256696065264,154.09814182203263,0,0
2023,11,35.0,-119.0,0.3397578125,17.892639104525276,8.314119499722494,1.166957371980111,0.12113228572739491,171.35766614228487,0,0
2023,11,35.0,-118.0,0.173146875,18.481755518913296,2.68773928898014,1.1777807667120437,0.029415071010589558,84.61023541167378,0,0
2023,11,35.0,-117.0,0.115940625,19.56749054590863,4.092995856503023,1.1647469922594045,0.030705267190933187,85.3833748260513,0,0
2023,11,35.0,-116.0,0.1513640625,18.095785109202083,5.768205818334593,1.85986715596002,0.035116321179601846,87.81806961633265,0,0
2023,11,35.0,-115.0,0.15549375000000001,19.45463859240217,7.262256542766465,2.21772140693096,0.03920280536015824,106.93147708661854,0,0
2023,11,36.0,-122.0,0.47806818181818184,18.66614401075577,43.57055923498879,0.8448623769291951,0.20218225344262938,193.11442068128875,0,0
2023,11,36.0,-121.0,0.3071578125,20.077484122912107,26.409111997658385,0.7680442056129473,0.19320395555761122,177.6174249825999,0,0
2023,11,36.0,-120.0,0.3289265625,21.329892849922206,18.195227334821595,0.762355228693156,0.17479458285702595,184.24881738610566,0,0
2023,11,36.0,-119.0,0.402103125,12.319259770711284,21.656871621111407,0.7667764217621384,0.21500932011339396,224.56973302178085,0,0
2023,11,36.0,-118.0,0.177409375,15.166390887896242,7.7289995612446205,0.7325185293501387,0.04729780488544036,64.51866962015629,0,0
2023,11,36.0,-117.0,0.1306234375,18.39748747348787,5.123362491453065,1.2789356545856516,0.03359133601188655,74.76775592658669,0,0
2023,11,36.0,-116.0,0.178940625,15.647991402943948,9.54713913294114,0.937665841811579,0.05432749523056874,81.65876904968172,0,0
2023,11,36.0,-115.0,0.144734375,18.104013705253617,7.707713485309853,1.449155953639882,0.04465834034813771,87.23622374236584,0,0
2023,11,37.0,-123.0,0.54819375,17.7725989341736,46.01244426945783,0.6461694157306576,0.2032385733392503,200.98617812618613,0,0
2023,11,37.0,-122.0,0.4565578125,18.9467287513945,37.203057206471144,1.3095438539130166,0.2091745852320282,171.52575333602726,0,0
2023,11,37.0,-121.0,0.365925,20.960991390546187,26.5571077694986,0.7378415256885229,0.18817775746186569,137.989123002626,0,0
2023,11,37.0,-120.0,0.400584375,15.111188817024257,50.727008922571315,0.8870222280249804,0.2751783129241731,300.0561851076782,0,0
2023,11,37.0,-119.0,0.273628125,7.952749220530222,21.568370597982778,0.7988546534822336,0.18552207516299352,121.79476616438478,0,0
2023,11,37.0,-118.0,0.17041875,12.672781523068767,3.8462184244636433,0.9823235658283732,0.03936416473653576,62.504362664185464,0,0
2023,11,37.0,-117.0,0.1879578125,13.124828521410645,4.692795301401986,1.2839615444047463,0.04257611698574486,76.1048203567043,0,0
2023,11,37.0,-116.0,0.16558124999999999,13.791538683573425,7.81615226211585,1.2845408535066365,0.05362304382854032,70.95400057733059,0,0
2023,11,37.0,-115.0,0.21810625,14.877460447947204,14.348316785493864,1.4708317645643996,0.09362424612045284,78.46786279696971,0,0
2023,11,38.0,-124.0,0.60998,16.486947920057514,84.23381178011434,1.1501420880313156,0.27947351950186267,431.1335127800703,0,0
2023,11,38.0,-123.0,0.528378125,18.316828354199753,62.76602259519137,0.7260739514794017,0.24973251024881996,253.47122189123183,0,0
2023,11,38.0,-122.0,0.386540625,19.73967208067578,40.852765167677774,0.8323018006506693,0.2243476937214533,136.28455391153693,0,0
2023,11,38.0,-121.0,0.5479640625000001,16.49153479735059,78.41740370410122,1.0183017279665063,0.3360779179467095,395.2756791841239,0,0
2023,11,38.0,-120.0,0.3795,7.874298191070572,48.18016647974588,0.9660409887214606,0.320703794227706,181.51881371159106,0,0
2023,11,38.0,-119.0,0.196921875,10.740876483917265,6.6546083768699305,0.6979238687672819,0.06486817300319668,55.82343169953674,0,0
2023,11,38.0,-118.0,0.159546875,10.690127285321573,5.829342954406513,0.6085528910797477,0.05080341762966576,66.45504874177277,0,0
2023,11,38.0,-117.0,0.2181328125,9.813506809870429,8.239384122738613,0.5597810252222969,0.0642191910081439,58.96866961847991,0,0
2023,11,38.0,-116.0,0.186640625,10.958100366592426,9.39967002401687,0.5938955953742878,0.0978420277436574,64.33766055852175,0,0
2023,11,38.0,-115.0,0.2610734375,10.512547890345282,17.928451380306853,0.556276260651803,0.14784017370806796,63.70182451792061,0,0
2023,11,39.0,-124.0,0.69258125,16.388614765803048,101.62715598622896,0.5881766805260766,0.3232560879654354,346.6633427888155,0,0
2023,11,39.0,-123.0,0.477,16.699687719345118,72.05957508327998,1.1179087766432945,0.29499473041958274,277.08393381908536,0,0
2023,11,39.0,-122.0,0.4186515625,19.191369922955854,55.391537804702295,1.1317302355908878,0.26567247807979577,201.41552342101932,0,0
2023,11,39.0,-121.0,0.6180265625,12.276594638824477,106.98693579676188,1.095791130587718,0.42611651188797417,399.4810968870297,0,0
2023,11,39.0,-120.0,0.2989890625,10.239484572410607,23.40993246676959,0.6268043223246054,0.1819198671314451,100.40909284725785,0,0
2023,11,39.0,-119.0,0.146025,12.01027805805208,8.948600465977563,0.5691463260136312,0.055354271001285926,56.73982040025294,0,0
2023,11,39.0,-118.0,0.2299390625,9.61870338122052,14.27502705397643,0.6448640481284857,0.09078654017713329,56.133140227757394,0,0
2023,11,39.0,-117.0,0.23445156250000002,8.86150139172874,11.103244579011573,0.673371136112425,0.0775372806522581,56.140928412787616,0,0
2023,11,39.0,-116.0,0.2354203125,9.080732035636924,9.530331088775768,0.7387728545121353,0.08773140112558997,59.572639525868,0,0
2023,11,39.0,-115.0,0.23620625,8.94099782307945,15.2504368094597,0.8200333593273263,0.1129559132787916,66.81652425322682,0,0
2023,11,40.0,-125.0,0.7857,14.969974009195994,128.9251433819195,0.7982945812760748,0.3647502228065773,209.23358905646535,0,0
2023,11,40.0,-124.0,0.7238687500000001,13.97420307795209,120.50153835358657,0.8563926119136405,0.407294621070226,244.73316280636936,0,0
2023,11,40.0,-123.0,0.5259046875,15.451078605651876,83.0505051059518,0.986112956255942,0.3887255158689287,231.36145062744617,0,0
2023,11,40.0,-122.0,0.5637203125000001,12.596664142608667,74.62195873873867,1.1539767302732655,0.36834429005781805,276.3680655043572,0,0
2023,11,40.0,-121.0,0.4168046875,8.989843368530295,33.3551972513888,1.1485599284876522,0.3047075182199478,172.19366098288447,0,0
2023,11,40.0,-120.0,0.16938125,10.10438428719841,14.641021226147188,0.4823675561242776,0.09300965037610791,46.346825547516346,0,0
2023,11,40.0,-119.0,0.1597671875,10.112439616521218,15.322022919157519,0.7049643868865051,0.07728969918356998,48.77598024904728,0,0
2023,11,40.0,-118.0,0.234653125,9.675296099980695,17.59818181077577,0.5262359144068784,0.09541289044751057,42.60749986860901,0,0
2023,11,40.0,-117.0,0.24930312500000001,9.13625218868258,19.820882786611094,0.7510913110228778,0.09825872381528214,43.732391903176904,0,0
2023,11,40.0,-116.0,0.21329375,7.997377189000471,22.50868718753196,0.918819915416294,0.202200992570983,60.090541606768966,0,0
2023,11,40.0,-115.0,0.200978125,8.810053054491696,16.723541623527183,1.1135491746175248,0.08816382785638169,47.95531858690083,0,0
2023,11,41.0,-124.0,0.7262166666666666,12.889938727484832,129.46288291046955,1.089824846260154,0.416272949995818,234.03311599459911,0,0
2023,11,41.0,-123.0,0.56749375,11.104070719083179,76.83929622786678,0.7754125695828538,0.41042609512805933,222.83097950275987,0,0
2023,11,41.0,-122.0,0.5573078125,11.200850820541401,59.47397424521483,1.158276905185698,0.3629439880450567,205.12837008573115,0,0
2023,11,41.0,-121.0,0.369790625,9.446004573504155,36.1502597449217,1.364413819421258,0.25678957965638904,114.09782571718097,0,0
2023,11,41.0,-120.0,0.223,8.271184158325223,21.460520184213294,1.4597595264234595,0.13881290223863385,42.89511777460575,0,0
2023,11,41.0,-119.0,0.1794359375,9.508057363828048,15.15793459171988,0.9946574558463636,0.08374513255225283,43.870362802408636,0,0
2023,11,41.0,-118.0,0.259121875,8.989168071746846,23.56979934180714,1.088837005857909,0.13632984724309705,46.708943671546876,0,0
2023,11,41.0,-117.0,0.27649687500000003,7.53806354204816,30.453250358426942,2.0653976764693005,0.17551314499643111,48.81229088641703,0,0
2023,11,41.0,-116.0,0.2069078125,6.851026829083786,28.8736259905491,1.079854622825293,0.18986076480812492,59.921189211308956,0,0
2023,11,41.0,-115.0,0.2241140625,7.288150485356677,22.173818747127427,1.109843771489717,0.12118331061469179,52.010591607540846,0,0
2023,12,32.0,-117.0,0.3592125,18.128953244609235,24.583747630778422,0.9727802295016952,0.13687075338056007,165.86915240623057,0,0
2023,12,32.0,-116.0,0.244896875,20.616716772510173,21.7852299304937,1.2668199246184295,0.11721133224425773,110.27171462774277,0,0
2023,12,32.0,-115.0,0.20327499999999998,21.31997748651814,43.67113487965213,1.8425168805393697,0.12831406888141422,117.67348134890199,0,0
2023,12,33.0,-119.0,0.391525,18.18446724184099,66.09089628032194,1.3193189544781676,0.1761386522682764,68.18128377199173,0,0
2023,12,33.0,-118.0,0.41313500000000003,19.114961394443327,47.04234543116239,0.5914736460513025,0.18775603540482055,119.41723364094892,0,0
2023,12,33.0,-117.0,0.33525,18.236303986272524,24.45779090917455,1.0908572708375242,0.1343616535586695,164.42337399348617,0,0
2023,12,33.0,-116.0,0.1660078125,19.490749954408233,22.652353878903853,1.395241123146898,0.0857886813020193,74.08795412629843,0,0
2023,12,33.0,-115.0,0.14825625,19.793753042528724,36.71592522582756,2.218352804567801,0.08966695333039884,92.05145400483161,0,0
2023,12,34.0,-121.0,0.4618,17.08065115815853,109.91019586892274,1.937353793049394,0.25090214556690615,199.6517943528791,0,0
2023,12,34.0,-120.0,0.4713477272727273,16.348114983939954,72.22399285515584,2.171748324705744,0.21907837066948702,279.2283167893236,0,0
2023,12,34.0,-119.0,0.4063019230769231,16.970188306835308,65.18984999964444,1.362778748809071,0.1829623785563201,185.2318146863045,0,0
2023,12,34.0,-118.0,0.32819375,17.350954189608196,36.470705430794226,0.9175915925772076,0.13555989855079237,132.13923864532262,0,0
2023,12,34.0,-117.0,0.2005046875,15.535380281940608,11.968592900622355,1.4471257106569524,0.08288713905119123,122.18704435508698,0,0
2023,12,34.0,-116.0,0.10518593749999999,17.56901167592697,11.074636384684311,1.5181254066253438,0.051554353326879465,61.868847464211285,0,0
2023,12,34.0,-115.0,0.121640625,18.918993822220855,21.559791426945196,1.7358491578848725,0.07241089626025123,84.86927312333137,0,0
2023,12,35.0,-122.0,0.5345875,16.24194913064281,138.93093682995783,0.8647588583114438,0.3229954550343175,179.1586121544242,0,0
2023,12,35.0,-121.0,0.4110711538461539,17.05707326215395,87.98615742740533,1.269971624796589,0.268202951403403,117.13056075267303,0,0
2023,12,35.0,-120.0,0.32613125,17.008484243577556,34.963352858859764,0.7931200519166275,0.19143556138520595,92.7007197169587,0,0
2023,12,35.0,-119.0,0.3439421875,14.97208397157733,33.69592318481551,1.183974552297039,0.17236072690256177,107.58598172105849,0,0
2023,12,35.0,-118.0,0.1796375,15.1170036823519,18.69094373828517,1.0817129474118463,0.07556932427549871,48.67448995355517,0,0
2023,12,35.0,-117.0,0.1198546875,15.903547613082413,11.899936731744276,0.8867477016020042,0.05195200315085786,51.26339115668088,0,0
2023,12,35.0,-116.0,0.149615625,14.92519054412844,11.251933194536434,1.7564037824840733,0.05272276170792114,55.8792824158445,0,0
2023,12,35.0,-115.0,0.155390625,15.931899450671317,8.552683072004186,2.100128929018794,0.04740062355995174,70.13367430772632,0,0
2023,12,36.0,-122.0,0.4971818181818182,15.863499244100792,94.14931624394909,0.7981869440452851,0.2780040386407528,122.10192102374452,0,0
2023,12,36.0,-121.0,0.3233515625,16.51793519450775,65.86617000571238,0.7878872019241646,0.25653703014055884,102.31975046917796,0,0
2023,12,36.0,-120.0,0.342640625,17.609237527847316,47.02716439201282,0.7792570219684339,0.22219369103831624,109.45422551594675,0,0
2023,12,36.0,-119.0,0.375065625,9.947117177901742,36.242675522181855,0.974150696500054,0.2865881339837146,151.96898789145052,0,0
2023,12,36.0,-118.0,0.171734375,12.637222908389212,15.426687683749662,0.7253884415411568,0.08245822306602228,38.80857804324478,0,0
2023,12,36.0,-117.0,0.13345625,15.584911080329672,9.291560642260777,1.1933939511803906,0.04729712522158054,47.09324904251844,0,0
2023,12,36.0,-116.0,0.183234375,13.215397684035779,7.31634420512961,0.9940022779752032,0.05138727605983771,54.22921385616064,0,0
2023,12,36.0,-115.0,0.1436609375,15.007237783555084,3.636713858533369,1.5030121348122047,0.03645984812449378,54.63819939177483,0,0
2023,12,37.0,-123.0,0.56716875,15.060302875887999,103.12590331009375,0.2033604100502754,0.32074885342710757,112.89514368399978,0,0
2023,12,37.0,-122.0,0.49238906250000003,15.79082950776625,85.52595136857377,0.622530517303116,0.28749185672370337,99.44013261701912,0,0
2023,12,37.0,-121.0,0.402103125,17.05340833356306,74.65727466328786,0.7085228612020127,0.247336208820343,77.18841859605163,0,0
2023,12,37.0,-120.0,0.4121375,12.312705581418953,64.75124393760012,1.09376062093674,0.3393947635927508,192.8187640151009,0,0
2023,12,37.0,-119.0,0.2321015625,5.931248814059867,24.724869310695397,0.9427209198133938,0.27900227135227573,78.3407575218007,0,0
2023,12,37.0,-118.0,0.1668453125,10.514399093197259,7.5088532379155035,0.8461000806121057,0.056756172449358,38.37007039692253,0,0
2023,12,37.0,-117.0,0.184490625,10.957907956646356,3.8492228107784854,1.343045987622431,0.043608139599523185,50.97091034986079,0,0
2023,12,37.0,-116.0,0.165209375,11.453794451682821,1.3999510759745704,1.3341160847194622,0.03971893140064767,47.74291557259858,0,0
2023,12,37.0,-115.0,0.2195453125,12.25097941121749,2.627213505867587,1.7513035721415895,0.06930214006413692,52.34643642324954,0,0
2023,12,38.0,-124.0,0.643305,13.959597679876527,210.64790467591433,0.5831056738278598,0.3613310711358183,258.1362010290225,0,0
2023,12,38.0,-123.0,0.5832406250000001,15.011437080752494,172.50946212730156,0.447100979978169,0.34382701176469044,126.11513130832464,0,0
2023,12,38.0,-122.0,0.41262031250000003,15.916209577745025,112.75638525544451,0.8875704968068984,0.30683792502649365,65.59260550420731,0,0
2023,12,38.0,-121.0,0.5731234375,13.580783285633235,99.51076775028156,1.1392245838463158,0.385834760883803,239.73596328869462,0,0
2023,12,38.0,-120.0,0.34334375,6.029825052138328,42.46482650919603,1.1177557421558812,0.3830603748880407,116.06105894315988,0,0
2023,12,38.0,-119.0,0.19596875,8.921206131289107,5.02190810798453,1.0399984699866924,0.07989749793083434,33.78788148984313,0,0
2023,12,38.0,-118.0,0.15251718749999998,8.643295337307862,5.311267703611122,0.9310526016549996,0.06598273560564999,42.96823404729366,0,0
2023,12,38.0,-117.0,0.21757656250000001,7.604665882356734,5.846137899744974,0.5808624825510748,0.07928062895292871,37.448283983394504,0,0
2023,12,38.0,-116.0,0.1862828125,8.487549923312294,1.8137132486586438,0.6931174081632417,0.09618272127643704,41.062653181143105,0,0
2023,12,38.0,-115.0,0.2677390625,7.58084249804099,2.6983458286409245,0.7435987241267952,0.1641222828177995,38.824340561404824,0,0
2023,12,39.0,-124.0,0.72523125,13.337794491552572,195.08429059929,0.7407131866033947,0.3809363374146082,176.3964130077511,0,0
2023,12,39.0,-123.0,0.517353125,13.321483807409987,175.60393481685566,0.7204944125582275,0.36672574057373947,131.37078494764864,0,0
2023,12,39.0,-122.0,0.41000625,15.420776424100339,136.85630007817196,1.133824162351826,0.33543602721665494,102.82805620227009,0,0
2023,12,39.0,-121.0,0.5908734375,9.707123282647924,112.1334133407359,1.1159514627579776,0.46645122798540256,224.2900193668902,0,0
2023,12,39.0,-120.0,0.2857828125,7.591962948153121,24.60361739790784,0.8457464194346476,0.2540201653716384,55.29714049771428,0,0
2023,12,39.0,-119.0,0.1413515625,9.593796487008401,7.643840063202845,0.9090289364162256,0.08436444401741021,33.50639250129461,0,0
2023,12,39.0,-118.0,0.21170625,7.339979843939528,12.697486460048424,0.9966423823728178,0.1604567093233908,30.985942110419273,0,0
2023,12,39.0,-117.0,0.2343703125,6.773859980798562,7.491249378610121,0.8109715711238029,0.11560492521973062,34.98469165060669,0,0
2023,12,39.0,-116.0,0.24281875,6.5476646684831366,5.337591303351985,0.7288282486175782,0.1209830958997049,37.29415452107787,0,0
2023,12,39.0,-115.0,0.2350140625,5.830215226450296,4.606891443792449,0.9149346574421592,0.17781409172601592,40.97139474470168,0,0
2023,12,40.0,-125.0,0.7810333333333334,13.362280125771804,227.89751197071223,2.000646263914959,0.39102633509299806,200.70676629741988,0,0
2023,12,40.0,-124.0,0.72216875,11.336574019155215,208.97726064718114,1.780193668353811,0.4323348380545134,147.8488560533151,0,0
2023,12,40.0,-123.0,0.5459046875,11.70568473415992,201.32019605657803,0.6833606245398235,0.43847218187906406,103.75317756552249,0,0
2023,12,40.0,-122.0,0.5635734375,9.287114261811801,146.4665688311939,1.40787066872956,0.422561865660452,132.25590623915195,0,0
2023,12,40.0,-121.0,0.39382656250000003,5.684392655280352,42.86809779873835,1.442851572156229,0.3720323597231219,84.37508973293006,0,0
2023,12,40.0,-120.0,0.169346875,6.874255891000097,16.656516372997032,0.4762259987931594,0.1560005122615445,24.294076371006668,0,0
2023,12,40.0,-119.0,0.162775,7.0441920018965405,13.759022366095053,0.6741890072867205,0.13118647471550968,25.285794166848063,0,0
2023,12,40.0,-118.0,0.229971875,6.424907125965262,17.96371445229994,0.5632601600233912,0.20701582297202076,20.26269061025232,0,0
2023,12,40.0,-117.0,0.247509375,5.056746601289348,21.699415540162192,1.0234168669360453,0.26478690133299876,19.136253860779107,0,0
2023,12,40.0,-116.0,0.194246875,2.62995765593746,30.742079505536424,1.206578278567865,0.37905936503923066,19.567562616430223,0,0
2023,12,40.0,-115.0,0.1926625,4.228809405911374,10.42147075927602,1.0491600754541637,0.19280994451174166,22.474322584457695,0,0
2023,12,41.0,-124.0,0.6808333333333334,10.433227511717018,243.58625590971454,2.5338772953156656,0.4392951340943112,154.35711964964867,0,0
2023,12,41.0,-123.0,0.519671875,7.571103345194192,179.2202969284986,0.9102527073527772,0.4606630766904482,88.24611862655729,0,0
2023,12,41.0,-122.0,0.550209375,7.732867044018182,117.24262151106046,1.8334024109019915,0.435677073976045,84.55816435161978,0,0
2023,12,41.0,-121.0,0.3589546875,6.240327384395005,49.52009769326793,1.963969594819044,0.3406471824774178,61.29127379972488,0,0
2023,12,41.0,-120.0,0.205775,5.015585294846591,24.660537272531258,1.994162273769132,0.23148994291982342,20.156006095930934,0,0
2023,12,41.0,-119.0,0.17895625,5.624093189547164,15.782745342541205,1.1314236725876925,0.16610851499342144,20.164589979685843,0,0
2023,12,41.0,-118.0,0.244703125,4.7557861758816955,23.402099983606206,1.1193874202613194,0.2521496232478849,19.20198812149465,0,0
2023,12,41.0,-117.0,0.24119218750000002,2.5153854770045463,35.944312831226455,2.253557539317651,0.3043912027471809,15.222833375446498,0,0
2023,12,41.0,-116.0,0.1413875,0.18126060424314264,42.13187845594035,1.4294200516315316,0.34806579735971266,14.687689486891031,0,0
2023,12,41.0,-115.0,0.19266250000000001,0.8146591524924212,23.24293509295927,1.1981766088814865,0.28655836755229575,15.966095146723092,0,0
